{
	"credit": "Made with Blockbench",
	"texture_size": [256, 256],
	"textures": {
		"0": "littleroom_lillith:lillith_meteor",
		"particle": "littleroom_lillith:lillith_meteor"
	},
	"elements": [
		{
			"from": [-16, -16, 0],
			"to": [11, 11, 32],
			"rotation": {"angle": -22.5, "axis": "z", "origin": [-2.5, -2.5, 11]},
			"faces": {
				"north": {"uv": [6.9375, 4, 8.625, 5.6875], "texture": "#0"},
				"east": {"uv": [0, 5.0625, 2, 6.75], "texture": "#0"},
				"south": {"uv": [7.0625, 1.875, 8.75, 3.5625], "texture": "#0"},
				"west": {"uv": [2, 5.0625, 4, 6.75], "texture": "#0"},
				"up": {"uv": [6.9375, 2, 5.25, 0], "texture": "#0"},
				"down": {"uv": [7.0625, 2, 5.375, 4], "texture": "#0"}
			}
		},
		{
			"from": [0, -16, -8],
			"to": [20, 32, 24],
			"faces": {
				"north": {"uv": [4, 0, 5.25, 3], "texture": "#0"},
				"east": {"uv": [0, 0, 2, 3], "texture": "#0"},
				"south": {"uv": [4.125, 3, 5.375, 6], "texture": "#0"},
				"west": {"uv": [2, 0, 4, 3], "texture": "#0"},
				"up": {"uv": [1.25, 10.3125, 0, 8.3125], "texture": "#0"},
				"down": {"uv": [2.5, 8.625, 1.25, 10.625], "texture": "#0"}
			}
		},
		{
			"from": [-4, -2, -12],
			"to": [11, 22, 16],
			"rotation": {"angle": -22.5, "axis": "y", "origin": [0, 0, 0]},
			"faces": {
				"north": {"uv": [8.8125, 7.5625, 9.75, 9.0625], "texture": "#0"},
				"east": {"uv": [7.0625, 7.625, 8.8125, 9.125], "texture": "#0"},
				"south": {"uv": [8.8125, 9.0625, 9.75, 10.5625], "texture": "#0"},
				"west": {"uv": [3.625, 8.125, 5.375, 9.625], "texture": "#0"},
				"up": {"uv": [3.4375, 10.375, 2.5, 8.625], "texture": "#0"},
				"down": {"uv": [9.6875, 1.5625, 8.75, 3.3125], "texture": "#0"}
			}
		},
		{
			"from": [-8, -16, -16],
			"to": [25, 17, 9],
			"rotation": {"angle": -22.5, "axis": "x", "origin": [0, 0, 0]},
			"faces": {
				"north": {"uv": [0, 3, 2.0625, 5.0625], "texture": "#0"},
				"east": {"uv": [5.375, 4, 6.9375, 6.0625], "texture": "#0"},
				"south": {"uv": [2.0625, 3, 4.125, 5.0625], "texture": "#0"},
				"west": {"uv": [4, 6.0625, 5.5625, 8.125], "texture": "#0"},
				"up": {"uv": [7.625, 7.625, 5.5625, 6.0625], "texture": "#0"},
				"down": {"uv": [2.0625, 6.75, 0, 8.3125], "texture": "#0"}
			}
		},
		{
			"from": [8, -10, 2],
			"to": [32, 20, 27],
			"faces": {
				"north": {"uv": [5.5625, 7.625, 7.0625, 9.5], "texture": "#0"},
				"east": {"uv": [2.0625, 6.75, 3.625, 8.625], "texture": "#0"},
				"south": {"uv": [7.625, 5.6875, 9.125, 7.5625], "texture": "#0"},
				"west": {"uv": [6.9375, 0, 8.5, 1.875], "texture": "#0"},
				"up": {"uv": [10, 1.5625, 8.5, 0], "texture": "#0"},
				"down": {"uv": [10.125, 3.5625, 8.625, 5.125], "texture": "#0"}
			}
		}
	],
	"display": {
		"head": {
			"scale": [4, 4, 4]
		}
	}
}