{
	"credit": "Made with Blockbench",
	"texture_size": [32, 32],
	"textures": {
		"1": "littleroom_lillith:succubus_hearts"
	},
	"elements": [
		{
			"from": [16, 0, 6],
			"to": [22, 6, 6],
			"rotation": {"angle": 22.5, "axis": "y", "origin": [8, 10.5, 5]},
			"faces": {
				"north": {"uv": [13.25, 4, 15.5, 6.25], "texture": "#1"},
				"east": {"uv": [0, 0, 0, 3], "texture": "#1"},
				"south": {"uv": [13.25, 4, 15.5, 6.25], "texture": "#1"},
				"west": {"uv": [0, 0, 0, 3], "texture": "#1"},
				"up": {"uv": [0, 0, 3, 0], "texture": "#1"},
				"down": {"uv": [0, 0, 3, 0], "texture": "#1"}
			}
		},
		{
			"from": [-6, 0, 2],
			"to": [0, 6, 2],
			"rotation": {"angle": -22.5, "axis": "y", "origin": [-3, 3, 2]},
			"faces": {
				"north": {"uv": [10.25, 4, 12.5, 6.25], "texture": "#1"},
				"east": {"uv": [0, 0, 0, 3], "texture": "#1"},
				"south": {"uv": [10.25, 4, 12.5, 6.25], "texture": "#1"},
				"west": {"uv": [0, 0, 0, 3], "texture": "#1"},
				"up": {"uv": [0, 0, 3, 0], "texture": "#1"},
				"down": {"uv": [0, 0, 3, 0], "texture": "#1"}
			}
		},
		{
			"from": [-3, 13, 8],
			"to": [3, 19, 8],
			"rotation": {"angle": 22.5, "axis": "x", "origin": [0, 16, 8]},
			"faces": {
				"north": {"uv": [10.25, 6.25, 12.5, 8.5], "texture": "#1"},
				"east": {"uv": [0, 0, 0, 3], "texture": "#1"},
				"south": {"uv": [10.25, 6.25, 12.5, 8.5], "texture": "#1"},
				"west": {"uv": [0, 0, 0, 3], "texture": "#1"},
				"up": {"uv": [0, 0, 3, 0], "texture": "#1"},
				"down": {"uv": [0, 0, 3, 0], "texture": "#1"}
			}
		},
		{
			"from": [12, 15, 8],
			"to": [18, 21, 8],
			"rotation": {"angle": -22.5, "axis": "z", "origin": [15, 18, 8]},
			"faces": {
				"north": {"uv": [13, 6.25, 15.25, 8.5], "texture": "#1"},
				"east": {"uv": [0, 0, 0, 3], "texture": "#1"},
				"south": {"uv": [13, 6.25, 15.25, 8.5], "texture": "#1"},
				"west": {"uv": [0, 0, 0, 3], "texture": "#1"},
				"up": {"uv": [0, 0, 3, 0], "texture": "#1"},
				"down": {"uv": [0, 0, 3, 0], "texture": "#1"}
			}
		},
		{
			"from": [8, 6, 2],
			"to": [14, 12, 2],
			"rotation": {"angle": 0, "axis": "y", "origin": [8, 10.5, 5]},
			"faces": {
				"north": {"uv": [0, 0, 7.25, 6.75], "texture": "#1"},
				"east": {"uv": [0, 0, 0, 3], "texture": "#1"},
				"south": {"uv": [0, 0, 7.25, 6.5], "texture": "#1"},
				"west": {"uv": [0, 0, 0, 3], "texture": "#1"},
				"up": {"uv": [0, 0, 3, 0], "texture": "#1"},
				"down": {"uv": [0, 0, 3, 0], "texture": "#1"}
			}
		},
		{
			"from": [2, 6, 2],
			"to": [8, 12, 2],
			"rotation": {"angle": 0, "axis": "y", "origin": [8, 10.5, 5]},
			"faces": {
				"north": {"uv": [0, 0, 7.25, 6.75], "texture": "#1"},
				"east": {"uv": [0, 0, 0, 3], "texture": "#1"},
				"south": {"uv": [0, 0, 7.25, 6.5], "texture": "#1"},
				"west": {"uv": [0, 0, 0, 3], "texture": "#1"},
				"up": {"uv": [0, 0, 3, 0], "texture": "#1"},
				"down": {"uv": [0, 0, 3, 0], "texture": "#1"}
			}
		}
	],
	"gui_light": "front",
	"display": {
		"thirdperson_righthand": {
			"translation": [0, -3.25, 2.75],
			"scale": [0.1, 0.1, 0.1]
		},
		"thirdperson_lefthand": {
			"translation": [0, -3.25, 2.75],
			"scale": [0.1, 0.1, 0.1]
		},
		"firstperson_righthand": {
			"translation": [0, -80, 2.75],
			"scale": [0.5, 0.5, 0.5]
		},
		"firstperson_lefthand": {
			"translation": [0, -80, 2.75],
			"scale": [0.5, 0.5, 0.5]
		},
		"ground": {
			"scale": [0, 0, 0]
		},
		"gui": {
			"translation": [0.25, 0, 0],
			"scale": [0.6, 0.6, 0.6]
		},
		"head": {
			"translation": [0, -2, -0.75]
		},
		"fixed": {
			"scale": [0, 0, 0]
		}
	}
}