{"textures":{"0":"modelengine:entity/discord1"},"elements":[{"from":[6.4,7.142857,7.4],"to":[9.6,8.057143,9.228572],"rotation":{"angle":0.0,"axis":"y","origin":[8.0,3.485714,7.857143]},"faces":{"south":{"uv":[9.0,2.5,10.375,2.875],"rotation":0,"texture":"#0","tintindex":0},"north":{"uv":[9.0,2.5,10.375,2.875],"rotation":0,"texture":"#0","tintindex":0},"down":{"uv":[9.875,0.75,8.5,1.5],"rotation":0,"texture":"#0","tintindex":0},"east":{"uv":[3.5,7.5,4.25,7.875],"rotation":0,"texture":"#0","tintindex":0},"west":{"uv":[3.5,7.5,4.25,7.875],"rotation":0,"texture":"#0","tintindex":0},"up":{"uv":[9.875,0.75,8.5,0.0],"rotation":0,"texture":"#0","tintindex":0}}},{"from":[6.1714287,4.3999996,7.1714287],"to":[9.828571,7.142857,9.457143],"rotation":{"angle":0.0,"axis":"y","origin":[8.0,3.485714,7.857143]},"faces":{"south":{"uv":[1.75,7.5,3.375,8.75],"rotation":0,"texture":"#0","tintindex":0},"north":{"uv":[1.75,7.5,3.375,8.75],"rotation":0,"texture":"#0","tintindex":0},"down":{"uv":[6.875,8.0,5.25,9.0],"rotation":0,"texture":"#0","tintindex":0},"east":{"uv":[7.0,8.0,8.0,9.25],"rotation":0,"texture":"#0","tintindex":0},"west":{"uv":[7.0,8.0,8.0,9.25],"rotation":0,"texture":"#0","tintindex":0},"up":{"uv":[9.625,5.75,8.0,4.75],"rotation":0,"texture":"#0","tintindex":0}}}],"display":{"head":{"translation":[0.0,-6.4,0.0],"scale":[4.0,4.0,4.0]}}}