{"textures":{"0":"modelengine:entity/discord1"},"elements":[{"from":[9.999429,7.9137144,7.9994287],"to":[10.857715,8.000571,8.000571],"rotation":{"angle":0.0,"axis":"y","origin":[8.285714,3.7142854,9.714286]},"faces":{"south":{"uv":[4.75,5.75,5.25,6.0],"rotation":0,"texture":"#0","tintindex":0},"north":{"uv":[2.75,0.75,3.25,1.0],"rotation":0,"texture":"#0","tintindex":0},"down":{"uv":[0.5,0.0,0.0,0.0],"rotation":0,"texture":"#0","tintindex":0},"east":{"uv":[0.0,0.0,0.0,0.25],"rotation":0,"texture":"#0","tintindex":0},"west":{"uv":[0.0,0.0,0.0,0.25],"rotation":0,"texture":"#0","tintindex":0},"up":{"uv":[0.5,0.0,0.0,0.0],"rotation":0,"texture":"#0","tintindex":0}}},{"from":[10.856571,7.9137144,7.9994287],"to":[11.286285,8.000571,8.000571],"rotation":{"angle":-22.5,"axis":"z","origin":[10.857143,8.0,8.0]},"faces":{"south":{"uv":[4.75,5.75,5.25,6.0],"rotation":0,"texture":"#0","tintindex":0},"north":{"uv":[2.75,0.75,3.25,1.0],"rotation":0,"texture":"#0","tintindex":0},"down":{"uv":[0.5,0.0,0.0,0.0],"rotation":0,"texture":"#0","tintindex":0},"east":{"uv":[0.0,0.0,0.0,0.25],"rotation":0,"texture":"#0","tintindex":0},"west":{"uv":[0.0,0.0,0.0,0.25],"rotation":0,"texture":"#0","tintindex":0},"up":{"uv":[0.5,0.0,0.0,0.0],"rotation":0,"texture":"#0","tintindex":0}}},{"from":[5.713714,7.9137144,7.9994287],"to":[6.572,8.000571,8.000571],"rotation":{"angle":0.0,"axis":"y","origin":[8.285714,3.7142854,9.714286]},"faces":{"south":{"uv":[4.75,5.75,5.25,6.0],"rotation":0,"texture":"#0","tintindex":0},"north":{"uv":[4.75,0.75,5.25,1.0],"rotation":0,"texture":"#0","tintindex":0},"down":{"uv":[0.5,0.0,0.0,0.0],"rotation":0,"texture":"#0","tintindex":0},"east":{"uv":[0.0,0.0,0.0,0.25],"rotation":0,"texture":"#0","tintindex":0},"west":{"uv":[0.0,0.0,0.0,0.25],"rotation":0,"texture":"#0","tintindex":0},"up":{"uv":[0.5,0.0,0.0,0.0],"rotation":0,"texture":"#0","tintindex":0}}},{"from":[5.285143,7.9137144,7.9994287],"to":[5.714857,8.000571,8.000571],"rotation":{"angle":22.5,"axis":"z","origin":[5.714286,8.0,8.0]},"faces":{"south":{"uv":[5.25,5.75,4.75,6.0],"rotation":0,"texture":"#0","tintindex":0},"north":{"uv":[3.25,0.75,2.75,1.0],"rotation":0,"texture":"#0","tintindex":0},"down":{"uv":[0.0,0.0,0.5,0.0],"rotation":0,"texture":"#0","tintindex":0},"east":{"uv":[0.0,0.0,0.0,0.25],"rotation":0,"texture":"#0","tintindex":0},"west":{"uv":[0.0,0.0,0.0,0.25],"rotation":0,"texture":"#0","tintindex":0},"up":{"uv":[0.0,0.0,0.5,0.0],"rotation":0,"texture":"#0","tintindex":0}}}],"display":{"head":{"translation":[0.0,-6.4,0.0],"scale":[4.0,4.0,4.0]}}}