{"textures":{"0":"modelengine:entity/discord1"},"elements":[{"from":[3.4285712,10.142858,8.114285],"to":[12.571428,12.142858,9.257143],"rotation":{"angle":0.0,"axis":"y","origin":[8.0,8.0,8.685715]},"faces":{"south":{"uv":[4.25,7.0,8.25,7.875],"rotation":0,"texture":"#0","tintindex":0},"north":{"uv":[4.25,6.0,8.25,6.875],"rotation":0,"texture":"#0","tintindex":0},"down":{"uv":[12.0,4.25,8.0,4.75],"rotation":0,"texture":"#0","tintindex":0},"east":{"uv":[4.75,9.25,5.25,10.125],"rotation":0,"texture":"#0","tintindex":0},"west":{"uv":[4.75,9.25,5.25,10.125],"rotation":0,"texture":"#0","tintindex":0},"up":{"uv":[11.25,4.25,7.25,3.75],"rotation":0,"texture":"#0","tintindex":0}}},{"from":[6.5714283,9.142858,6.1142855],"to":[9.428572,11.142858,6.9714284],"rotation":{"angle":0.0,"axis":"y","origin":[8.0,8.0,8.685715]},"faces":{"south":{"uv":[8.25,6.75,9.5,7.625],"rotation":0,"texture":"#0","tintindex":0},"north":{"uv":[8.25,5.75,9.5,6.625],"rotation":0,"texture":"#0","tintindex":0},"down":{"uv":[9.25,9.25,8.0,9.625],"rotation":0,"texture":"#0","tintindex":0},"east":{"uv":[0.0,9.5,0.375,10.375],"rotation":0,"texture":"#0","tintindex":0},"west":{"uv":[0.0,9.5,0.375,10.375],"rotation":0,"texture":"#0","tintindex":0},"up":{"uv":[8.0,9.625,6.75,9.25],"rotation":0,"texture":"#0","tintindex":0}}},{"from":[4.5714283,8.571428,6.9714284],"to":[11.428572,13.142858,10.971429],"rotation":{"angle":0.0,"axis":"y","origin":[8.0,8.0,8.685715]},"faces":{"south":{"uv":[2.5,2.0,5.5,4.0],"rotation":0,"texture":"#0","tintindex":0},"north":{"uv":[2.5,0.0,5.5,2.0],"rotation":0,"texture":"#0","tintindex":0},"down":{"uv":[8.5,0.0,5.5,1.75],"rotation":0,"texture":"#0","tintindex":0},"east":{"uv":[7.25,1.75,9.0,3.75],"rotation":0,"texture":"#0","tintindex":0},"west":{"uv":[9.0,1.75,7.25,3.75],"rotation":0,"texture":"#0","tintindex":0},"up":{"uv":[5.5,5.75,2.5,4.0],"rotation":0,"texture":"#0","tintindex":0}}},{"from":[5.1434283,8.000571,6.972],"to":[10.856571,13.713715,10.970858],"rotation":{"angle":0.0,"axis":"y","origin":[8.0,8.0,8.685715]},"faces":{"south":{"uv":[0.0,2.5,2.5,5.0],"rotation":0,"texture":"#0","tintindex":0},"north":{"uv":[0.0,0.0,2.5,2.5],"rotation":0,"texture":"#0","tintindex":0},"down":{"uv":[4.25,5.75,1.75,7.5],"rotation":0,"texture":"#0","tintindex":0},"east":{"uv":[0.0,5.0,1.75,7.5],"rotation":0,"texture":"#0","tintindex":0},"west":{"uv":[0.0,5.0,1.75,7.5],"rotation":0,"texture":"#0","tintindex":0},"up":{"uv":[8.0,6.0,5.5,4.25],"rotation":0,"texture":"#0","tintindex":0}}}],"display":{"head":{"translation":[0.0,-6.4,0.0],"scale":[4.0,4.0,4.0]}}}