{"textures":{"0":"modelengine:entity/discord1"},"elements":[{"from":[7.366286,6.3719997,7.5434284],"to":[8.645143,6.828,8.799429],"rotation":{"angle":0.0,"axis":"y","origin":[8.714286,11.571428,8.0]},"faces":{"south":{"uv":[9.0,3.5,9.5,3.75],"rotation":0,"texture":"#0","tintindex":0},"north":{"uv":[9.0,3.5,9.5,3.75],"rotation":0,"texture":"#0","tintindex":0},"down":{"uv":[10.5,1.5,10.0,2.0],"rotation":0,"texture":"#0","tintindex":0},"east":{"uv":[9.5,3.5,10.0,3.75],"rotation":0,"texture":"#0","tintindex":0},"west":{"uv":[9.5,3.5,10.0,3.75],"rotation":0,"texture":"#0","tintindex":0},"up":{"uv":[10.5,2.5,10.0,2.0],"rotation":0,"texture":"#0","tintindex":0}}},{"from":[7.457143,6.3714285,7.885714],"to":[8.645714,8.057143,9.028571],"rotation":{"angle":0.0,"axis":"y","origin":[8.714286,7.0,8.0]},"faces":{"south":{"uv":[9.5,5.75,10.0,6.375],"rotation":0,"texture":"#0","tintindex":0},"north":{"uv":[9.5,5.75,10.0,6.375],"rotation":0,"texture":"#0","tintindex":0},"down":{"uv":[10.25,9.75,9.75,10.25],"rotation":0,"texture":"#0","tintindex":0},"east":{"uv":[9.5,6.5,10.0,7.125],"rotation":0,"texture":"#0","tintindex":0},"west":{"uv":[9.5,6.5,10.0,7.125],"rotation":0,"texture":"#0","tintindex":0},"up":{"uv":[10.5,0.5,10.0,0.0],"rotation":0,"texture":"#0","tintindex":0}}}],"display":{"head":{"translation":[0.0,-6.4,0.0],"scale":[4.0,4.0,4.0]}}}