{"textures":{"0":"modelengine:entity/discord1"},"elements":[{"from":[7.5714283,6.942857,7.7714286],"to":[7.5714283,8.085714,8.228572],"rotation":{"angle":-22.5,"axis":"z","origin":[7.5714283,6.942857,8.0]},"faces":{"south":{"uv":[0.0,0.0,0.0,0.5],"rotation":0,"texture":"#0","tintindex":0},"north":{"uv":[0.0,0.0,0.0,0.5],"rotation":0,"texture":"#0","tintindex":0},"down":{"uv":[0.0,0.0,0.0,0.25],"rotation":0,"texture":"#0","tintindex":0},"east":{"uv":[3.5,8.75,3.25,9.25],"rotation":0,"texture":"#0","tintindex":0},"west":{"uv":[3.25,8.75,3.5,9.25],"rotation":0,"texture":"#0","tintindex":0},"up":{"uv":[0.0,0.25,0.0,0.0],"rotation":0,"texture":"#0","tintindex":0}}}],"display":{"head":{"translation":[0.0,-6.4,0.0],"scale":[4.0,4.0,4.0]}}}