{"textures":{"0":"modelengine:entity/discord1"},"elements":[{"from":[6.0,8.0,7.0],"to":[8.0,8.0,9.0],"rotation":{"angle":0.0,"axis":"y","origin":[6.857143,1.7142854,7.285714]},"faces":{"south":{"uv":[0.0,0.0,0.875,0.0],"rotation":0,"texture":"#0","tintindex":0},"north":{"uv":[0.0,0.0,0.875,0.0],"rotation":0,"texture":"#0","tintindex":0},"down":{"uv":[2.625,9.625,1.75,8.75],"rotation":0,"texture":"#0","tintindex":0},"east":{"uv":[0.0,0.0,0.875,0.0],"rotation":0,"texture":"#0","tintindex":0},"west":{"uv":[0.0,0.0,0.875,0.0],"rotation":0,"texture":"#0","tintindex":0},"up":{"uv":[2.625,9.625,1.75,8.75],"rotation":0,"texture":"#0","tintindex":0}}}],"display":{"head":{"translation":[0.0,-6.4,0.0],"scale":[4.0,4.0,4.0]}}}