{"textures":{"0":"modelengine:entity/discord1"},"elements":[{"from":[7.0857143,5.2571425,7.885714],"to":[8.228572,8.457143,9.028571],"rotation":{"angle":22.5,"axis":"z","origin":[7.7714286,8.457143,8.0]},"faces":{"south":{"uv":[9.0,7.75,9.5,9.125],"rotation":0,"texture":"#0","tintindex":0},"north":{"uv":[9.0,7.75,9.5,9.125],"rotation":0,"texture":"#0","tintindex":0},"down":{"uv":[9.25,9.75,8.75,10.25],"rotation":0,"texture":"#0","tintindex":0},"east":{"uv":[3.25,9.25,3.75,10.625],"rotation":0,"texture":"#0","tintindex":0},"west":{"uv":[3.25,9.25,3.75,10.625],"rotation":0,"texture":"#0","tintindex":0},"up":{"uv":[7.75,10.25,7.25,9.75],"rotation":0,"texture":"#0","tintindex":0}}}],"display":{"head":{"translation":[0.0,-6.4,0.0],"scale":[4.0,4.0,4.0]}}}