{"textures":{"0":"modelengine:entity/discord1"},"elements":[{"from":[8.068571,2.8571424,7.6057143],"to":[9.257143,4.542857,8.885715],"rotation":{"angle":0.0,"axis":"y","origin":[8.0,3.485714,7.857143]},"faces":{"south":{"uv":[9.5,5.75,10.0,6.375],"rotation":0,"texture":"#0","tintindex":0},"north":{"uv":[9.5,5.75,10.0,6.375],"rotation":0,"texture":"#0","tintindex":0},"down":{"uv":[10.25,9.75,9.75,10.25],"rotation":0,"texture":"#0","tintindex":0},"east":{"uv":[9.5,6.5,10.0,7.125],"rotation":0,"texture":"#0","tintindex":0},"west":{"uv":[9.5,6.5,10.0,7.125],"rotation":0,"texture":"#0","tintindex":0},"up":{"uv":[10.25,9.75,9.75,9.25],"rotation":0,"texture":"#0","tintindex":0}}},{"from":[8.069143,2.8577142,7.377714],"to":[9.348,3.313714,8.656571],"rotation":{"angle":0.0,"axis":"y","origin":[8.0,8.057143,7.857143]},"faces":{"south":{"uv":[9.0,3.5,9.5,3.75],"rotation":0,"texture":"#0","tintindex":0},"north":{"uv":[9.0,3.5,9.5,3.75],"rotation":0,"texture":"#0","tintindex":0},"down":{"uv":[10.5,1.5,10.0,2.0],"rotation":0,"texture":"#0","tintindex":0},"east":{"uv":[9.5,3.5,10.0,3.75],"rotation":0,"texture":"#0","tintindex":0},"west":{"uv":[9.5,3.5,10.0,3.75],"rotation":0,"texture":"#0","tintindex":0},"up":{"uv":[10.5,2.5,10.0,2.0],"rotation":0,"texture":"#0","tintindex":0}}}],"display":{"head":{"translation":[0.0,-6.4,0.0],"scale":[4.0,4.0,4.0]}}}