{"credit":"MadewithBlockbench","texture_size":[32,32],"textures":{"0":"owlsdev:plushies/axolotl_plushie","particle":"owlsdev:plushies/axolotl_plushie"},"elements":[{"from":[8,0,5],"to":[8,3,17],"faces":{"east":{"uv":[9.5,6.5,3.5,8],"texture":"#0"},"west":{"uv":[3.5,6.5,9.5,8],"texture":"#0"}}},{"from":[3,1,3],"to":[13,5,3],"faces":{"north":{"uv":[3,0,8,2],"texture":"#0"},"south":{"uv":[3,0,8,2],"texture":"#0"}}},{"from":[1,0.5,3],"to":[6,0.5,6],"rotation":{"angle":-22.5,"axis":"y","origin":[3.5,0,4.5]},"faces":{"up":{"uv":[8,0,9.5,2.5],"rotation":90,"texture":"#0"},"down":{"uv":[8,0,9.5,2.5],"rotation":90,"texture":"#0"}}},{"from":[10,0.5,3],"to":[15,0.5,6],"rotation":{"angle":22.5,"axis":"y","origin":[12.5,0,4.5]},"faces":{"up":{"uv":[8,0,9.5,2.5],"rotation":270,"texture":"#0"},"down":{"uv":[8,0,9.5,2.5],"rotation":270,"texture":"#0"}}},{"from":[10,0.5,9],"to":[15,0.5,12],"rotation":{"angle":-22.5,"axis":"y","origin":[12.5,0,10.5]},"faces":{"up":{"uv":[8,0,9.5,2.5],"rotation":270,"texture":"#0"},"down":{"uv":[8,0,9.5,2.5],"rotation":270,"texture":"#0"}}},{"from":[1,0.5,9],"to":[6,0.5,12],"rotation":{"angle":22.5,"axis":"y","origin":[3.5,0,10.5]},"faces":{"up":{"uv":[8,0,9.5,2.5],"rotation":90,"texture":"#0"},"down":{"uv":[8,0,9.5,2.5],"rotation":90,"texture":"#0"}}},{"from":[5,0,5],"to":[11,2,12],"faces":{"east":{"uv":[3.5,7,0,8],"texture":"#0","tintindex":1},"south":{"uv":[3,3.5,6,4.5],"texture":"#0","tintindex":1},"west":{"uv":[0,7,3.5,8],"texture":"#0","tintindex":1},"up":{"uv":[0,3.5,3,7],"rotation":180,"texture":"#0","tintindex":1},"down":{"uv":[3,3,3.5,3.5],"texture":"#0","tintindex":1}}},{"from":[5,0,1],"to":[11,3,5],"faces":{"north":{"uv":[0,2,3,3.5],"texture":"#0","tintindex":1},"east":{"uv":[5,2,3,3.5],"texture":"#0","tintindex":1},"south":{"uv":[5,2,8,3.5],"texture":"#0","tintindex":1},"west":{"uv":[3,2,5,3.5],"texture":"#0","tintindex":1},"up":{"uv":[0,0,3,2],"rotation":180,"texture":"#0","tintindex":1},"down":{"uv":[3,3,3.5,3.5],"texture":"#0","tintindex":1}}},{"from":[8,0,5],"to":[8,3,17],"faces":{"east":{"uv":[9.5,5,3.5,6.5],"texture":"#0","tintindex":1},"west":{"uv":[3.5,5,9.5,6.5],"texture":"#0","tintindex":1}}},{"from":[1,0.5,3],"to":[6,0.5,6],"rotation":{"angle":-22.5,"axis":"y","origin":[3.5,0,4.5]},"faces":{"up":{"uv":[9.5,0,11,2.5],"rotation":90,"texture":"#0","tintindex":1},"down":{"uv":[9.5,0,11,2.5],"rotation":90,"texture":"#0","tintindex":1}}},{"from":[10,0.5,3],"to":[15,0.5,6],"rotation":{"angle":22.5,"axis":"y","origin":[12.5,0,4.5]},"faces":{"up":{"uv":[9.5,0,11,2.5],"rotation":270,"texture":"#0","tintindex":1},"down":{"uv":[9.5,0,11,2.5],"rotation":270,"texture":"#0","tintindex":1}}},{"from":[10,0.5,9],"to":[15,0.5,12],"rotation":{"angle":-22.5,"axis":"y","origin":[12.5,0,10.5]},"faces":{"up":{"uv":[9.5,0,11,2.5],"rotation":270,"texture":"#0","tintindex":1},"down":{"uv":[9.5,0,11,2.5],"rotation":270,"texture":"#0","tintindex":1}}},{"from":[1,0.5,9],"to":[6,0.5,12],"rotation":{"angle":22.5,"axis":"y","origin":[3.5,0,10.5]},"faces":{"up":{"uv":[9.5,0,11,2.5],"rotation":90,"texture":"#0","tintindex":1},"down":{"uv":[9.5,0,11,2.5],"rotation":90,"texture":"#0","tintindex":1}}}],"display":{"thirdperson_righthand":{"rotation":[43,48,0],"translation":[0.25,3.75,5],"scale":[0.53,0.53,0.53]},"thirdperson_lefthand":{"rotation":[43,48,0],"translation":[0.25,3.75,5],"scale":[0.53,0.53,0.53]},"firstperson_righthand":{"rotation":[0,107,0],"translation":[13.25,3.25,-9.75]},"firstperson_lefthand":{"rotation":[0,107,0],"translation":[13.25,3.25,-9.75]},"ground":{"translation":[0,3,0],"scale":[0.44,0.44,0.44]},"gui":{"rotation":[30,135,0],"translation":[0.25,6,0]},"fixed":{"rotation":[-90,0,0],"translation":[0,0,-16],"scale":[2,2,2]}},"groups":[{"name":"group","origin":[8,8,8],"color":0,"children":[0,1,2,3,4,5,{"name":"group","origin":[0,0,0],"color":0,"children":[6,7,8,9,10,11,12]}]}]}