{"credit":"MadewithBlockbench","texture_size":[64,64],"textures":{"0":"owlsdev:plushies/bee_plushie","particle":"owlsdev:plushies/bee_plushie"},"elements":[{"from":[4.5,0,3],"to":[11.5,7,13],"faces":{"north":{"uv":[0,2.5,1.75,4.25],"texture":"#0"},"east":{"uv":[4.25,2.5,1.75,4.25],"texture":"#0"},"south":{"uv":[4.25,2.5,6,4.25],"texture":"#0"},"west":{"uv":[1.75,2.5,4.25,4.25],"texture":"#0"},"up":{"uv":[0,0,1.75,2.5],"rotation":180,"texture":"#0"},"down":{"uv":[1.75,0,3.5,2.5],"texture":"#0"}}},{"from":[4.5,0,3],"to":[11.5,7,13],"faces":{"north":{"uv":[0,6.75,1.75,8.5],"texture":"#0","tintindex":1},"east":{"uv":[4.25,6.75,1.75,8.5],"texture":"#0","tintindex":1},"west":{"uv":[1.75,6.75,4.25,8.5],"texture":"#0","tintindex":1},"up":{"uv":[0,4.25,1.75,6.75],"rotation":180,"texture":"#0","tintindex":1},"down":{"uv":[1.75,4.25,3.5,6.75],"texture":"#0","tintindex":1}}},{"from":[8,3,13],"to":[8,4,16],"faces":{"east":{"uv":[4.25,2.25,3.5,2.5],"texture":"#0"},"west":{"uv":[3.5,2.25,4.25,2.5],"texture":"#0"}}},{"from":[6,5,0],"to":[6,7,3],"faces":{"east":{"uv":[4.25,1.75,3.5,2.25],"texture":"#0"},"west":{"uv":[3.5,1.75,4.25,2.25],"texture":"#0"}}},{"from":[10,5,0],"to":[10,7,3],"faces":{"east":{"uv":[4.25,1.75,3.5,2.25],"texture":"#0"},"west":{"uv":[3.5,1.75,4.25,2.25],"texture":"#0"}}},{"from":[-1.25,6.5,5],"to":[5.75,6.5,11],"rotation":{"angle":-45,"axis":"z","origin":[5,7,7]},"faces":{"up":{"uv":[3.5,1.5,5.25,0],"texture":"#0"},"down":{"uv":[3.5,0,5.25,1.5],"texture":"#0"}}},{"from":[10.25,6.5,5],"to":[17.25,6.5,11],"rotation":{"angle":45,"axis":"z","origin":[11,7,7]},"faces":{"up":{"uv":[5.25,1.5,3.5,0],"texture":"#0"},"down":{"uv":[5.25,0,3.5,1.5],"texture":"#0"}}}],"display":{"thirdperson_righthand":{"rotation":[55,48,0],"translation":[0,4,1.75],"scale":[0.57,0.57,0.57]},"thirdperson_lefthand":{"rotation":[55,48,0],"translation":[0,4,1.75],"scale":[0.57,0.57,0.57]},"firstperson_righthand":{"rotation":[0,106,0],"translation":[14.75,0,-9.75]},"firstperson_lefthand":{"rotation":[0,106,0],"translation":[14.75,0,-9.75]},"ground":{"translation":[0,6.75,0],"scale":[0.52,0.52,0.52]},"gui":{"rotation":[30,135,0],"translation":[0,1.75,0],"scale":[0.9,0.9,0.9]},"head":{"rotation":[32,0,0],"translation":[0,14.75,26.5],"scale":[4,4,4]},"fixed":{"rotation":[-90,0,0],"translation":[0,0,-16],"scale":[2,2,2]}}}