{"credit":"MadewithBlockbench","texture_size":[32,32],"textures":{"0":"owlsdev:plushies/creeper_plushie","particle":"owlsdev:plushies/creeper_plushie"},"elements":[{"from":[5,7,5],"to":[11,13,11],"rotation":{"angle":-22.5,"axis":"x","origin":[8,7,8]},"faces":{"north":{"uv":[0,0,3,3],"texture":"#0","tintindex":1},"east":{"uv":[6,0,3,3],"texture":"#0","tintindex":1},"south":{"uv":[6,0,9,3],"texture":"#0","tintindex":1},"west":{"uv":[3,0,6,3],"texture":"#0","tintindex":1},"up":{"uv":[0,3,3,6],"texture":"#0","tintindex":1},"down":{"uv":[5,2.5,5.5,3],"texture":"#0","tintindex":1}}},{"from":[6,0,6.5],"to":[10,7,9.5],"faces":{"north":{"uv":[4.5,3,6.5,6.5],"texture":"#0","tintindex":1},"east":{"uv":[3,3,4.5,6.5],"texture":"#0","tintindex":1},"south":{"uv":[4.5,3,6.5,6.5],"texture":"#0","tintindex":1},"west":{"uv":[3,3,4.5,6.5],"texture":"#0","tintindex":1},"up":{"uv":[5,3,5.5,3.5],"texture":"#0","tintindex":1},"down":{"uv":[5,6,5.5,6.5],"texture":"#0","tintindex":1}}},{"from":[10,0,4],"to":[12,2,8],"rotation":{"angle":-45,"axis":"y","origin":[11,1,6]},"faces":{"north":{"uv":[8,4.5,8.5,5],"texture":"#0","tintindex":1},"east":{"uv":[6.5,4,8.5,5],"texture":"#0","tintindex":1},"south":{"uv":[6.5,4.5,7,5],"texture":"#0","tintindex":1},"west":{"uv":[8.5,4,6.5,5],"texture":"#0","tintindex":1},"up":{"uv":[6.5,3,8.5,4],"rotation":90,"texture":"#0","tintindex":1},"down":{"uv":[6.5,4.5,7,5],"rotation":270,"texture":"#0","tintindex":1}}},{"from":[10,0,8],"to":[12,2,12],"rotation":{"angle":45,"axis":"y","origin":[11,1,10]},"faces":{"north":{"uv":[6.5,4.5,7,5],"texture":"#0","tintindex":1},"east":{"uv":[8.5,4,6.5,5],"texture":"#0","tintindex":1},"south":{"uv":[8,4.5,8.5,5],"texture":"#0","tintindex":1},"west":{"uv":[6.5,4,8.5,5],"texture":"#0","tintindex":1},"up":{"uv":[6.5,3,8.5,4],"rotation":270,"texture":"#0","tintindex":1},"down":{"uv":[6.5,4.5,7,5],"rotation":90,"texture":"#0","tintindex":1}}},{"from":[3,0,5],"to":[7,2,7],"rotation":{"angle":-45,"axis":"y","origin":[5,1,6]},"faces":{"north":{"uv":[6.5,4,8.5,5],"texture":"#0","tintindex":1},"east":{"uv":[6.5,4.5,7,5],"texture":"#0","tintindex":1},"south":{"uv":[8.5,4,6.5,5],"texture":"#0","tintindex":1},"west":{"uv":[8,4.5,8.5,5],"texture":"#0","tintindex":1},"up":{"uv":[6.5,3,8.5,4],"texture":"#0","tintindex":1},"down":{"uv":[6.5,4.5,7,5],"texture":"#0","tintindex":1}}},{"from":[4,0,8],"to":[6,2,12],"rotation":{"angle":-45,"axis":"y","origin":[5,1,10]},"faces":{"north":{"uv":[6.5,4.5,7,5],"texture":"#0","tintindex":1},"east":{"uv":[8.5,4,6.5,5],"texture":"#0","tintindex":1},"south":{"uv":[8,4.5,8.5,5],"texture":"#0","tintindex":1},"west":{"uv":[6.5,4,8.5,5],"texture":"#0","tintindex":1},"up":{"uv":[6.5,3,8.5,4],"rotation":270,"texture":"#0","tintindex":1},"down":{"uv":[6.5,4.5,7,5],"rotation":90,"texture":"#0","tintindex":1}}}],"display":{"thirdperson_righthand":{"rotation":[55,45,0],"translation":[0,1.75,3],"scale":[0.8,0.8,0.8]},"thirdperson_lefthand":{"rotation":[55,45,0],"translation":[0,1.75,3],"scale":[0.8,0.8,0.8]},"firstperson_righthand":{"rotation":[0,115,0],"translation":[11.25,0,-7.75]},"firstperson_lefthand":{"rotation":[0,115,0],"translation":[11.25,0,-7.75]},"ground":{"translation":[0,5.75,0],"scale":[0.51,0.51,0.51]},"gui":{"rotation":[30,135,0],"translation":[0,1.75,0]},"fixed":{"rotation":[-90,0,0],"translation":[0,0,-16],"scale":[2.01,2.01,2.01]}}}