{"credit":"MadewithBlockbench","texture_size":[32,32],"textures":{"0":"owlsdev:plushies/enderman_plushie","particle":"owlsdev:plushies/enderman_plushie"},"elements":[{"from":[5,9,7],"to":[11,15,13],"rotation":{"angle":-22.5,"axis":"x","origin":[8,9,10]},"faces":{"north":{"uv":[0,0,3,3],"texture":"#0"},"east":{"uv":[6,0,3,3],"texture":"#0"},"south":{"uv":[6,0,9,3],"texture":"#0"},"west":{"uv":[3,0,6,3],"texture":"#0"},"up":{"uv":[0,3,3,6],"rotation":180,"texture":"#0"},"down":{"uv":[3,2.5,3.5,3],"texture":"#0"}}},{"from":[6,0,8.5],"to":[10,9,11.5],"rotation":{"angle":0,"axis":"y","origin":[0,0,2]},"faces":{"north":{"uv":[4.5,3,6.5,7.5],"texture":"#0"},"east":{"uv":[3,3,4.5,7.5],"texture":"#0"},"south":{"uv":[4.5,3,6.5,7.5],"texture":"#0"},"west":{"uv":[3,3,4.5,7.5],"texture":"#0"},"up":{"uv":[5,3,5.5,3.5],"texture":"#0"},"down":{"uv":[7.5,3,8,3.5],"rotation":270,"texture":"#0"}}},{"from":[9,0,2],"to":[11,2,10],"rotation":{"angle":-22.5,"axis":"y","origin":[11,1,8]},"faces":{"north":{"uv":[7.5,4,8.5,5],"rotation":270,"texture":"#0"},"east":{"uv":[7.5,3,8.5,7],"rotation":270,"texture":"#0"},"south":{"uv":[7.5,3,8,3.5],"texture":"#0"},"west":{"uv":[7.5,6.5,8.5,2.5],"rotation":270,"texture":"#0"},"up":{"uv":[7.5,2.5,6.5,6.5],"rotation":180,"texture":"#0"},"down":{"uv":[7.5,3,8,7.5],"texture":"#0"}}},{"from":[5,0,2],"to":[7,2,10],"rotation":{"angle":22.5,"axis":"y","origin":[5,1,8]},"faces":{"north":{"uv":[7.5,4,8.5,5],"rotation":270,"texture":"#0"},"east":{"uv":[7.5,2.5,8.5,6.5],"rotation":270,"texture":"#0"},"south":{"uv":[7.5,3,8,3.5],"texture":"#0"},"west":{"uv":[7.5,7,8.5,3],"rotation":270,"texture":"#0"},"up":{"uv":[6.5,2.5,7.5,6.5],"rotation":180,"texture":"#0"},"down":{"uv":[7.5,3,8,7.5],"texture":"#0"}}},{"from":[4,-0.5,9],"to":[6,8.5,11],"rotation":{"angle":-22.5,"axis":"x","origin":[6,8.5,10]},"faces":{"north":{"uv":[6.5,3,7.5,7.5],"texture":"#0"},"east":{"uv":[7.5,3,6.5,7.5],"texture":"#0"},"south":{"uv":[6.5,3,7.5,7.5],"texture":"#0"},"west":{"uv":[7.5,3,6.5,7.5],"texture":"#0"},"up":{"uv":[6.5,2.5,7.5,3.5],"texture":"#0"},"down":{"uv":[6.5,2.5,7.5,3.5],"texture":"#0"}}},{"from":[10,-0.5,9],"to":[12,8.5,11],"rotation":{"angle":-22.5,"axis":"x","origin":[10,8.5,10]},"faces":{"north":{"uv":[6.5,3,7.5,7.5],"texture":"#0"},"east":{"uv":[7.5,3,6.5,7.5],"texture":"#0"},"south":{"uv":[6.5,3,7.5,7.5],"texture":"#0"},"west":{"uv":[7.5,3,6.5,7.5],"texture":"#0"},"up":{"uv":[6.5,2.5,7.5,3.5],"texture":"#0"},"down":{"uv":[6.5,2.5,7.5,3.5],"texture":"#0"}}},{"from":[5,9,7],"to":[11,15,7],"rotation":{"angle":-22.5,"axis":"x","origin":[8,9,10]},"faces":{"north":{"uv":[9,0,12,3],"texture":"#0","tintindex":1}}}],"display":{"thirdperson_righthand":{"rotation":[55,23,0],"translation":[0,4.5,3],"scale":[0.8,0.8,0.8]},"thirdperson_lefthand":{"rotation":[55,23,0],"translation":[0,4.5,3],"scale":[0.8,0.8,0.8]},"firstperson_righthand":{"rotation":[0,115,0],"translation":[11.25,0,-7.75]},"firstperson_lefthand":{"rotation":[0,115,0],"translation":[11.25,0,-7.75]},"ground":{"translation":[0,5.75,0],"scale":[0.51,0.51,0.51]},"gui":{"rotation":[30,135,0],"translation":[0,0.75,0],"scale":[0.8,0.8,0.8]},"fixed":{"rotation":[-90,0,0],"translation":[0,0,-16],"scale":[2.01,2.01,2.01]}},"groups":[{"name":"group","origin":[5,1,6],"color":0,"children":[{"name":"group","origin":[8,9,10],"color":0,"children":[0]},1,2,3]},4,5,6]}