{"credit":"MadewithBlockbench","texture_size":[32,32],"textures":{"0":"owlsdev:plushies/penguin_plushie","particle":"owlsdev:plushies/penguin_plushie"},"elements":[{"from":[5,0,5],"to":[11,11,11],"faces":{"north":{"uv":[0,3.5,3,9],"texture":"#0"},"east":{"uv":[6.5,3.5,3.5,9],"texture":"#0"},"west":{"uv":[3.5,3.5,6.5,9],"texture":"#0"},"down":{"uv":[0,9.5,3,12.5],"rotation":180,"texture":"#0"}}},{"from":[5,0,5],"to":[11,11,11],"faces":{"north":{"uv":[13,0,16,5.5],"texture":"#0","tintindex":1},"east":{"uv":[13,0,10,5.5],"texture":"#0","tintindex":1},"south":{"uv":[7,3.5,10,9],"texture":"#0","tintindex":1},"west":{"uv":[10,0,13,5.5],"texture":"#0","tintindex":1},"up":{"uv":[0,0,3,3],"rotation":180,"texture":"#0","tintindex":1},"down":{"uv":[6,0,9,3],"rotation":180,"texture":"#0","tintindex":1}}},{"from":[7,7,4],"to":[9,9,5],"faces":{"north":{"uv":[1,4.5,2,5.5],"texture":"#0"},"east":{"uv":[1,4.5,2,5.5],"texture":"#0"},"south":{"uv":[1,4.5,2,5.5],"texture":"#0"},"west":{"uv":[1,4.5,2,5.5],"texture":"#0"},"up":{"uv":[1,4.5,2,5],"texture":"#0"},"down":{"uv":[1,5,2,5.5],"texture":"#0"}}},{"from":[4.5,1,6],"to":[5.5,7,10],"rotation":{"angle":-22.5,"axis":"z","origin":[4.5,7,8]},"faces":{"north":{"uv":[3.5,0,4,3],"texture":"#0","tintindex":1},"east":{"uv":[3.5,0,5.5,3],"texture":"#0","tintindex":1},"south":{"uv":[3.5,0,4,3],"texture":"#0","tintindex":1},"west":{"uv":[3.5,0,5.5,3],"texture":"#0","tintindex":1},"up":{"uv":[3.5,0,5.5,0.5],"rotation":90,"texture":"#0","tintindex":1},"down":{"uv":[3.5,2.5,5.5,3],"rotation":90,"texture":"#0","tintindex":1}}},{"from":[10.5,1,6],"to":[11.5,7,10],"rotation":{"angle":22.5,"axis":"z","origin":[11.5,7,8]},"faces":{"north":{"uv":[4,0,3.5,3],"texture":"#0","tintindex":1},"east":{"uv":[5.5,0,3.5,3],"texture":"#0","tintindex":1},"south":{"uv":[4,0,3.5,3],"texture":"#0","tintindex":1},"west":{"uv":[5.5,0,3.5,3],"texture":"#0","tintindex":1},"up":{"uv":[3.5,0.5,5.5,0],"rotation":90,"texture":"#0","tintindex":1},"down":{"uv":[3.5,3,5.5,2.5],"rotation":90,"texture":"#0","tintindex":1}}},{"from":[4.5,0,6],"to":[11.5,0,8],"rotation":{"angle":-22.5,"axis":"x","origin":[8,0,8]},"faces":{"up":{"uv":[3.5,9.5,7,10.5],"rotation":180,"texture":"#0"},"down":{"uv":[3.5,9.5,7,10.5],"texture":"#0"}}},{"from":[6,1,11],"to":[10,1,15],"rotation":{"angle":-22.5,"axis":"x","origin":[8,0,11]},"faces":{"up":{"uv":[7.5,9,9.5,11],"texture":"#0","tintindex":1},"down":{"uv":[7.5,9,9.5,11],"rotation":180,"texture":"#0","tintindex":1}}}],"display":{"thirdperson_righthand":{"rotation":[59,39,0],"translation":[-0.5,1,2.5],"scale":[0.66,0.66,0.66]},"thirdperson_lefthand":{"rotation":[59,39,0],"translation":[-0.5,1,2.5],"scale":[0.66,0.66,0.66]},"firstperson_righthand":{"rotation":[0,116,0],"translation":[11,1,-8.25]},"firstperson_lefthand":{"rotation":[0,116,0],"translation":[11,1,-8.25]},"ground":{"rotation":[12,0,0],"translation":[0,3,0],"scale":[0.41,0.41,0.41]},"gui":{"rotation":[30,145,8],"translation":[0.5,2,0]},"fixed":{"rotation":[-79,0,0],"translation":[0,2.75,-20],"scale":[2.4,2.4,2.4]}}}