{"credit":"MadewithBlockbench","texture_size":[32,32],"textures":{"0":"owlsdev:plushies/sheep_plushie","particle":"owlsdev:plushies/sheep_plushie"},"elements":[{"from":[-1,0,4],"to":[4,2,6],"rotation":{"angle":-45,"axis":"y","origin":[1.5,1,6]},"faces":{"north":{"uv":[2,6,3,8.5],"rotation":270,"texture":"#0"},"east":{"uv":[0,6,0.5,6.5],"texture":"#0"},"south":{"uv":[3,6,2,8.5],"rotation":90,"texture":"#0"},"west":{"uv":[0,8,0.5,8.5],"texture":"#0"},"up":{"uv":[0,6,1,8.5],"rotation":90,"texture":"#0"},"down":{"uv":[0,6,1,8.5],"rotation":90,"texture":"#0"}}},{"from":[-1,0,13],"to":[4,2,15],"rotation":{"angle":45,"axis":"y","origin":[1.5,1,13]},"faces":{"north":{"uv":[2,6,3,8.5],"rotation":270,"texture":"#0"},"east":{"uv":[0,6,0.5,6.5],"texture":"#0"},"south":{"uv":[2,8.5,3,6],"rotation":270,"texture":"#0"},"west":{"uv":[0,8,0.5,8.5],"texture":"#0"},"up":{"uv":[0,6,1,8.5],"rotation":90,"texture":"#0"},"down":{"uv":[0,6,1,8.5],"rotation":90,"texture":"#0"}}},{"from":[12,0,13],"to":[17,2,15],"rotation":{"angle":-45,"axis":"y","origin":[14.5,1,13]},"faces":{"north":{"uv":[3,6,2,8.5],"rotation":90,"texture":"#0"},"east":{"uv":[0,8,0.5,8.5],"texture":"#0"},"south":{"uv":[2,6,3,8.5],"rotation":270,"texture":"#0"},"west":{"uv":[0,6,0.5,6.5],"texture":"#0"},"up":{"uv":[0,6,1,8.5],"rotation":270,"texture":"#0"},"down":{"uv":[0,6,1,8.5],"rotation":270,"texture":"#0"}}},{"from":[5,0,-1],"to":[11,6,-1],"faces":{"north":{"uv":[9,0,12,3],"texture":"#0"}}},{"from":[12,0,4],"to":[17,2,6],"rotation":{"angle":45,"axis":"y","origin":[14.5,1,6]},"faces":{"north":{"uv":[3,6,2,8.5],"rotation":90,"texture":"#0"},"east":{"uv":[0,8,0.5,8.5],"texture":"#0"},"south":{"uv":[2,6,3,8.5],"rotation":270,"texture":"#0"},"west":{"uv":[0,6,0.5,6.5],"texture":"#0"},"up":{"uv":[0,6,1,8.5],"rotation":270,"texture":"#0"},"down":{"uv":[0,6,1,8.5],"rotation":270,"texture":"#0"}}},{"from":[-1,0,13],"to":[4,2,15],"rotation":{"angle":45,"axis":"y","origin":[1.5,1,13]},"faces":{"north":{"uv":[1,6,2,8.5],"rotation":270,"texture":"#0","tintindex":1},"east":{"uv":[1,6,1.5,6.5],"texture":"#0","tintindex":1},"south":{"uv":[1,6,2,8.5],"rotation":90,"texture":"#0","tintindex":1},"up":{"uv":[1,6,2,8.5],"rotation":90,"texture":"#0","tintindex":1},"down":{"uv":[1,6,2,8.5],"rotation":90,"texture":"#0","tintindex":1}}},{"from":[-1,0,4],"to":[4,2,6],"rotation":{"angle":-45,"axis":"y","origin":[1.5,1,6]},"faces":{"north":{"uv":[1,6,2,8.5],"rotation":270,"texture":"#0","tintindex":1},"east":{"uv":[1,6,1.5,6.5],"texture":"#0","tintindex":1},"south":{"uv":[1,6,2,8.5],"rotation":90,"texture":"#0","tintindex":1},"up":{"uv":[1,6,2,8.5],"rotation":90,"texture":"#0","tintindex":1},"down":{"uv":[1,6,2,8.5],"rotation":90,"texture":"#0","tintindex":1}}},{"from":[4,0,4],"to":[12,5,14],"faces":{"north":{"uv":[3,3,7,5.5],"texture":"#0","tintindex":1},"east":{"uv":[12,3,7,5.5],"texture":"#0","tintindex":1},"south":{"uv":[3,5.5,7,8],"texture":"#0","tintindex":1},"west":{"uv":[7,3,12,5.5],"texture":"#0","tintindex":1},"up":{"uv":[7,5.5,12,9.5],"rotation":90,"texture":"#0","tintindex":1},"down":{"uv":[3,5,3.5,5.5],"texture":"#0","tintindex":1}}},{"from":[5,0,-1],"to":[11,6,5],"faces":{"north":{"uv":[0,0,3,3],"texture":"#0","tintindex":1},"east":{"uv":[6,0,3,3],"texture":"#0","tintindex":1},"south":{"uv":[6,0,9,3],"texture":"#0","tintindex":1},"west":{"uv":[3,0,6,3],"texture":"#0","tintindex":1},"up":{"uv":[0,3,3,6],"rotation":180,"texture":"#0","tintindex":1},"down":{"uv":[3,5,3.5,5.5],"texture":"#0","tintindex":1}}},{"from":[12,0,13],"to":[17,2,15],"rotation":{"angle":-45,"axis":"y","origin":[14.5,1,13]},"faces":{"north":{"uv":[1,6,2,8.5],"rotation":90,"texture":"#0","tintindex":1},"south":{"uv":[1,6,2,8.5],"rotation":270,"texture":"#0","tintindex":1},"west":{"uv":[1,6,1.5,6.5],"texture":"#0","tintindex":1},"up":{"uv":[1,6,2,8.5],"rotation":270,"texture":"#0","tintindex":1},"down":{"uv":[1,6,2,8.5],"rotation":270,"texture":"#0","tintindex":1}}},{"from":[12,0,4],"to":[17,2,6],"rotation":{"angle":45,"axis":"y","origin":[14.5,1,6]},"faces":{"north":{"uv":[1,6,2,8.5],"rotation":90,"texture":"#0","tintindex":1},"south":{"uv":[1,6,2,8.5],"rotation":270,"texture":"#0","tintindex":1},"west":{"uv":[1,6,1.5,6.5],"texture":"#0","tintindex":1},"up":{"uv":[1,6,2,8.5],"rotation":270,"texture":"#0","tintindex":1},"down":{"uv":[1,6,2,8.5],"rotation":270,"texture":"#0","tintindex":1}}}],"display":{"thirdperson_righthand":{"rotation":[55,56,0],"translation":[0.75,2.5,3.5],"scale":[0.54,0.54,0.54]},"thirdperson_lefthand":{"rotation":[55,56,0],"translation":[0.75,2.5,3.5],"scale":[0.54,0.54,0.54]},"firstperson_righthand":{"rotation":[0,111,0],"translation":[14.75,2.25,-11.75]},"firstperson_lefthand":{"rotation":[0,111,0],"translation":[14.75,2.25,-11.75]},"ground":{"translation":[0,6.25,0],"scale":[0.4,0.4,0.4]},"gui":{"rotation":[30,135,0],"translation":[-0.75,4.25,0],"scale":[0.79,0.79,0.79]},"fixed":{"rotation":[-90,0,0],"translation":[0,0,-16],"scale":[2.01,2.01,2.01]}},"groups":[{"name":"group","origin":[1.5,1,6],"color":0,"children":[0]},{"name":"group","origin":[1.5,1,6],"color":0,"children":[1]},{"name":"group","origin":[1.5,1,6],"color":0,"children":[2]},{"name":"group","origin":[1.5,1,6],"color":0,"children":[3,4]},{"name":"group","origin":[14.5,1,6],"color":0,"children":[5,6,7,8,9,10]}]}