{
	"credit": "Made with Blockbench",
	"texture_size": [32, 32],
	"textures": {
		"0": "block/item/shaurma/vegan",
		"particle": "block/item/shaurma/unnamed"
	},
	"elements": [
		{
			"from": [7, 0, 7],
			"to": [9, 0.5, 9],
			"rotation": {"angle": 0, "axis": "y", "origin": [8, 0, 8]},
			"faces": {
				"north": {"uv": [6, 0, 7, 0.25], "texture": "#0"},
				"east": {"uv": [6, 0.5, 7, 0.75], "texture": "#0"},
				"south": {"uv": [6, 1, 7, 1.25], "texture": "#0"},
				"west": {"uv": [6, 1.5, 7, 1.75], "texture": "#0"},
				"up": {"uv": [2, 5, 1, 4], "texture": "#0"},
				"down": {"uv": [5, 3.5, 4, 4.5], "texture": "#0"}
			}
		},
		{
			"from": [7, 0.25, 9],
			"to": [9, 7.25, 9.5],
			"rotation": {"angle": 0, "axis": "y", "origin": [8, 0, 8]},
			"faces": {
				"north": {"uv": [2, 0, 3, 3.5], "texture": "#0"},
				"east": {"uv": [5, 0, 5.25, 3.5], "texture": "#0"},
				"south": {"uv": [3, 0, 4, 3.5], "texture": "#0"},
				"west": {"uv": [1, 5, 1.25, 8.5], "texture": "#0"},
				"up": {"uv": [7, 2.25, 6, 2], "texture": "#0"},
				"down": {"uv": [7, 2.5, 6, 2.75], "texture": "#0"}
			}
		},
		{
			"from": [6.5, 0.25, 7],
			"to": [7, 7.25, 9],
			"rotation": {"angle": 0, "axis": "y", "origin": [8, 0, 8]},
			"faces": {
				"north": {"uv": [1.5, 5, 1.75, 8.5], "texture": "#0"},
				"east": {"uv": [2, 3.5, 3, 7], "texture": "#0"},
				"south": {"uv": [5, 3.5, 5.25, 7], "texture": "#0"},
				"west": {"uv": [3, 3.5, 4, 7], "texture": "#0"},
				"up": {"uv": [6.25, 4, 6, 3], "texture": "#0"},
				"down": {"uv": [6.25, 4, 6, 5], "texture": "#0"}
			}
		},
		{
			"from": [6.5, 7.25, 7],
			"to": [7, 7.75, 8],
			"rotation": {"angle": 0, "axis": "y", "origin": [8, 0, 8]},
			"faces": {
				"north": {"uv": [7.5, 5, 7.75, 5.25], "texture": "#0"},
				"east": {"uv": [2, 7, 2.5, 7.25], "texture": "#0"},
				"south": {"uv": [5.5, 7.5, 5.75, 7.75], "texture": "#0"},
				"west": {"uv": [2.5, 7, 3, 7.25], "texture": "#0"},
				"up": {"uv": [7.25, 3, 7, 2.5], "texture": "#0"},
				"down": {"uv": [3.25, 7, 3, 7.5], "texture": "#0"}
			}
		},
		{
			"from": [9, 7.25, 7],
			"to": [9.5, 7.75, 8],
			"rotation": {"angle": 0, "axis": "y", "origin": [8, 0, 8]},
			"faces": {
				"north": {"uv": [7.5, 5.5, 7.75, 5.75], "texture": "#0"},
				"east": {"uv": [7, 3, 7.5, 3.25], "texture": "#0"},
				"south": {"uv": [6, 7.5, 6.25, 7.75], "texture": "#0"},
				"west": {"uv": [3.5, 7, 4, 7.25], "texture": "#0"},
				"up": {"uv": [7.25, 4, 7, 3.5], "texture": "#0"},
				"down": {"uv": [7.25, 4, 7, 4.5], "texture": "#0"}
			}
		},
		{
			"from": [7, 6.5, 8],
			"to": [7.5, 7, 9],
			"rotation": {"angle": 0, "axis": "y", "origin": [8, 0, 8]},
			"faces": {
				"north": {"uv": [7.5, 6, 7.75, 6.25], "texture": "#0"},
				"east": {"uv": [7, 4.5, 7.5, 4.75], "texture": "#0"},
				"south": {"uv": [6.5, 7.5, 6.75, 7.75], "texture": "#0"},
				"west": {"uv": [5, 7, 5.5, 7.25], "texture": "#0"},
				"up": {"uv": [7.25, 5.5, 7, 5], "texture": "#0"},
				"down": {"uv": [5.75, 7, 5.5, 7.5], "texture": "#0"}
			}
		},
		{
			"from": [8, 6.5, 8],
			"to": [8.5, 7, 9],
			"rotation": {"angle": 0, "axis": "y", "origin": [8, 0, 8]},
			"faces": {
				"north": {"uv": [7.5, 6.5, 7.75, 6.75], "texture": "#0"},
				"east": {"uv": [6, 7, 6.5, 7.25], "texture": "#0"},
				"south": {"uv": [7, 7.5, 7.25, 7.75], "texture": "#0"},
				"west": {"uv": [6.5, 7, 7, 7.25], "texture": "#0"},
				"up": {"uv": [7.25, 7, 7, 6.5], "texture": "#0"},
				"down": {"uv": [7.25, 7, 7, 7.5], "texture": "#0"}
			}
		},
		{
			"from": [7.5, 6.5, 7],
			"to": [8, 7, 8],
			"rotation": {"angle": 0, "axis": "y", "origin": [8, 0, 8]},
			"faces": {
				"north": {"uv": [7.5, 7, 7.75, 7.25], "texture": "#0"},
				"east": {"uv": [0, 7.5, 0.5, 7.75], "texture": "#0"},
				"south": {"uv": [7.5, 7.5, 7.75, 7.75], "texture": "#0"},
				"west": {"uv": [0.5, 7.5, 1, 7.75], "texture": "#0"},
				"up": {"uv": [7.75, 1, 7.5, 0.5], "texture": "#0"},
				"down": {"uv": [7.75, 1, 7.5, 1.5], "texture": "#0"}
			}
		},
		{
			"from": [8.5, 6.5, 7],
			"to": [9, 7, 7.5],
			"rotation": {"angle": 0, "axis": "y", "origin": [8, 0, 8]},
			"faces": {
				"north": {"uv": [0, 8, 0.25, 8.25], "texture": "#0"},
				"east": {"uv": [8, 0, 8.25, 0.25], "texture": "#0"},
				"south": {"uv": [0.5, 8, 0.75, 8.25], "texture": "#0"},
				"west": {"uv": [8, 0.5, 8.25, 0.75], "texture": "#0"},
				"up": {"uv": [8.25, 1.25, 8, 1], "texture": "#0"},
				"down": {"uv": [8.25, 1.5, 8, 1.75], "texture": "#0"}
			}
		},
		{
			"from": [7, 6.25, 7],
			"to": [7.5, 7.25, 8],
			"rotation": {"angle": 0, "axis": "y", "origin": [8, 0, 8]},
			"faces": {
				"north": {"uv": [7.5, 1.5, 7.75, 2], "texture": "#0"},
				"east": {"uv": [6, 5, 6.5, 5.5], "texture": "#0"},
				"south": {"uv": [2, 7.5, 2.25, 8], "texture": "#0"},
				"west": {"uv": [6, 5.5, 6.5, 6], "texture": "#0"},
				"up": {"uv": [7.75, 2.5, 7.5, 2], "texture": "#0"},
				"down": {"uv": [2.75, 7.5, 2.5, 8], "texture": "#0"}
			}
		},
		{
			"from": [8, 6.25, 7],
			"to": [8.5, 7.25, 8],
			"rotation": {"angle": 0, "axis": "y", "origin": [8, 0, 8]},
			"faces": {
				"north": {"uv": [7.5, 2.5, 7.75, 3], "texture": "#0"},
				"east": {"uv": [6, 6, 6.5, 6.5], "texture": "#0"},
				"south": {"uv": [3, 7.5, 3.25, 8], "texture": "#0"},
				"west": {"uv": [6.5, 3, 7, 3.5], "texture": "#0"},
				"up": {"uv": [7.75, 3.5, 7.5, 3], "texture": "#0"},
				"down": {"uv": [3.75, 7.5, 3.5, 8], "texture": "#0"}
			}
		},
		{
			"from": [7.5, 6.25, 8],
			"to": [8, 6.75, 9],
			"rotation": {"angle": 0, "axis": "y", "origin": [8, 0, 8]},
			"faces": {
				"north": {"uv": [2, 8, 2.25, 8.25], "texture": "#0"},
				"east": {"uv": [7.5, 3.5, 8, 3.75], "texture": "#0"},
				"south": {"uv": [8, 2, 8.25, 2.25], "texture": "#0"},
				"west": {"uv": [7.5, 4, 8, 4.25], "texture": "#0"},
				"up": {"uv": [7.75, 5, 7.5, 4.5], "texture": "#0"},
				"down": {"uv": [5.25, 7.5, 5, 8], "texture": "#0"}
			}
		},
		{
			"from": [8.5, 6.25, 7.5],
			"to": [9, 6.75, 9],
			"rotation": {"angle": 0, "axis": "y", "origin": [8, 0, 8]},
			"faces": {
				"north": {"uv": [2.5, 8, 2.75, 8.25], "texture": "#0"},
				"east": {"uv": [6.5, 6, 7.25, 6.25], "texture": "#0"},
				"south": {"uv": [8, 2.5, 8.25, 2.75], "texture": "#0"},
				"west": {"uv": [7, 0, 7.75, 0.25], "texture": "#0"},
				"up": {"uv": [7.25, 1.25, 7, 0.5], "texture": "#0"},
				"down": {"uv": [7.25, 1.5, 7, 2.25], "texture": "#0"}
			}
		},
		{
			"from": [9, 0.25, 7],
			"to": [9.5, 7.25, 9],
			"rotation": {"angle": 0, "axis": "y", "origin": [8, 0, 8]},
			"faces": {
				"north": {"uv": [5.5, 0, 5.75, 3.5], "texture": "#0"},
				"east": {"uv": [0, 4, 1, 7.5], "texture": "#0"},
				"south": {"uv": [5.5, 3.5, 5.75, 7], "texture": "#0"},
				"west": {"uv": [4, 0, 5, 3.5], "texture": "#0"},
				"up": {"uv": [6.75, 4.5, 6.5, 3.5], "texture": "#0"},
				"down": {"uv": [6.75, 4.5, 6.5, 5.5], "texture": "#0"}
			}
		},
		{
			"from": [7, 0.25, 6.5],
			"to": [9, 8.25, 7],
			"rotation": {"angle": 0, "axis": "y", "origin": [8, 0, 8]},
			"faces": {
				"north": {"uv": [0, 0, 1, 4], "texture": "#0"},
				"east": {"uv": [4, 4.5, 4.25, 8.5], "texture": "#0"},
				"south": {"uv": [1, 0, 2, 4], "texture": "#0"},
				"west": {"uv": [4.5, 4.5, 4.75, 8.5], "texture": "#0"},
				"up": {"uv": [7.5, 5.75, 6.5, 5.5], "texture": "#0"},
				"down": {"uv": [7, 6.5, 6, 6.75], "texture": "#0"}
			}
		}
	],
	"display": {
		"thirdperson_righthand": {
			"translation": [0, 3, -0.75]
		},
		"firstperson_righthand": {
			"rotation": [0, -36, 0],
			"translation": [0, 4.5, 0]
		},
		"gui": {
			"translation": [0, 6.25, 0],
			"scale": [1.72, 1.72, 1.72]
		}
	},
	"groups": [
		{
			"name": "group",
			"origin": [0, 0, 0],
			"color": 0,
			"children": [0, 1, 2, 3, 4, 5, 6, 7, 8, 9, 10, 11, 12, 13, 14]
		}
	]
}