{"credit":"MadewithBlockbench","texture_size":[128,128],"textures":{"0":"owlsdev:furniture/newfurn/big_table","particle":"big_table"},"elements":[{"from":[-4.51,13.9,-15.15],"to":[19.99,15.86,31.89],"rotation":{"angle":0,"axis":"y","origin":[0.39,0.18,0.53]},"faces":{"north":{"uv":[7.625,5,10.75,5.25],"texture":"#0"},"east":{"uv":[7.375,6.75,13.375,7],"texture":"#0"},"south":{"uv":[7.625,5.25,10.75,5.5],"texture":"#0"},"west":{"uv":[7.375,7,13.375,7.25],"texture":"#0"},"up":{"uv":[5.875,13.25,2.75,7.25],"texture":"#0"},"down":{"uv":[5.875,7.25,2.75,13.25],"texture":"#0"}}},{"from":[-7.45,2.14,-9.76],"to":[23.91,6.06,-9.76],"rotation":{"angle":0,"axis":"y","origin":[23.91,-6.68,0.53]},"faces":{"north":{"uv":[3.375,6.75,7.375,7.25],"texture":"#0"},"east":{"uv":[0,0,0,0.5],"texture":"#0"},"south":{"uv":[3.375,6.75,7.375,7.25],"texture":"#0"},"west":{"uv":[0,0,0,0.5],"texture":"#0"},"up":{"uv":[4,0,0,0],"texture":"#0"},"down":{"uv":[4,0,0,0],"texture":"#0"}}},{"from":[-16,7.04,-15.15],"to":[-5.49,9,31.89],"rotation":{"angle":0,"axis":"y","origin":[-9.41,-6.68,0.53]},"faces":{"north":{"uv":[6.25,5,7.625,5.25],"texture":"#0"},"east":{"uv":[6.25,4.75,12.25,5],"texture":"#0"},"south":{"uv":[6.25,5.25,7.625,5.5],"texture":"#0"},"west":{"uv":[6.25,4.75,12.25,5],"texture":"#0"},"up":{"uv":[1.375,12,0,6],"texture":"#0"},"down":{"uv":[1.375,6,0,12],"texture":"#0"}}},{"from":[21.95,7.04,-15.15],"to":[32,9,31.89],"rotation":{"angle":0,"axis":"y","origin":[25.87,-6.68,0.53]},"faces":{"north":{"uv":[7.625,5,6.25,5.25],"texture":"#0"},"east":{"uv":[12.25,4.75,6.25,5],"texture":"#0"},"south":{"uv":[7.625,5.25,6.25,5.5],"texture":"#0"},"west":{"uv":[12.25,4.75,6.25,5],"texture":"#0"},"up":{"uv":[0,12,1.375,6],"texture":"#0"},"down":{"uv":[0,6,1.375,12],"texture":"#0"}}},{"from":[-16,7.04,-12.21],"to":[7.25,10.96,-7.31],"rotation":{"angle":45,"axis":"z","origin":[-3.04,9,-9.76]},"faces":{"north":{"uv":[6.25,3.5,9.5,4],"texture":"#0"},"east":{"uv":[6.25,5.5,6.875,6],"texture":"#0"},"south":{"uv":[9.5,3.5,6.25,4],"texture":"#0"},"west":{"uv":[2.75,6.75,3.375,7.25],"texture":"#0"},"up":{"uv":[9.5,2.875,6.25,2.25],"texture":"#0"},"down":{"uv":[9.5,2.875,6.25,3.5],"texture":"#0"}}},{"from":[9.21,7.04,-12.21],"to":[32,10.96,-7.31],"rotation":{"angle":-45,"axis":"z","origin":[19.5,9,-9.76]},"faces":{"north":{"uv":[9.5,3.5,6.25,4],"texture":"#0"},"east":{"uv":[3.375,6.75,2.75,7.25],"texture":"#0"},"south":{"uv":[6.25,3.5,9.5,4],"texture":"#0"},"west":{"uv":[6.875,5.5,6.25,6],"texture":"#0"},"up":{"uv":[6.25,2.875,9.5,2.25],"texture":"#0"},"down":{"uv":[6.25,2.875,9.5,3.5],"texture":"#0"}}},{"from":[-16,7.04,24.05],"to":[7.25,10.96,28.95],"rotation":{"angle":45,"axis":"z","origin":[-3.04,9,26.5]},"faces":{"north":{"uv":[6.25,3.5,9.5,4],"texture":"#0"},"east":{"uv":[6.875,5.5,6.25,6],"texture":"#0"},"south":{"uv":[9.5,3.5,6.25,4],"texture":"#0"},"west":{"uv":[3.375,6.75,2.75,7.25],"texture":"#0"},"up":{"uv":[9.5,2.25,6.25,2.875],"texture":"#0"},"down":{"uv":[9.5,3.5,6.25,2.875],"texture":"#0"}}},{"from":[-7.45,2.14,26.5],"to":[23.91,6.06,26.5],"rotation":{"angle":0,"axis":"y","origin":[23.91,-6.68,16.21]},"faces":{"north":{"uv":[7.375,6.75,3.375,7.25],"texture":"#0"},"east":{"uv":[0,0,0,0.5],"texture":"#0"},"south":{"uv":[7.375,6.75,3.375,7.25],"texture":"#0"},"west":{"uv":[0,0,0,0.5],"texture":"#0"},"up":{"uv":[4,0,0,0],"texture":"#0"},"down":{"uv":[4,0,0,0],"texture":"#0"}}},{"from":[9.21,7.04,24.05],"to":[32,10.96,28.95],"rotation":{"angle":-45,"axis":"z","origin":[19.5,9,26.5]},"faces":{"north":{"uv":[9.5,3.5,6.25,4],"texture":"#0"},"east":{"uv":[2.75,6.75,3.375,7.25],"texture":"#0"},"south":{"uv":[6.25,3.5,9.5,4],"texture":"#0"},"west":{"uv":[6.25,5.5,6.875,6],"texture":"#0"},"up":{"uv":[6.25,2.25,9.5,2.875],"texture":"#0"},"down":{"uv":[6.25,3.5,9.5,2.875],"texture":"#0"}}}],"display":{"thirdperson_righthand":{"scale":[0.2,0.2,0.2]},"thirdperson_lefthand":{"scale":[0.2,0.2,0.2]},"firstperson_righthand":{"scale":[0.3,0.3,0.3]},"firstperson_lefthand":{"scale":[0.3,0.3,0.3]},"ground":{"scale":[0.3,0.3,0.3]},"gui":{"rotation":[12,18,0],"scale":[0.19,0.2,0.2]},"head":{"translation":[0,-31,0],"scale":[1.5,1.5,1.5]},"fixed":{"rotation":[-90,0,0],"translation":[0,0,-18.25],"scale":[2,2,2]}},"groups":[{"name":"group","origin":[19.5,9,26.5],"color":0,"children":[0,1,2,3,4,5,6,7,8]}]}