{"credit":"MadewithBlockbench","texture_size":[64,64],"textures":{"0":"owlsdev:furniture/newfurn/white"},"elements":[{"from":[0,27.75,7.5625],"to":[16,28.75,8.5625],"rotation":{"angle":0,"axis":"y","origin":[8,-5.25,0.5625]},"faces":{"north":{"uv":[0.5,5,5,5.25],"texture":"#0"},"east":{"uv":[2.5,5.75,2.75,6],"texture":"#0"},"south":{"uv":[5,5,9.5,5.25],"texture":"#0"},"west":{"uv":[2.75,5.75,3,6],"texture":"#0"},"up":{"uv":[5,5.5,0.5,5.25],"texture":"#0"},"down":{"uv":[9.5,5.25,5,5.5],"texture":"#0"}}},{"from":[14,27.5,7.3125],"to":[14.5,29,8.8125],"rotation":{"angle":0,"axis":"y","origin":[8,-5.25,0.5625]},"faces":{"north":{"uv":[1.5,5.75,1.75,6.25],"texture":"#0"},"east":{"uv":[0.5,5.75,1,6.25],"texture":"#0"},"south":{"uv":[1.75,5.75,2,6.25],"texture":"#0"},"west":{"uv":[1,5.75,1.5,6.25],"texture":"#0"},"up":{"uv":[2.25,6.25,2,5.75],"texture":"#0"},"down":{"uv":[2.5,5.75,2.25,6.25],"texture":"#0"}}},{"from":[12,27.5,7.3125],"to":[12.5,29,8.8125],"rotation":{"angle":0,"axis":"y","origin":[8,-5.25,0.5625]},"faces":{"north":{"uv":[1.5,5.75,1.75,6.25],"texture":"#0"},"east":{"uv":[0.5,5.75,1,6.25],"texture":"#0"},"south":{"uv":[1.75,5.75,2,6.25],"texture":"#0"},"west":{"uv":[1,5.75,1.5,6.25],"texture":"#0"},"up":{"uv":[2.25,6.25,2,5.75],"texture":"#0"},"down":{"uv":[2.5,5.75,2.25,6.25],"texture":"#0"}}},{"from":[10,27.5,7.3125],"to":[10.5,29,8.8125],"rotation":{"angle":0,"axis":"y","origin":[8,-5.25,0.5625]},"faces":{"north":{"uv":[1.5,5.75,1.75,6.25],"texture":"#0"},"east":{"uv":[0.5,5.75,1,6.25],"texture":"#0"},"south":{"uv":[1.75,5.75,2,6.25],"texture":"#0"},"west":{"uv":[1,5.75,1.5,6.25],"texture":"#0"},"up":{"uv":[2.25,6.25,2,5.75],"texture":"#0"},"down":{"uv":[2.5,5.75,2.25,6.25],"texture":"#0"}}},{"from":[7.75,27.5,7.3125],"to":[8.25,29,8.8125],"rotation":{"angle":0,"axis":"y","origin":[8,-5.25,0.5625]},"faces":{"north":{"uv":[1.5,5.75,1.75,6.25],"texture":"#0"},"east":{"uv":[0.5,5.75,1,6.25],"texture":"#0"},"south":{"uv":[1.75,5.75,2,6.25],"texture":"#0"},"west":{"uv":[1,5.75,1.5,6.25],"texture":"#0"},"up":{"uv":[2.25,6.25,2,5.75],"texture":"#0"},"down":{"uv":[2.5,5.75,2.25,6.25],"texture":"#0"}}},{"from":[1.5,27.5,7.3125],"to":[2,29,8.8125],"rotation":{"angle":0,"axis":"y","origin":[8,-5.25,0.5625]},"faces":{"north":{"uv":[1.5,5.75,1.75,6.25],"texture":"#0"},"east":{"uv":[0.5,5.75,1,6.25],"texture":"#0"},"south":{"uv":[1.75,5.75,2,6.25],"texture":"#0"},"west":{"uv":[1,5.75,1.5,6.25],"texture":"#0"},"up":{"uv":[2.25,6.25,2,5.75],"texture":"#0"},"down":{"uv":[2.5,5.75,2.25,6.25],"texture":"#0"}}},{"from":[3.5,27.5,7.3125],"to":[4,29,8.8125],"rotation":{"angle":0,"axis":"y","origin":[8,-5.25,0.5625]},"faces":{"north":{"uv":[1.5,5.75,1.75,6.25],"texture":"#0"},"east":{"uv":[0.5,5.75,1,6.25],"texture":"#0"},"south":{"uv":[1.75,5.75,2,6.25],"texture":"#0"},"west":{"uv":[1,5.75,1.5,6.25],"texture":"#0"},"up":{"uv":[2.25,6.25,2,5.75],"texture":"#0"},"down":{"uv":[2.5,5.75,2.25,6.25],"texture":"#0"}}},{"from":[5.5,27.5,7.3125],"to":[6,29,8.8125],"rotation":{"angle":0,"axis":"y","origin":[8,-5.25,0.5625]},"faces":{"north":{"uv":[1.5,5.75,1.75,6.25],"texture":"#0"},"east":{"uv":[0.5,5.75,1,6.25],"texture":"#0"},"south":{"uv":[1.75,5.75,2,6.25],"texture":"#0"},"west":{"uv":[1,5.75,1.5,6.25],"texture":"#0"},"up":{"uv":[2.25,6.25,2,5.75],"texture":"#0"},"down":{"uv":[2.5,5.75,2.25,6.25],"texture":"#0"}}},{"from":[0,-0.25,7.8125],"to":[16,27.75,8.0625],"rotation":{"angle":0,"axis":"y","origin":[8,-5.25,0.5625]},"faces":{"north":{"uv":[0,0,4,5],"texture":"#0"},"east":{"uv":[0,0,0.25,5],"texture":"#0"},"south":{"uv":[4,0,0,5],"texture":"#0"},"west":{"uv":[3.75,0,4,5],"texture":"#0"},"up":{"uv":[4,0.25,0,0],"texture":"#0"},"down":{"uv":[8.5,5.75,4.5,6],"texture":"#0"}}}],"display":{"firstperson_righthand":{"scale":[0.43,0.43,0.43]},"gui":{"scale":[0.35,0.36,0.36]},"head":{"translation":[0,-53,11.5],"scale":[1.6,1.6,1.6]},"fixed":{"rotation":[90,0,0],"translation":[0,0,-43.75],"scale":[2,2,2]}},"groups":[{"name":"bone","origin":[8,-5.25,0.5625],"color":0,"children":[0,1,2,3,4,5,6,7,8]}]}