{"credit":"MadewithBlockbench","textures":{"0":"owlsdev:furniture/newfurn/iron_table","particle":"owlsdev:furniture/newfurn/iron_table"},"elements":[{"from":[-8,14,-8],"to":[24,16.1,24],"faces":{"north":{"uv":[0,8,8,8.5],"texture":"#0"},"east":{"uv":[0,8,8,8.5],"texture":"#0"},"south":{"uv":[0,8,8,8.5],"texture":"#0"},"west":{"uv":[0,8,8,8.5],"texture":"#0"},"up":{"uv":[0,0,8,8],"texture":"#0"}}},{"from":[24,16.1,24],"to":[-8,14,-8],"faces":{"north":{"uv":[0,8,8,8.5],"rotation":180,"texture":"#0"},"east":{"uv":[0,8,8,8.5],"rotation":180,"texture":"#0"},"south":{"uv":[0,8,8,8.5],"rotation":180,"texture":"#0"},"west":{"uv":[0,8,8,8.5],"rotation":180,"texture":"#0"},"down":{"uv":[0,0,8,8],"texture":"#0"}}},{"from":[7,0,7],"to":[9,16,9],"faces":{"north":{"uv":[8,0,8.5,4],"texture":"#0"},"east":{"uv":[8,0,8.5,4],"texture":"#0"},"south":{"uv":[8,0,8.5,4],"texture":"#0"},"west":{"uv":[8,0,8.5,4],"texture":"#0"},"up":{"uv":[8,0,8.5,0.5],"texture":"#0"},"down":{"uv":[8,0,8.5,0.5],"texture":"#0"}}},{"from":[-2.5,0,8],"to":[18.5,9,8],"rotation":{"angle":-45,"axis":"y","origin":[8,8,8]},"faces":{"north":{"uv":[8,4,13.25,6.25],"texture":"#0"},"south":{"uv":[8,4,13.25,6.25],"texture":"#0"}}},{"from":[-2.5,0,8],"to":[18.5,9,8],"rotation":{"angle":45,"axis":"y","origin":[8,8,8]},"faces":{"north":{"uv":[8,4,13.25,6.25],"texture":"#0"},"south":{"uv":[8,4,13.25,6.25],"texture":"#0"}}}],"display":{"thirdperson_righthand":{"rotation":[21,0,0],"scale":[0.2,0.2,0.2]},"thirdperson_lefthand":{"rotation":[21,0,0],"scale":[0.2,0.2,0.2]},"firstperson_righthand":{"rotation":[4,120,0],"translation":[19.25,-10.25,-9.25]},"firstperson_lefthand":{"rotation":[4,120,0],"translation":[19.25,-10.25,-9.25]},"ground":{"translation":[0,5.25,0],"scale":[0.3,0.3,0.3]},"gui":{"rotation":[30,135,0],"translation":[0,-0.75,0],"scale":[0.4,0.4,0.4]},"head":{"translation":[0,14,0]},"fixed":{"rotation":[-90,0,0],"translation":[0,0,-16],"scale":[2,2,2]}}}