{"credit":"MadewithBlockbench","textures":{"0":"owlsdev:furniture/newfurn/park_bench","particle":"owlsdev:furniture/newfurn/park_bench"},"elements":[{"from":[-6,0,15],"to":[22,14,15],"faces":{"north":{"uv":[0.5,0,7.5,3.5],"texture":"#0"},"south":{"uv":[0.5,0,7.5,3.5],"texture":"#0"}}},{"from":[-8,0,14],"to":[-6,13,16],"faces":{"north":{"uv":[7.5,0.25,8,3.5],"texture":"#0"},"east":{"uv":[7.5,0.25,8,3.5],"texture":"#0"},"south":{"uv":[8,0.25,7.5,3.5],"texture":"#0"},"west":{"uv":[7.5,0.25,8,3.5],"texture":"#0"},"up":{"uv":[7.5,0.25,7.75,0.5],"texture":"#0"},"down":{"uv":[0,3.5,0.5,4],"texture":"#0"}}},{"from":[22,0,14],"to":[24,13,16],"faces":{"north":{"uv":[8,0.25,7.5,3.5],"texture":"#0"},"east":{"uv":[7.5,0.25,8,3.5],"texture":"#0"},"south":{"uv":[7.5,0.25,8,3.5],"texture":"#0"},"west":{"uv":[7.5,0.25,8,3.5],"texture":"#0"},"up":{"uv":[7.5,0.25,7.75,0.5],"texture":"#0"},"down":{"uv":[0,3.5,0.5,4],"texture":"#0"}}},{"from":[-8,-2,0],"to":[-6,0,16],"faces":{"north":{"uv":[0,3.5,0.5,4],"texture":"#0"},"east":{"uv":[7.5,3.5,8,7.5],"rotation":90,"texture":"#0"},"south":{"uv":[0,3.5,0.5,4],"texture":"#0"},"west":{"uv":[7.5,3.5,8,7.5],"rotation":90,"texture":"#0"},"up":{"uv":[7.5,3.5,8,7.5],"rotation":180,"texture":"#0"},"down":{"uv":[7.5,3.5,8,7.5],"rotation":180,"texture":"#0"}}},{"from":[22,-2,0],"to":[24,0,16],"faces":{"north":{"uv":[0,3.5,0.5,4],"texture":"#0"},"east":{"uv":[7.5,3.5,8,7.5],"rotation":90,"texture":"#0"},"south":{"uv":[0,3.5,0.5,4],"texture":"#0"},"west":{"uv":[7.5,3.5,8,7.5],"rotation":90,"texture":"#0"},"up":{"uv":[8,3.5,7.5,7.5],"rotation":180,"texture":"#0"},"down":{"uv":[7.5,3.5,8,7.5],"rotation":180,"texture":"#0"}}},{"from":[-6,0,0],"to":[22,0,16],"faces":{"up":{"uv":[0.5,3.5,7.5,7.5],"rotation":180,"texture":"#0"},"down":{"uv":[0.5,3.5,7.5,7.5],"texture":"#0"}}},{"from":[22,-9,1],"to":[24,-2,3],"faces":{"north":{"uv":[0,7.5,1.75,8],"rotation":90,"texture":"#0"},"east":{"uv":[0,7.5,1.75,8],"rotation":90,"texture":"#0"},"south":{"uv":[0,7.5,1.75,8],"rotation":90,"texture":"#0"},"west":{"uv":[0,7.5,1.75,8],"rotation":90,"texture":"#0"},"up":{"uv":[0,3.5,0.5,4],"texture":"#0"},"down":{"uv":[0,3.5,0.5,4],"texture":"#0"}}},{"from":[22,-9,13],"to":[24,-2,15],"faces":{"north":{"uv":[0,7.5,1.75,8],"rotation":90,"texture":"#0"},"east":{"uv":[0,7.5,1.75,8],"rotation":90,"texture":"#0"},"south":{"uv":[0,7.5,1.75,8],"rotation":90,"texture":"#0"},"west":{"uv":[0,7.5,1.75,8],"rotation":90,"texture":"#0"},"up":{"uv":[0,3.5,0.5,4],"texture":"#0"},"down":{"uv":[0,3.5,0.5,4],"texture":"#0"}}},{"from":[-8,-9,1],"to":[-6,-2,3],"faces":{"north":{"uv":[0,7.5,1.75,8],"rotation":90,"texture":"#0"},"east":{"uv":[0,7.5,1.75,8],"rotation":90,"texture":"#0"},"south":{"uv":[0,7.5,1.75,8],"rotation":90,"texture":"#0"},"west":{"uv":[0,7.5,1.75,8],"rotation":90,"texture":"#0"},"up":{"uv":[0,3.5,0.5,4],"texture":"#0"},"down":{"uv":[0,3.5,0.5,4],"texture":"#0"}}},{"from":[-8,-9,13],"to":[-6,-2,15],"faces":{"north":{"uv":[0,7.5,1.75,8],"rotation":90,"texture":"#0"},"east":{"uv":[0,7.5,1.75,8],"rotation":90,"texture":"#0"},"south":{"uv":[0,7.5,1.75,8],"rotation":90,"texture":"#0"},"west":{"uv":[0,7.5,1.75,8],"rotation":90,"texture":"#0"},"up":{"uv":[0,3.5,0.5,4],"texture":"#0"},"down":{"uv":[0,3.5,0.5,4],"texture":"#0"}}},{"from":[-8,5,0],"to":[-6,6,14],"faces":{"north":{"uv":[0,3.5,0.5,4],"texture":"#0"},"east":{"uv":[7.5,4,7.75,7.5],"rotation":90,"texture":"#0"},"south":{"uv":[0,3.5,0.5,4],"texture":"#0"},"west":{"uv":[7.5,4,7.75,7.5],"rotation":90,"texture":"#0"},"up":{"uv":[7.5,3.5,8,7],"rotation":180,"texture":"#0"},"down":{"uv":[7.5,3.5,8,7],"rotation":180,"texture":"#0"}}},{"from":[22,5,0],"to":[24,6,14],"faces":{"north":{"uv":[0,3.5,0.5,4],"texture":"#0"},"east":{"uv":[7.5,4,7.75,7.5],"rotation":90,"texture":"#0"},"south":{"uv":[0,3.5,0.5,4],"texture":"#0"},"west":{"uv":[7.5,4,7.75,7.5],"rotation":90,"texture":"#0"},"up":{"uv":[7.5,3.5,8,7],"rotation":180,"texture":"#0"},"down":{"uv":[7.5,3.5,8,7],"rotation":180,"texture":"#0"}}},{"from":[-7,0,0],"to":[-7,9,14],"faces":{"east":{"uv":[12.25,0.75,8.75,3],"texture":"#0"},"west":{"uv":[8.75,0.75,12.25,3],"texture":"#0"}}},{"from":[23,0,0],"to":[23,9,14],"faces":{"east":{"uv":[12.25,0.75,8.75,3],"texture":"#0"},"west":{"uv":[8.75,0.75,12.25,3],"texture":"#0"}}}],"display":{"thirdperson_righthand":{"rotation":[0,156,0],"translation":[0,1.25,-0.25],"scale":[0.1,0.1,0.1]},"thirdperson_lefthand":{"rotation":[0,156,0],"translation":[0,1.25,-0.25],"scale":[0.1,0.1,0.1]},"firstperson_righthand":{"rotation":[2,125,0],"translation":[8,3.25,-2.5],"scale":[0.5,0.5,0.5]},"firstperson_lefthand":{"rotation":[2,125,0],"translation":[8,3.25,-2.5],"scale":[0.5,0.5,0.5]},"ground":{"translation":[0,2.5,0],"scale":[0.2,0.2,0.2]},"gui":{"rotation":[30,135,0],"translation":[0,2.25,0],"scale":[0.4,0.4,0.4]},"head":{"translation":[0,13.25,0],"scale":[0.4,0.4,0.4]},"fixed":{"rotation":[-90,0,0],"translation":[-16,0,-35],"scale":[2,2,2]}}}