{"credit":"MadewithBlockbench","texture_size":[128,128],"textures":{"0":"owlsdev:furniture/newfurn/rare_rug","particle":"owlsdev:furniture/newfurn/rare_rug"},"elements":[{"from":[-16,0,-16],"to":[32,0,32],"faces":{"up":{"uv":[0,0,12,12],"texture":"#0"},"down":{"uv":[0,0,12,12],"texture":"#0"}}}],"display":{"thirdperson_righthand":{"rotation":[55,45,0],"translation":[0,4.75,1.5],"scale":[0.2,0.2,0.2]},"thirdperson_lefthand":{"rotation":[55,45,0],"translation":[0,4.75,1.5],"scale":[0.2,0.2,0.2]},"firstperson_righthand":{"translation":[35.25,-6.25,-18.5]},"firstperson_lefthand":{"translation":[35.25,-6.25,-18.5]},"ground":{"translation":[0,13.25,0],"scale":[0.39,0.39,0.39]},"gui":{"rotation":[30,45,0],"translation":[0,2.5,0],"scale":[0.3,0.3,0.3]},"head":{"translation":[0,15.25,0]},"fixed":{"rotation":[90,0,0],"translation":[0,0,15],"scale":[2,2,2]}}}