{"credit":"MadewithBlockbench","texture_size":[64,64],"textures":{"0":"owlsdev:furniture/newfurn/windstand","particle":"windstand"},"elements":[{"from":[4,-0.025,5],"to":[11,2.975,12],"rotation":{"angle":0,"axis":"y","origin":[0,-0.025,0]},"faces":{"north":{"uv":[6,1.25,7.75,2],"texture":"#0"},"east":{"uv":[7.75,1.25,6,2],"texture":"#0"},"south":{"uv":[6,1.25,7.75,2],"texture":"#0"},"west":{"uv":[7.75,1.25,6,2],"texture":"#0"},"up":{"uv":[4.75,1.75,3,0],"texture":"#0"},"down":{"uv":[4.75,1.75,3,3.5],"rotation":180,"texture":"#0"}}},{"from":[6.5,0,0],"to":[8.5,1,17],"faces":{"north":{"uv":[2,7.25,2.5,7.5],"texture":"#0"},"east":{"uv":[6.25,4.25,10.5,4.5],"texture":"#0"},"south":{"uv":[5.75,7.5,6.25,7.75],"texture":"#0"},"west":{"uv":[6.25,4.5,10.5,4.75],"texture":"#0"},"up":{"uv":[5,7.75,4.5,3.5],"texture":"#0"},"down":{"uv":[5,3.5,4.5,7.75],"texture":"#0"}}},{"from":[4.5,0,-14],"to":[10.5,1,0],"rotation":{"angle":0,"axis":"y","origin":[7.5,0.5,8.5]},"faces":{"north":{"uv":[6.25,6,7.75,6.25],"texture":"#0"},"east":{"uv":[6.25,5.75,9.75,6],"texture":"#0"},"south":{"uv":[7.25,1,8.75,1.25],"texture":"#0"},"west":{"uv":[6,6.25,9.5,6.5],"texture":"#0"},"up":{"uv":[1.5,3.5,0,0],"texture":"#0"},"down":{"uv":[1.5,0,0,3.5],"texture":"#0"}}},{"from":[4.5,0,17],"to":[10.5,1,31],"rotation":{"angle":0,"axis":"y","origin":[7.5,0.5,8.5]},"faces":{"north":{"uv":[8.75,1,7.25,1.25],"texture":"#0"},"east":{"uv":[9.75,5.75,6.25,6],"texture":"#0"},"south":{"uv":[7.75,6,6.25,6.25],"texture":"#0"},"west":{"uv":[9.5,6.25,6,6.5],"texture":"#0"},"up":{"uv":[1.5,0,0,3.5],"texture":"#0"},"down":{"uv":[1.5,3.5,0,0],"texture":"#0"}}},{"from":[6,3,7],"to":[9,7,10],"faces":{"north":{"uv":[6,6.5,6.75,7.5],"texture":"#0"},"east":{"uv":[6,6.5,6.75,7.5],"rotation":180,"texture":"#0"},"south":{"uv":[8,0,7.25,1],"texture":"#0"},"west":{"uv":[7.25,0,8,1],"texture":"#0"},"up":{"uv":[5.75,8,5,7.25],"texture":"#0"},"down":{"uv":[4,7.5,3.25,8.25],"texture":"#0"}}},{"from":[5,7,6],"to":[10,12,11],"faces":{"north":{"uv":[4.75,0,6,1.25],"texture":"#0"},"east":{"uv":[5,3.75,6.25,5],"texture":"#0"},"south":{"uv":[6.25,3.75,5,5],"texture":"#0"},"west":{"uv":[5,3.75,6.25,5],"texture":"#0"},"up":{"uv":[6.25,6.25,5,5],"texture":"#0"},"down":{"uv":[6.25,5,5,6.25],"texture":"#0"}}},{"from":[5,18,6],"to":[10,20,11],"faces":{"north":{"uv":[0.75,7.25,2,7.75],"texture":"#0"},"east":{"uv":[2,7.25,0.75,7.75],"texture":"#0"},"south":{"uv":[0.75,7.25,2,7.75],"texture":"#0"},"west":{"uv":[2,7.5,3.25,8],"texture":"#0"},"up":{"uv":[2.5,7.25,1.25,6],"texture":"#0"},"down":{"uv":[7.25,0,6,1.25],"texture":"#0"}}},{"from":[5,30,6],"to":[10,32,11],"rotation":{"angle":0,"axis":"y","origin":[0,12,0]},"faces":{"north":{"uv":[0.75,7.25,2,7.75],"texture":"#0"},"east":{"uv":[2,7.5,3.25,8],"texture":"#0"},"south":{"uv":[3.25,7.5,2,8],"texture":"#0"},"west":{"uv":[2,7.5,3.25,8],"texture":"#0"},"up":{"uv":[7.25,1.25,6,0],"texture":"#0"},"down":{"uv":[2.5,6,1.25,7.25],"texture":"#0"}}},{"from":[7.5,12,7],"to":[7.5,18,10],"faces":{"north":{"uv":[0,0,0,1.5],"texture":"#0"},"east":{"uv":[2.5,6,3.25,7.5],"texture":"#0"},"south":{"uv":[0,0,0,1.5],"texture":"#0"},"west":{"uv":[3.25,6,4,7.5],"texture":"#0"},"up":{"uv":[0,0.75,0,0],"texture":"#0"},"down":{"uv":[0,0,0,0.75],"texture":"#0"}}},{"from":[6,12,8.5],"to":[9,18,8.5],"rotation":{"angle":0,"axis":"y","origin":[7.5,7.75,8.5]},"faces":{"north":{"uv":[2.5,6,3.25,7.5],"texture":"#0"},"east":{"uv":[0,0,0,1.5],"texture":"#0"},"south":{"uv":[3.25,6,4,7.5],"texture":"#0"},"west":{"uv":[0,0,0,1.5],"texture":"#0"},"up":{"uv":[0,0.75,0,0],"rotation":270,"texture":"#0"},"down":{"uv":[0,0,0,0.75],"rotation":90,"texture":"#0"}}},{"from":[-15,0,5.5],"to":[-1,1,11.5],"rotation":{"angle":0,"axis":"y","origin":[7.5,7.75,8.5]},"faces":{"north":{"uv":[6.25,5.75,9.75,6],"texture":"#0"},"east":{"uv":[7.25,1,8.75,1.25],"texture":"#0"},"south":{"uv":[6,6.25,9.5,6.5],"texture":"#0"},"west":{"uv":[6.25,6,7.75,6.25],"texture":"#0"},"up":{"uv":[1.5,3.5,0,0],"rotation":270,"texture":"#0"},"down":{"uv":[1.5,0,0,3.5],"rotation":90,"texture":"#0"}}},{"from":[-1,0,7.5],"to":[16,1,9.5],"rotation":{"angle":0,"axis":"y","origin":[7.5,7.75,8.5]},"faces":{"north":{"uv":[6.25,4.25,10.5,4.5],"texture":"#0"},"east":{"uv":[5.75,7.5,6.25,7.75],"texture":"#0"},"south":{"uv":[6.25,4.5,10.5,4.75],"texture":"#0"},"west":{"uv":[2,7.25,2.5,7.5],"texture":"#0"},"up":{"uv":[5,7.75,4.5,3.5],"rotation":270,"texture":"#0"},"down":{"uv":[5,3.5,4.5,7.75],"rotation":90,"texture":"#0"}}},{"from":[16,0,5.5],"to":[30,1,11.5],"rotation":{"angle":0,"axis":"y","origin":[7.5,7.75,8.5]},"faces":{"north":{"uv":[9.75,5.75,6.25,6],"texture":"#0"},"east":{"uv":[7.75,6,6.25,6.25],"texture":"#0"},"south":{"uv":[9.5,6.25,6,6.5],"texture":"#0"},"west":{"uv":[8.75,1,7.25,1.25],"texture":"#0"},"up":{"uv":[1.5,0,0,3.5],"rotation":270,"texture":"#0"},"down":{"uv":[1.5,3.5,0,0],"rotation":90,"texture":"#0"}}},{"from":[5.5,20,6.5],"to":[9.5,30,10.5],"faces":{"north":{"uv":[0,3.5,1,6],"texture":"#0"},"east":{"uv":[3,3.5,4,6],"texture":"#0"},"south":{"uv":[4,3.5,3,6],"texture":"#0"},"west":{"uv":[3,3.5,4,6],"texture":"#0"},"up":{"uv":[7.25,5.75,6.25,4.75],"texture":"#0"},"down":{"uv":[6,6.25,5,7.25],"texture":"#0"}}}],"display":{"thirdperson_righthand":{"scale":[0.2,0.2,0.2]},"thirdperson_lefthand":{"scale":[0.2,0.2,0.2]},"firstperson_righthand":{"translation":[1.75,0,0],"scale":[0.44,0.43,0.44]},"firstperson_lefthand":{"scale":[0.44,0.44,0.44]},"ground":{"scale":[0.44,0.44,0.44]},"gui":{"rotation":[50,55,0],"translation":[0,1.25,0],"scale":[0.44,0.42,0.4]},"head":{"translation":[0,-31,0],"scale":[1.5,1.5,1.5]},"fixed":{"rotation":[90,0,0],"translation":[0,0,-35.75],"scale":[1.5,1.5,1.5]}},"groups":[{"name":"group","origin":[8,8,8],"color":0,"children":[0,1,2,3,4,5,6,7,8,9,10,11,12,13]}]}