{"credit":"MadewithBlockbench","textures":{"0":"owlsdev:furniture/newfurn/wooden_bench","particle":"owlsdev:furniture/newfurn/wooden_bench"},"elements":[{"from":[-8,0,12],"to":[-6,13,14],"rotation":{"angle":0,"axis":"y","origin":[7,8,8]},"faces":{"north":{"uv":[15,0.5,16,7],"texture":"#0"},"east":{"uv":[15,0.5,16,7],"texture":"#0"},"south":{"uv":[15,0.5,16,7],"texture":"#0"},"west":{"uv":[15,0.5,16,7],"texture":"#0"},"up":{"uv":[15,0.5,16,1],"texture":"#0"},"down":{"uv":[0,7,1,8],"texture":"#0"}}},{"from":[22,0,12],"to":[24,13,14],"rotation":{"angle":0,"axis":"y","origin":[7,8,8]},"faces":{"north":{"uv":[16,0.5,15,7],"texture":"#0"},"east":{"uv":[16,0.5,15,7],"texture":"#0"},"south":{"uv":[16,0.5,15,7],"texture":"#0"},"west":{"uv":[16,0.5,15,7],"texture":"#0"},"up":{"uv":[15,0.5,16,1],"texture":"#0"},"down":{"uv":[0,7,1,8],"texture":"#0"}}},{"from":[-6,0,13],"to":[22,14,13],"rotation":{"angle":0,"axis":"y","origin":[7,8,8]},"faces":{"north":{"uv":[1,0,15,7],"texture":"#0"},"south":{"uv":[1,0,15,7],"texture":"#0"},"west":{"uv":[0,0,0,7],"texture":"#0"},"up":{"uv":[0,0,14,0],"texture":"#0"},"down":{"uv":[0,0,14,0],"texture":"#0"}}},{"from":[-8,-2,12],"to":[24,0,14],"faces":{"north":{"uv":[0,7,16,8],"texture":"#0"},"east":{"uv":[0,14,1,15],"texture":"#0"},"south":{"uv":[0,15,16,14],"texture":"#0"},"west":{"uv":[0,14,1,15],"texture":"#0"},"up":{"uv":[0,7,16,8],"texture":"#0"},"down":{"uv":[0,7,16,8],"texture":"#0"}}},{"from":[-8,-2,-2],"to":[24,0,0],"faces":{"north":{"uv":[0,14,16,15],"rotation":180,"texture":"#0"},"east":{"uv":[0,14,1,15],"texture":"#0"},"south":{"uv":[0,15,16,14],"texture":"#0"},"west":{"uv":[0,14,1,15],"texture":"#0"},"up":{"uv":[0,15,16,14],"texture":"#0"},"down":{"uv":[0,7,16,8],"texture":"#0"}}},{"from":[-8,-2,0],"to":[-6,0,12],"faces":{"north":{"uv":[0,7,1,8],"texture":"#0"},"east":{"uv":[15,14,16,8],"rotation":90,"texture":"#0"},"south":{"uv":[0,7,1,8],"texture":"#0"},"west":{"uv":[15,8,16,14],"rotation":90,"texture":"#0"},"up":{"uv":[15,8,16,14],"rotation":180,"texture":"#0"},"down":{"uv":[15,8,16,14],"texture":"#0"}}},{"from":[22,-2,0],"to":[24,0,12],"faces":{"north":{"uv":[0,7,1,8],"texture":"#0"},"east":{"uv":[16,8,15,14],"rotation":270,"texture":"#0"},"south":{"uv":[0,7,1,8],"texture":"#0"},"west":{"uv":[16,14,15,8],"rotation":270,"texture":"#0"},"up":{"uv":[16,8,15,14],"rotation":180,"texture":"#0"},"down":{"uv":[15,8,16,14],"texture":"#0"}}},{"from":[-6,0,0],"to":[22,0,12],"faces":{"up":{"uv":[1,8,15,14],"texture":"#0"},"down":{"uv":[1,8,15,14],"texture":"#0"}}},{"from":[-7,-9,-2],"to":[-5,-2,0],"faces":{"north":{"uv":[0,15,3.5,16],"rotation":90,"texture":"#0"},"east":{"uv":[0,15,3.5,16],"rotation":90,"texture":"#0"},"south":{"uv":[0,15,3.5,16],"rotation":90,"texture":"#0"},"west":{"uv":[0,15,3.5,16],"rotation":90,"texture":"#0"},"up":{"uv":[0,7,1,8],"texture":"#0"},"down":{"uv":[0,7,1,8],"texture":"#0"}}},{"from":[21,-9,-2],"to":[23,-2,0],"faces":{"north":{"uv":[0,15,3.5,16],"rotation":90,"texture":"#0"},"east":{"uv":[0,15,3.5,16],"rotation":90,"texture":"#0"},"south":{"uv":[0,15,3.5,16],"rotation":90,"texture":"#0"},"west":{"uv":[0,15,3.5,16],"rotation":90,"texture":"#0"},"up":{"uv":[0,7,1,8],"texture":"#0"},"down":{"uv":[0,7,1,8],"texture":"#0"}}},{"from":[21,-9,12],"to":[23,-2,14],"faces":{"north":{"uv":[0,15,3.5,16],"rotation":90,"texture":"#0"},"east":{"uv":[0,15,3.5,16],"rotation":90,"texture":"#0"},"south":{"uv":[0,15,3.5,16],"rotation":90,"texture":"#0"},"west":{"uv":[0,15,3.5,16],"rotation":90,"texture":"#0"},"up":{"uv":[0,7,1,8],"texture":"#0"},"down":{"uv":[0,7,1,8],"texture":"#0"}}},{"from":[-7,-9,12],"to":[-5,-2,14],"faces":{"north":{"uv":[0,15,3.5,16],"rotation":90,"texture":"#0"},"east":{"uv":[0,15,3.5,16],"rotation":90,"texture":"#0"},"south":{"uv":[0,15,3.5,16],"rotation":90,"texture":"#0"},"west":{"uv":[0,15,3.5,16],"rotation":90,"texture":"#0"},"up":{"uv":[0,7,1,8],"texture":"#0"},"down":{"uv":[0,7,1,8],"texture":"#0"}}}],"display":{"thirdperson_righthand":{"rotation":[0,156,0],"translation":[0,1.25,-0.25],"scale":[0.1,0.1,0.1]},"thirdperson_lefthand":{"rotation":[0,156,0],"translation":[0,1.25,-0.25],"scale":[0.1,0.1,0.1]},"firstperson_righthand":{"rotation":[2,125,0],"translation":[8,3.25,-2.5],"scale":[0.5,0.5,0.5]},"firstperson_lefthand":{"rotation":[2,125,0],"translation":[8,3.25,-2.5],"scale":[0.5,0.5,0.5]},"ground":{"translation":[0,2.5,0],"scale":[0.2,0.2,0.2]},"gui":{"rotation":[30,135,0],"translation":[0,2.25,0],"scale":[0.4,0.4,0.4]},"head":{"translation":[0,13.25,0],"scale":[0.4,0.4,0.4]},"fixed":{"rotation":[-90,0,0],"translation":[-16,4,-35],"scale":[2,2,2]}},"groups":[{"name":"group","origin":[8,8,8],"children":[0,1,2,3,4,5,6,7,8,9,10,11]}]}