{"credit":"MadewithBlockbench","textures":{"0":"owlsdev:furniture/newfurn/wooden_table","particle":"owlsdev:furniture/newfurn/wooden_table"},"elements":[{"from":[-5,0,-5],"to":[-3,14,-3],"rotation":{"angle":0,"axis":"y","origin":[0,8,0]},"faces":{"north":{"uv":[8.75,0.5,9.25,4],"texture":"#0"},"east":{"uv":[8.75,0.5,9.25,4],"texture":"#0"},"south":{"uv":[8.75,0.5,9.25,4],"texture":"#0"},"west":{"uv":[8.75,0.5,9.25,4],"texture":"#0"},"up":{"uv":[8.75,3.5,9.25,4],"texture":"#0"},"down":{"uv":[8.75,3.5,9.25,4],"texture":"#0"}}},{"from":[-5,0,19],"to":[-3,14,21],"rotation":{"angle":0,"axis":"y","origin":[0,8,0]},"faces":{"north":{"uv":[8.75,0.5,9.25,4],"texture":"#0"},"east":{"uv":[8.75,0.5,9.25,4],"texture":"#0"},"south":{"uv":[8.75,0.5,9.25,4],"texture":"#0"},"west":{"uv":[8.75,0.5,9.25,4],"texture":"#0"},"up":{"uv":[8.75,3.5,9.25,4],"texture":"#0"},"down":{"uv":[8.75,3.5,9.25,4],"texture":"#0"}}},{"from":[19,0,19],"to":[21,14,21],"rotation":{"angle":0,"axis":"y","origin":[0,8,0]},"faces":{"north":{"uv":[8.75,0.5,9.25,4],"texture":"#0"},"east":{"uv":[8.75,0.5,9.25,4],"texture":"#0"},"south":{"uv":[8.75,0.5,9.25,4],"texture":"#0"},"west":{"uv":[8.75,0.5,9.25,4],"texture":"#0"},"up":{"uv":[8.75,3.5,9.25,4],"texture":"#0"},"down":{"uv":[8.75,3.5,9.25,4],"texture":"#0"}}},{"from":[19,0,-5],"to":[21,14,-3],"rotation":{"angle":0,"axis":"y","origin":[0,8,0]},"faces":{"north":{"uv":[8.75,0.5,9.25,4],"texture":"#0"},"east":{"uv":[8.75,0.5,9.25,4],"texture":"#0"},"south":{"uv":[8.75,0.5,9.25,4],"texture":"#0"},"west":{"uv":[8.75,0.5,9.25,4],"texture":"#0"},"up":{"uv":[8.75,3.5,9.25,4],"texture":"#0"},"down":{"uv":[8.75,3.5,9.25,4],"texture":"#0"}}},{"from":[-4,7,-4],"to":[20,14,20],"rotation":{"angle":0,"axis":"y","origin":[0,8,0]},"faces":{"north":{"uv":[1,8.5,7,10.25],"texture":"#0"},"east":{"uv":[1,8.5,7,10.25],"texture":"#0"},"south":{"uv":[1,8.5,7,10.25],"texture":"#0"},"west":{"uv":[1,8.5,7,10.25],"texture":"#0"}}},{"from":[20,14,20],"to":[-4,7,-4],"rotation":{"angle":0,"axis":"y","origin":[0,8,0]},"faces":{"north":{"uv":[1,8.5,7,10.25],"rotation":180,"texture":"#0"},"east":{"uv":[1,8.5,7,10.25],"rotation":180,"texture":"#0"},"south":{"uv":[1,8.5,7,10.25],"rotation":180,"texture":"#0"},"west":{"uv":[1,8.5,7,10.25],"rotation":180,"texture":"#0"}}},{"from":[-8,14,-8],"to":[24,16,24],"rotation":{"angle":0,"axis":"y","origin":[0,8,0]},"faces":{"north":{"uv":[0,8,8,8.5],"texture":"#0"},"east":{"uv":[8,0,8.5,8],"rotation":90,"texture":"#0"},"south":{"uv":[0,8,8,8.5],"texture":"#0"},"west":{"uv":[8,8,8.5,0],"rotation":90,"texture":"#0"},"up":{"uv":[0,0,8,8],"texture":"#0"},"down":{"uv":[0,0,8,8],"rotation":180,"texture":"#0"}}}],"display":{"thirdperson_righthand":{"rotation":[43,51,0],"translation":[0,1,0],"scale":[0.2,0.2,0.2]},"thirdperson_lefthand":{"rotation":[43,51,0],"translation":[0,1,0],"scale":[0.2,0.2,0.2]},"firstperson_righthand":{"rotation":[0,55,0],"translation":[27.5,-9.5,-19.75]},"firstperson_lefthand":{"rotation":[0,55,0],"translation":[27.5,-9.5,-19.75]},"ground":{"translation":[0,5,0],"scale":[0.3,0.3,0.3]},"gui":{"rotation":[30,45,0],"translation":[0,-0.5,0],"scale":[0.35,0.35,0.35]},"fixed":{"rotation":[-90,0,0],"translation":[0,0,-16],"scale":[2,2,2]}},"groups":[{"name":"group","origin":[8,8,8],"children":[0,1,2,3,4,5,6]}]}