{"textures":{"0":"modelengine:entity/toro_wither_pool"},"elements":[{"from":[-12.0,8.06,-12.4],"to":[28.0,8.06,27.6],"rotation":{"angle":0.0,"axis":"y","origin":[8.0,8.0,4.8]},"faces":{"south":{"uv":[0.0,0.0,6.25,0.0],"rotation":0,"texture":"#0","tintindex":0},"north":{"uv":[0.0,0.0,6.25,0.0],"rotation":0,"texture":"#0","tintindex":0},"down":{"uv":[0.0,0.0,6.25,6.25],"rotation":0,"texture":"#0","tintindex":0},"east":{"uv":[0.0,0.0,6.25,0.0],"rotation":0,"texture":"#0","tintindex":0},"west":{"uv":[0.0,0.0,6.25,0.0],"rotation":0,"texture":"#0","tintindex":0},"up":{"uv":[0.0,6.25,6.25,0.0],"rotation":0,"texture":"#0","tintindex":0}}}],"display":{"head":{"translation":[0.0,-6.4,0.0],"scale":[4.0,4.0,4.0]}}}