{"textures":{"0":"modelengine:entity/toro_wither"},"elements":[{"from":[6.08,2.4800005,-5.200001],"to":[13.04,5.1200004,-2.08],"rotation":{"angle":22.5,"axis":"z","origin":[6.56,2.7200003,-4.000001]},"faces":{"south":{"uv":[0.21875,8.40625,0.53125,8.53125],"rotation":0,"texture":"#0","tintindex":0},"north":{"uv":[1.0625,4.59375,1.375,4.71875],"rotation":0,"texture":"#0","tintindex":0},"down":{"uv":[8.28125,4.5625,7.96875,4.71875],"rotation":0,"texture":"#0","tintindex":0},"east":{"uv":[5.96875,5.0625,6.125,5.1875],"rotation":0,"texture":"#0","tintindex":0},"west":{"uv":[8.75,3.9375,8.90625,4.0625],"rotation":0,"texture":"#0","tintindex":0},"up":{"uv":[7.03125,5.84375,6.71875,5.6875],"rotation":0,"texture":"#0","tintindex":0}}},{"from":[1.0399995,1.7600002,-5.920001],"to":[7.04,5.3600006,-2.3199997],"rotation":{"angle":45.0,"axis":"y","origin":[6.56,2.7200003,-4.000001]},"faces":{"south":{"uv":[8.28125,0.0,8.5625,0.15625],"rotation":0,"texture":"#0","tintindex":0},"north":{"uv":[8.1875,7.0625,8.46875,7.21875],"rotation":0,"texture":"#0","tintindex":0},"down":{"uv":[8.5625,6.125,8.28125,6.28125],"rotation":0,"texture":"#0","tintindex":0},"east":{"uv":[7.9375,8.65625,8.09375,8.8125],"rotation":0,"texture":"#0","tintindex":0},"west":{"uv":[8.40625,8.65625,8.5625,8.8125],"rotation":0,"texture":"#0","tintindex":0},"up":{"uv":[8.5625,6.125,8.28125,5.96875],"rotation":0,"texture":"#0","tintindex":0}}},{"from":[2.2399998,0.3199997,-1.6000004],"to":[7.04,5.1200004,7.04],"rotation":{"angle":22.5,"axis":"y","origin":[4.16,2.7200003,1.7599998]},"faces":{"south":{"uv":[8.09375,8.0,8.3125,8.21875],"rotation":0,"texture":"#0","tintindex":0},"north":{"uv":[8.09375,7.78125,8.3125,8.0],"rotation":0,"texture":"#0","tintindex":0},"down":{"uv":[1.34375,7.15625,1.125,7.5625],"rotation":0,"texture":"#0","tintindex":0},"east":{"uv":[7.1875,3.5,7.59375,3.71875],"rotation":0,"texture":"#0","tintindex":0},"west":{"uv":[7.1875,4.4375,7.59375,4.65625],"rotation":0,"texture":"#0","tintindex":0},"up":{"uv":[1.9375,7.4375,1.71875,7.03125],"rotation":0,"texture":"#0","tintindex":0}}},{"from":[2.2399998,-7.108572,-1.6000004],"to":[7.04,-2.3085709,7.04],"rotation":{"angle":22.5,"axis":"y","origin":[4.16,-4.7085705,1.7599998]},"faces":{"south":{"uv":[8.09375,8.0,8.3125,8.21875],"rotation":0,"texture":"#0","tintindex":0},"north":{"uv":[8.09375,7.78125,8.3125,8.0],"rotation":0,"texture":"#0","tintindex":0},"down":{"uv":[1.34375,7.15625,1.125,7.5625],"rotation":0,"texture":"#0","tintindex":0},"east":{"uv":[7.1875,3.5,7.59375,3.71875],"rotation":0,"texture":"#0","tintindex":0},"west":{"uv":[7.1875,4.4375,7.59375,4.65625],"rotation":0,"texture":"#0","tintindex":0},"up":{"uv":[1.9375,7.4375,1.71875,7.03125],"rotation":0,"texture":"#0","tintindex":0}}},{"from":[1.0399995,-5.6685715,-5.920001],"to":[7.04,-2.0685701,-2.3199997],"rotation":{"angle":45.0,"axis":"y","origin":[6.56,-4.7085705,-4.000001]},"faces":{"south":{"uv":[8.28125,0.0,8.5625,0.15625],"rotation":0,"texture":"#0","tintindex":0},"north":{"uv":[8.1875,7.0625,8.46875,7.21875],"rotation":0,"texture":"#0","tintindex":0},"down":{"uv":[8.5625,6.125,8.28125,6.28125],"rotation":0,"texture":"#0","tintindex":0},"east":{"uv":[7.9375,8.65625,8.09375,8.8125],"rotation":0,"texture":"#0","tintindex":0},"west":{"uv":[8.40625,8.65625,8.5625,8.8125],"rotation":0,"texture":"#0","tintindex":0},"up":{"uv":[8.5625,6.125,8.28125,5.96875],"rotation":0,"texture":"#0","tintindex":0}}},{"from":[6.08,-4.948572,-5.200001],"to":[13.04,-2.3085709,-2.08],"rotation":{"angle":22.5,"axis":"z","origin":[6.56,-4.7085705,-4.000001]},"faces":{"south":{"uv":[0.21875,8.40625,0.53125,8.53125],"rotation":0,"texture":"#0","tintindex":0},"north":{"uv":[1.0625,4.59375,1.375,4.71875],"rotation":0,"texture":"#0","tintindex":0},"down":{"uv":[8.28125,4.5625,7.96875,4.71875],"rotation":0,"texture":"#0","tintindex":0},"east":{"uv":[5.96875,5.0625,6.125,5.1875],"rotation":0,"texture":"#0","tintindex":0},"west":{"uv":[8.75,3.9375,8.90625,4.0625],"rotation":0,"texture":"#0","tintindex":0},"up":{"uv":[7.03125,5.84375,6.71875,5.6875],"rotation":0,"texture":"#0","tintindex":0}}},{"from":[1.2799997,-0.6399994,4.16],"to":[8.0,6.080001,10.88],"rotation":{"angle":22.5,"axis":"y","origin":[4.16,2.7200003,1.7599998]},"faces":{"south":{"uv":[6.59375,6.78125,6.90625,7.09375],"rotation":0,"texture":"#0","tintindex":0},"north":{"uv":[1.4375,6.6875,1.75,7.0],"rotation":0,"texture":"#0","tintindex":0},"down":{"uv":[1.09375,6.84375,0.78125,7.15625],"rotation":0,"texture":"#0","tintindex":0},"east":{"uv":[6.75,4.125,7.0625,4.4375],"rotation":0,"texture":"#0","tintindex":0},"west":{"uv":[4.125,6.8125,4.4375,7.125],"rotation":0,"texture":"#0","tintindex":0},"up":{"uv":[6.0,7.125,5.6875,6.8125],"rotation":0,"texture":"#0","tintindex":0}}},{"from":[1.7599998,-8.32,5.12],"to":[7.52,-0.6399994,9.92],"rotation":{"angle":22.5,"axis":"y","origin":[4.16,2.7200003,1.7599998]},"faces":{"south":{"uv":[0.6875,7.375,0.9375,7.71875],"rotation":0,"texture":"#0","tintindex":0},"north":{"uv":[6.46875,7.3125,6.71875,7.65625],"rotation":0,"texture":"#0","tintindex":0},"down":{"uv":[2.03125,7.96875,1.78125,8.1875],"rotation":0,"texture":"#0","tintindex":0},"east":{"uv":[0.375,7.40625,0.59375,7.75],"rotation":0,"texture":"#0","tintindex":0},"west":{"uv":[1.71875,7.4375,1.9375,7.78125],"rotation":0,"texture":"#0","tintindex":0},"up":{"uv":[8.1875,7.21875,7.9375,7.0],"rotation":0,"texture":"#0","tintindex":0}}},{"from":[2.96,-16.0,6.08],"to":[6.3199997,-8.32,8.96],"rotation":{"angle":22.5,"axis":"y","origin":[4.16,2.7200003,1.7599998]},"faces":{"south":{"uv":[6.125,8.0,6.28125,8.34375],"rotation":0,"texture":"#0","tintindex":0},"north":{"uv":[0.84375,8.0,1.0,8.34375],"rotation":0,"texture":"#0","tintindex":0},"down":{"uv":[8.90625,7.59375,8.75,7.71875],"rotation":0,"texture":"#0","tintindex":0},"east":{"uv":[2.8125,8.3125,2.9375,8.65625],"rotation":0,"texture":"#0","tintindex":0},"west":{"uv":[0.84375,8.34375,0.96875,8.6875],"rotation":0,"texture":"#0","tintindex":0},"up":{"uv":[8.90625,6.875,8.75,6.75],"rotation":0,"texture":"#0","tintindex":0}}}],"display":{"head":{"translation":[0.0,-19.565718,0.0],"scale":[4.0,4.0,4.0]}}}