{"textures":{"0":"modelengine:entity/toro_wither"},"elements":[{"from":[8.0,8.0,8.0],"to":[8.571428,8.571428,8.571428],"rotation":{"angle":0.0,"axis":"y","origin":[8.0,-14.857143,8.0]},"faces":{"south":{"uv":[9.34375,0.0,9.375,0.03125],"rotation":0,"texture":"#0","tintindex":0},"north":{"uv":[9.3125,0.03125,9.34375,0.0625],"rotation":0,"texture":"#0","tintindex":0},"down":{"uv":[9.34375,0.0,9.375,0.03125],"rotation":0,"texture":"#0","tintindex":0},"east":{"uv":[9.34375,0.0,9.375,0.03125],"rotation":0,"texture":"#0","tintindex":0},"west":{"uv":[9.34375,0.0,9.375,0.03125],"rotation":0,"texture":"#0","tintindex":0},"up":{"uv":[9.34375,0.0,9.375,0.03125],"rotation":0,"texture":"#0","tintindex":0}}}],"display":{"head":{"translation":[0.0,-6.4,0.0],"scale":[4.0,4.0,4.0]}}}