{"credit":"MadewithBlockbench","texture_size":[64,64],"textures":{"0":"owlsdev:furniture/newyear/gingerbread_house","particle":"owlsdev:furniture/newyear/gingerbread_house"},"elements":[{"from":[-5,-16,-5],"to":[21,16,21],"faces":{"north":{"uv":[0,0,6.5,8],"texture":"#0"},"east":{"uv":[13,0,6.5,8],"texture":"#0"},"south":{"uv":[7,8,13.5,16],"texture":"#0"},"west":{"uv":[6.5,0,13,8],"texture":"#0"},"down":{"uv":[6.5,8.5,6.75,8.75],"rotation":90,"texture":"#0"}}},{"from":[-1.1,-2.1,-6.1],"to":[1.1,21.1,22.1],"rotation":{"angle":-45,"axis":"z","origin":[1,9,8]},"faces":{"north":{"uv":[6.5,8,7,13.75],"texture":"#0"},"east":{"uv":[6.5,8.5,6.75,8.75],"rotation":90,"texture":"#0"},"south":{"uv":[7,8,6.5,13.75],"texture":"#0"},"west":{"uv":[0,8,7,13.75],"texture":"#0"},"down":{"uv":[0,13.25,7,13.75],"rotation":90,"texture":"#0"}}},{"from":[-1.11,18.89,-6.11],"to":[22.11,21.11,22.11],"rotation":{"angle":-45,"axis":"z","origin":[1,9,8]},"faces":{"north":{"uv":[7,8,6.5,13.75],"rotation":90,"texture":"#0"},"east":{"uv":[0,13.75,7,13.25],"texture":"#0"},"south":{"uv":[6.5,8,7,13.75],"rotation":270,"texture":"#0"},"up":{"uv":[0,13.75,7,8],"rotation":90,"texture":"#0"},"down":{"uv":[6.5,8.5,6.75,8.75],"rotation":90,"texture":"#0"}}},{"from":[7,18,-7],"to":[9,20,-5],"faces":{"north":{"uv":[0,13.75,0.5,14.25],"texture":"#0"},"east":{"uv":[0.5,13.75,0,14.25],"texture":"#0"},"south":{"uv":[0,13.75,0.5,14.25],"texture":"#0"},"west":{"uv":[0.5,13.75,0,14.25],"texture":"#0"},"up":{"uv":[0.25,13.75,0.5,14],"texture":"#0"},"down":{"uv":[0,14,0.25,14.25],"texture":"#0"}}},{"from":[7,18,7],"to":[9,20,9],"faces":{"north":{"uv":[0,13.75,0.5,14.25],"texture":"#0"},"east":{"uv":[0.5,13.75,0,14.25],"texture":"#0"},"south":{"uv":[0,13.75,0.5,14.25],"texture":"#0"},"west":{"uv":[0.5,13.75,0,14.25],"texture":"#0"},"up":{"uv":[0.25,13.75,0.5,14],"texture":"#0"},"down":{"uv":[0,14,0.25,14.25],"texture":"#0"}}},{"from":[7,18,21],"to":[9,20,23],"faces":{"north":{"uv":[0,13.75,0.5,14.25],"texture":"#0"},"east":{"uv":[0.5,13.75,0,14.25],"texture":"#0"},"south":{"uv":[0,13.75,0.5,14.25],"texture":"#0"},"west":{"uv":[0.5,13.75,0,14.25],"texture":"#0"},"up":{"uv":[0.25,13.75,0.5,14],"texture":"#0"},"down":{"uv":[0,14,0.25,14.25],"texture":"#0"}}},{"from":[7,18,0],"to":[9,20,2],"faces":{"north":{"uv":[0.5,13.75,1,14.25],"texture":"#0"},"east":{"uv":[1,13.75,0.5,14.25],"texture":"#0"},"south":{"uv":[0.5,13.75,1,14.25],"texture":"#0"},"west":{"uv":[1,13.75,0.5,14.25],"texture":"#0"},"up":{"uv":[0.75,13.75,1,14],"texture":"#0"},"down":{"uv":[0.5,14,0.75,14.25],"texture":"#0"}}},{"from":[7,18,14],"to":[9,20,16],"faces":{"north":{"uv":[0.5,13.75,1,14.25],"texture":"#0"},"east":{"uv":[1,13.75,0.5,14.25],"texture":"#0"},"south":{"uv":[0.5,13.75,1,14.25],"texture":"#0"},"west":{"uv":[1,13.75,0.5,14.25],"texture":"#0"},"up":{"uv":[0.75,13.75,1,14],"texture":"#0"},"down":{"uv":[0.5,14,0.75,14.25],"texture":"#0"}}},{"from":[-3,7,12],"to":[3,21,18],"faces":{"north":{"uv":[13,2.75,14.5,6.25],"texture":"#0"},"east":{"uv":[13,2.75,14.5,6.25],"texture":"#0"},"south":{"uv":[14.5,2.75,13,6.25],"texture":"#0"},"west":{"uv":[14.5,2.75,13,6.25],"texture":"#0"},"up":{"uv":[13,1.25,14.5,2.75],"texture":"#0"}}}],"display":{"thirdperson_righthand":{"rotation":[53,33,0],"translation":[0,2.75,3],"scale":[0.22,0.22,0.22]},"thirdperson_lefthand":{"rotation":[53,33,0],"translation":[0,2.75,3],"scale":[0.22,0.22,0.22]},"firstperson_righthand":{"rotation":[0,135,0],"translation":[33.75,0,-30.25]},"firstperson_lefthand":{"rotation":[0,135,0],"translation":[33.75,0,-30.25]},"ground":{"translation":[0,10.75,0],"scale":[0.31,0.31,0.31]},"gui":{"rotation":[30,135,0],"translation":[0,2.5,0],"scale":[0.33,0.33,0.33]},"head":{"translation":[0,-25.9,0],"scale":[0.68,0.68,0.68]},"fixed":{"rotation":[90,0,180],"translation":[0,0,-46.25],"scale":[2,2,2]}}}