{"credit":"MadewithBlockbench","texture_size":[32,32],"textures":{"0":"owlsdev:furniture/newyear/christmas_lights_animation","1":"owlsdev:furniture/newyear/christmas_lights_string","particle":"owlsdev:furniture/newyear/christmas_lights_animation"},"elements":[{"from":[-15,4,8],"to":[17,10,8],"faces":{"north":{"uv":[0,8,16,11],"texture":"#1"},"south":{"uv":[0,8,16,11],"texture":"#1"}}},{"from":[12,3,8],"to":[15,7,8],"faces":{"north":{"uv":[8,0,11,4],"texture":"#0","tintindex":0},"south":{"uv":[8,0,11,4],"texture":"#0","tintindex":0}}},{"from":[-13,3,8],"to":[-10,7,8],"faces":{"north":{"uv":[8,0,11,4],"texture":"#0","tintindex":0},"south":{"uv":[8,0,11,4],"texture":"#0","tintindex":0}}},{"from":[-1,0,8],"to":[2,4,8],"faces":{"north":{"uv":[8,0,11,4],"texture":"#0","tintindex":0},"south":{"uv":[8,0,11,4],"texture":"#0","tintindex":0}}},{"from":[6,1,8],"to":[9,5,8],"faces":{"north":{"uv":[8,0,11,4],"texture":"#0","tintindex":0},"south":{"uv":[8,0,11,4],"texture":"#0","tintindex":0}}},{"from":[-7,1,8],"to":[-4,5,8],"faces":{"north":{"uv":[8,0,11,4],"texture":"#0","tintindex":0},"south":{"uv":[8,0,11,4],"texture":"#0","tintindex":0}}}],"gui_light":"front","display":{"thirdperson_righthand":{"rotation":[49,0,0],"translation":[2,0,0.25],"scale":[0.3,0.3,0.3]},"thirdperson_lefthand":{"rotation":[49,0,0],"translation":[2,0,0.25],"scale":[0.3,0.3,0.3]},"firstperson_righthand":{"rotation":[-4,7,24],"translation":[9,7,-4.25]},"firstperson_lefthand":{"rotation":[-4,-171,-28],"translation":[10.25,7,-4.25]},"ground":{"translation":[4.25,6.75,0],"scale":[0.5,0.5,0.5]},"gui":{"translation":[3.5,2,0],"scale":[0.5,0.5,0.5]},"fixed":{"translation":[-2,12,-2],"scale":[2.01,2.01,2.01]}}}