{"credit":"MadewithBlockbench","texture_size":[32,32],"textures":{"0":"owlsdev:furniture/newyear/christmas_lights_animation","1":"owlsdev:furniture/newyear/christmas_lights_string","particle":"owlsdev:furniture/newyear/christmas_lights_animation"},"elements":[{"from":[0,4,8],"to":[16,8,8],"faces":{"north":{"uv":[0,0,8,2],"texture":"#1"},"south":{"uv":[0,0,8,2],"texture":"#1"}}},{"from":[12,2,8],"to":[15,6,8],"faces":{"north":{"uv":[8,0,11,4],"texture":"#0","tintindex":0},"south":{"uv":[8,0,11,4],"texture":"#0","tintindex":0}}},{"from":[1,2,8],"to":[4,6,8],"faces":{"north":{"uv":[8,0,11,4],"texture":"#0","tintindex":0},"south":{"uv":[8,0,11,4],"texture":"#0","tintindex":0}}},{"from":[6,0,8],"to":[9,4,8],"faces":{"north":{"uv":[8,0,11,4],"texture":"#0","tintindex":0},"south":{"uv":[8,0,11,4],"texture":"#0","tintindex":0}}}],"gui_light":"front","display":{"thirdperson_righthand":{"rotation":[49,0,0],"scale":[0.3,0.3,0.3]},"thirdperson_lefthand":{"rotation":[49,0,0],"scale":[0.3,0.3,0.3]},"firstperson_righthand":{"rotation":[0,7,0],"translation":[5.25,4,-2.75]},"firstperson_lefthand":{"rotation":[0,7,0],"translation":[5.25,4,-2.75]},"ground":{"translation":[0,6.75,0],"scale":[0.5,0.5,0.5]},"gui":{"translation":[0,3.5,0]},"fixed":{"translation":[0,16,-2],"scale":[2.01,2.01,2.01]}}}