{"credit":"MadewithBlockbench","texture_size":[64,64],"textures":{"0":"owlsdev:furniture/newyear/snow_man","particle":"owlsdev:furniture/newyear/snow_man"},"elements":[{"from":[4,14,4],"to":[12,22,12],"faces":{"north":{"uv":[0,0,2,2],"texture":"#0"},"east":{"uv":[4,0,2,2],"texture":"#0"},"south":{"uv":[2,2,0,4],"texture":"#0"},"west":{"uv":[2,0,4,2],"texture":"#0"}}},{"from":[0,22,0],"to":[16,22,16],"faces":{"up":{"uv":[10,0,14,4],"texture":"#0"},"down":{"uv":[10,0,14,4],"texture":"#0"}}},{"from":[4,22,4],"to":[12,31,12],"faces":{"north":{"uv":[6,0,8,2.25],"texture":"#0"},"east":{"uv":[6,0,8,2.25],"texture":"#0"},"south":{"uv":[6,0,8,2.25],"texture":"#0"},"west":{"uv":[6,2.25,8,4.5],"texture":"#0"},"up":{"uv":[8,0,10,2],"texture":"#0"}}},{"from":[3.75,21.75,3.75],"to":[12.25,31.25,12.25],"faces":{"north":{"uv":[6,4.5,8,6.75],"texture":"#0","tintindex":1},"east":{"uv":[6,4.5,8,6.75],"texture":"#0","tintindex":1},"south":{"uv":[6,4.5,8,6.75],"texture":"#0","tintindex":1},"west":{"uv":[8,4.5,10,6.75],"texture":"#0","tintindex":1}}},{"name":"cubeinverted","from":[12.25,31.25,12.25],"to":[3.75,21.75,3.75],"faces":{"north":{"uv":[6,6.75,8,4.5],"texture":"#0","tintindex":1},"east":{"uv":[8,6.75,10,4.5],"texture":"#0","tintindex":1},"south":{"uv":[6,6.75,8,4.5],"texture":"#0","tintindex":1},"west":{"uv":[6,6.75,8,4.5],"texture":"#0","tintindex":1}}},{"from":[7,16,-2],"to":[9,18,4],"faces":{"north":{"uv":[5.25,0.25,5.5,0.5],"texture":"#0"},"east":{"uv":[4,0,5.5,0.5],"texture":"#0"},"south":{"uv":[5,0.25,5.25,0.5],"texture":"#0"},"west":{"uv":[4,0,5.5,0.5],"rotation":180,"texture":"#0"},"up":{"uv":[4,0,5.5,0.5],"rotation":270,"texture":"#0"},"down":{"uv":[4,0,5.5,0.5],"rotation":90,"texture":"#0"}}},{"from":[2,4,2],"to":[14,14,14],"faces":{"north":{"uv":[0,7,3,9.5],"texture":"#0"},"east":{"uv":[6,7,9,9.5],"texture":"#0"},"south":{"uv":[3,7,6,9.5],"texture":"#0"},"west":{"uv":[6,7,9,9.5],"texture":"#0"},"up":{"uv":[0,4,3,7],"texture":"#0"}}},{"from":[0,-9,0],"to":[16,4,16],"faces":{"north":{"uv":[4,12.75,8,16],"texture":"#0"},"east":{"uv":[8,9.5,4,12.75],"texture":"#0"},"south":{"uv":[4,9.5,8,12.75],"texture":"#0"},"west":{"uv":[8,9.5,4,12.75],"texture":"#0"},"up":{"uv":[0,12,4,16],"texture":"#0"},"down":{"uv":[4,15.75,4.25,16],"texture":"#0"}}},{"from":[0,-4,6],"to":[4,2,10],"rotation":{"angle":-45,"axis":"z","origin":[2,10,8]},"faces":{"north":{"uv":[8,13,9,14.5],"texture":"#0","tintindex":1},"east":{"uv":[8,13,9,14.5],"texture":"#0","tintindex":1},"south":{"uv":[8,13,9,14.5],"texture":"#0","tintindex":1},"west":{"uv":[8,13,9,14.5],"texture":"#0","tintindex":1},"down":{"uv":[8,14.5,9,15.5],"texture":"#0","tintindex":1}}},{"from":[0,-4,6],"to":[4,2,10],"rotation":{"angle":-45,"axis":"z","origin":[2,10,8]},"faces":{"north":{"uv":[9.5,13,10.5,14.5],"texture":"#0"},"east":{"uv":[9.5,13,10.5,14.5],"texture":"#0"},"south":{"uv":[9.5,13,10.5,14.5],"texture":"#0"},"west":{"uv":[9.5,13,10.5,14.5],"texture":"#0"},"up":{"uv":[8.5,12,9.5,13],"texture":"#0"}}},{"from":[-2,-2,7],"to":[0,0,9],"rotation":{"angle":-45,"axis":"z","origin":[2,10,8]},"faces":{"north":{"uv":[9,13.5,9.5,14],"texture":"#0","tintindex":1},"south":{"uv":[9.5,13.5,9,14],"texture":"#0","tintindex":1},"west":{"uv":[9.25,13.5,9.5,14],"texture":"#0","tintindex":1},"up":{"uv":[9,13.5,9.5,13.75],"rotation":180,"texture":"#0","tintindex":1},"down":{"uv":[9.25,13.5,9.5,14],"texture":"#0","tintindex":1}}},{"from":[1,-3,7],"to":[3,11,9],"rotation":{"angle":-45,"axis":"z","origin":[2,10,8]},"faces":{"north":{"uv":[8,9.5,8.5,13],"texture":"#0"},"east":{"uv":[8.5,9.5,8,13],"texture":"#0"},"south":{"uv":[8,9.5,8.5,13],"texture":"#0"},"west":{"uv":[8.5,9.5,8,13],"texture":"#0"},"up":{"uv":[8,9.5,8.5,10],"rotation":90,"texture":"#0"},"down":{"uv":[8,12.5,8.5,13],"rotation":90,"texture":"#0"}}},{"from":[12,-4,6],"to":[16,2,10],"rotation":{"angle":45,"axis":"z","origin":[14,10,8]},"faces":{"north":{"uv":[9,13,8,14.5],"texture":"#0","tintindex":1},"east":{"uv":[9,13,8,14.5],"texture":"#0","tintindex":1},"south":{"uv":[9,13,8,14.5],"texture":"#0","tintindex":1},"west":{"uv":[9,13,8,14.5],"texture":"#0","tintindex":1},"down":{"uv":[9,14.5,8,15.5],"texture":"#0","tintindex":1}}},{"from":[12,-4,6],"to":[16,2,10],"rotation":{"angle":45,"axis":"z","origin":[14,10,8]},"faces":{"north":{"uv":[10.5,13,9.5,14.5],"texture":"#0"},"east":{"uv":[10.5,13,9.5,14.5],"texture":"#0"},"south":{"uv":[10.5,13,9.5,14.5],"texture":"#0"},"west":{"uv":[10.5,13,9.5,14.5],"texture":"#0"},"up":{"uv":[9.5,12,8.5,13],"texture":"#0"}}},{"from":[16,-2,7],"to":[18,0,9],"rotation":{"angle":45,"axis":"z","origin":[14,10,8]},"faces":{"north":{"uv":[9.5,13.5,9,14],"texture":"#0","tintindex":1},"east":{"uv":[9.5,13.5,9.25,14],"texture":"#0","tintindex":1},"south":{"uv":[9,13.5,9.5,14],"texture":"#0","tintindex":1},"up":{"uv":[9.5,13.5,9,13.75],"rotation":180,"texture":"#0","tintindex":1},"down":{"uv":[9.5,13.5,9.25,14],"texture":"#0","tintindex":1}}},{"from":[13,-3,7],"to":[15,11,9],"rotation":{"angle":45,"axis":"z","origin":[14,10,8]},"faces":{"north":{"uv":[8.5,9.5,8,13],"texture":"#0"},"east":{"uv":[8,9.5,8.5,13],"texture":"#0"},"south":{"uv":[8.5,9.5,8,13],"texture":"#0"},"west":{"uv":[8,9.5,8.5,13],"texture":"#0"},"up":{"uv":[8,10,8.5,9.5],"rotation":90,"texture":"#0"},"down":{"uv":[8,13,8.5,12.5],"rotation":90,"texture":"#0"}}}],"display":{"thirdperson_righthand":{"rotation":[52,17,0],"translation":[-0.25,1.25,0],"scale":[0.37,0.37,0.37]},"thirdperson_lefthand":{"rotation":[52,17,0],"translation":[-0.25,1.25,0],"scale":[0.37,0.37,0.37]},"firstperson_righthand":{"rotation":[0,119,0],"translation":[16.75,-5.25,-13.25]},"firstperson_lefthand":{"rotation":[0,119,0],"translation":[16.75,-5.25,-13.25]},"ground":{"translation":[0,8,0],"scale":[0.32,0.32,0.32]},"gui":{"rotation":[30,135,0],"translation":[0,-0.5,0],"scale":[0.35,0.35,0.35]},"head":{"translation":[0,-30.4,0],"scale":[0.67,0.67,0.67]},"fixed":{"rotation":[90,180,180],"translation":[0,0,-32.25],"scale":[2.01,2.01,2.01]}},"groups":[0,1,2,3,4,5,6,7,{"name":"group","origin":[0,0,0],"color":0,"children":[8,9,10,11]},{"name":"group","origin":[0,0,0],"color":0,"children":[12,13,14,15]}]}