{"parent":"minecraft:item/generated","textures":{"layer0":"minecraft:item/apple"},"overrides":[{"predicate":{"custom_model_data":10000},"model":"customcrops:pineapple/pineapple"},{"predicate":{"custom_model_data":10001},"model":"customcrops:pineapple/pineapple_silver_star"},{"predicate":{"custom_model_data":10002},"model":"customcrops:pineapple/pineapple_golden_star"},{"predicate":{"custom_model_data":10003},"model":"customcrops:garlic/garlic"},{"predicate":{"custom_model_data":10004},"model":"customcrops:garlic/garlic_silver_star"},{"predicate":{"custom_model_data":10005},"model":"customcrops:garlic/garlic_golden_star"},{"predicate":{"custom_model_data":10006},"model":"customcrops:cabbage/cabbage"},{"predicate":{"custom_model_data":10007},"model":"customcrops:cabbage/cabbage_silver_star"},{"predicate":{"custom_model_data":10008},"model":"customcrops:cabbage/cabbage_golden_star"},{"predicate":{"custom_model_data":10009},"model":"customcrops:eggplant/eggplant"},{"predicate":{"custom_model_data":10010},"model":"customcrops:eggplant/eggplant_silver_star"},{"predicate":{"custom_model_data":10011},"model":"customcrops:eggplant/eggplant_golden_star"},{"predicate":{"custom_model_data":10012},"model":"customcrops:pitaya/pitaya"},{"predicate":{"custom_model_data":10013},"model":"customcrops:pitaya/pitaya_silver_star"},{"predicate":{"custom_model_data":10014},"model":"customcrops:pitaya/pitaya_golden_star"},{"predicate":{"custom_model_data":10015},"model":"customcrops:pepper/pepper"},{"predicate":{"custom_model_data":10016},"model":"customcrops:pepper/pepper_silver_star"},{"predicate":{"custom_model_data":10017},"model":"customcrops:pepper/pepper_golden_star"},{"predicate":{"custom_model_data":10018},"model":"customcrops:chinese_cabbage/chinese_cabbage"},{"predicate":{"custom_model_data":10019},"model":"customcrops:chinese_cabbage/chinese_cabbage_silver_star"},{"predicate":{"custom_model_data":10020},"model":"customcrops:chinese_cabbage/chinese_cabbage_golden_star"},{"predicate":{"custom_model_data":10021},"model":"customcrops:grape/grape"},{"predicate":{"custom_model_data":10022},"model":"customcrops:grape/grape_silver_star"},{"predicate":{"custom_model_data":10023},"model":"customcrops:grape/grape_golden_star"},{"predicate":{"custom_model_data":10024},"model":"customcrops:tomato/tomato"},{"predicate":{"custom_model_data":10025},"model":"customcrops:tomato/tomato_silver_star"},{"predicate":{"custom_model_data":10026},"model":"customcrops:tomato/tomato_golden_star"},{"predicate":{"custom_model_data":10027},"model":"customcrops:hop/hop"},{"predicate":{"custom_model_data":10028},"model":"customcrops:hop/hop_silver_star"},{"predicate":{"custom_model_data":10029},"model":"customcrops:hop/hop_golden_star"},{"predicate":{"custom_model_data":10030},"model":"customcrops:corn/corn"},{"predicate":{"custom_model_data":10031},"model":"customcrops:corn/corn_silver_star"},{"predicate":{"custom_model_data":10032},"model":"customcrops:corn/corn_golden_star"},{"predicate":{"custom_model_data":10033},"model":"minecraft:item/apple"}]}