{
  "parent": "minecraft:item/generated",
  "textures": {
    "layer0": "minecraft:block/black_stained_glass"
  },
  "overrides": [
    { "predicate": { "custom_model_data": 7300000 }, "model": "aot:blank" },
    { "predicate": { "custom_model_data": 7300001 }, "model": "aot:crafter/gas_tank_bar/1" },
    { "predicate": { "custom_model_data": 7300002 }, "model": "aot:crafter/gas_tank_bar/2" },
    { "predicate": { "custom_model_data": 7300003 }, "model": "aot:crafter/gas_tank_bar/3" },
    { "predicate": { "custom_model_data": 7300004 }, "model": "aot:crafter/gas_tank_bar/4" },
    { "predicate": { "custom_model_data": 7300005 }, "model": "aot:crafter/gas_tank_bar/5" },
    { "predicate": { "custom_model_data": 7300006 }, "model": "aot:crafter/gas_tank_bar/6" },
    { "predicate": { "custom_model_data": 7300007 }, "model": "aot:crafter/gas_tank_bar/7" },
    { "predicate": { "custom_model_data": 7300008 }, "model": "aot:crafter/gas_tank_bar/8" },
    { "predicate": { "custom_model_data": 7300009 }, "model": "aot:crafter/gas_tank_bar/9" },
    { "predicate": { "custom_model_data": 7300010 }, "model": "aot:crafter/gas_tank_bar/10" },
    { "predicate": { "custom_model_data": 7300011 }, "model": "aot:crafter/invalid_craft" },
    { "predicate": { "custom_model_data": 7300012 }, "model": "aot:crafter/valid_craft" },
    { "predicate": { "custom_model_data": 7300100 }, "model": "aot:crafter/gui" }
  ]
}