{
    "parent": "item/handheld",
    "textures": {
        "layer0": "item/bone"
    },
    "display": {
        "head": {
            "rotation": [
                0,
                0,
                -45
            ],
            "translation": [
                0,
                -4.5,
                -6.5
            ],
            "scale": [
                1,
                1,
                1
            ]
        }
    },
    "overrides": [
        {
            "predicate": {
                "custom_model_data": 1787300
            },
            "model": "ec_forgenfire:forgenfire_default/anvil"
        },
        {
            "predicate": {
                "custom_model_data": 1787301
            },
            "model": "ec_forgenfire:forgenfire_default/forger"
        },
        {
            "predicate": {
                "custom_model_data": 1787302
            },
            "model": "ec_forgenfire:forgenfire_default/hammer"
        },
        {
            "predicate": {
                "custom_model_data": 1787303
            },
            "model": "ec_forgenfire:forgenfire_default/tong"
        },
        {
            "predicate": {
                "custom_model_data": 1787304
            },
            "model": "ec_forgenfire:forgenfire_default/molten_tray"
        },
        {
            "predicate": {
                "custom_model_data": 1787305
            },
            "model": "ec_forgenfire:forgenfire_default/tray"
        },
        {
            "predicate": {
                "custom_model_data": 1787306
            },
            "model": "ec_forgenfire:forgenfire_default/tray_1"
        },
        {
            "predicate": {
                "custom_model_data": 1787307
            },
            "model": "ec_forgenfire:forgenfire_default/tray_2"
        },
        {
            "predicate": {
                "custom_model_data": 1787308
            },
            "model": "ec_forgenfire:forgenfire_default/tray_3"
        },
        {
            "predicate": {
                "custom_model_data": 1787309
            },
            "model": "ec_forgenfire:forgenfire_default/tray_4"
        },
        {
            "predicate": {
                "custom_model_data": 1787310
            },
            "model": "ec_forgenfire:forgenfire_default/tray_5"
        },
        {
            "predicate": {
                "custom_model_data": 1787311
            },
            "model": "ec_forgenfire:forgenfire_default/tray_6"
        },
        {
            "predicate": {
                "custom_model_data": 1787312
            },
            "model": "ec_forgenfire:forgenfire_default/tray_7"
        },
        {
            "predicate": {
                "custom_model_data": 1787313
            },
            "model": "ec_forgenfire:forgenfire_default/tray_8"
        },
        {
            "predicate": {
                "custom_model_data": 1787314
            },
            "model": "ec_forgenfire:forgenfire_default/tray_9"
        },
        {
            "predicate": {
                "custom_model_data": 1787315
            },
            "model": "ec_forgenfire:forgenfire_default/tray_10"
        },
        {
            "predicate": {
                "custom_model_data": 1787316
            },
            "model": "ec_forgenfire:forgenfire_default/molten_sword"
        },
        {
            "predicate": {
                "custom_model_data": 1787317
            },
            "model": "ec_forgenfire:forgenfire_default/molten_axe"
        },
        {
            "predicate": {
                "custom_model_data": 1787318
            },
            "model": "ec_forgenfire:forgenfire_default/molten_pickaxe"
        },
        {
            "predicate": {
                "custom_model_data": 1787319
            },
            "model": "ec_forgenfire:forgenfire_default/molten_shovel"
        },
        {
            "predicate": {
                "custom_model_data": 1787320
            },
            "model": "ec_forgenfire:forgenfire_default/molten_hoe"
        },
        {
            "predicate": {
                "custom_model_data": 1787321
            },
            "model": "ec_forgenfire:forgenfire_default/molten_ingot"
        },
        {
            "predicate": {
                "custom_model_data": 1787322
            },
            "model": "ec_forgenfire:forgenfire_default/molten_helmet"
        },
        {
            "predicate": {
                "custom_model_data": 1787323
            },
            "model": "ec_forgenfire:forgenfire_default/molten_chestplate"
        },
        {
            "predicate": {
                "custom_model_data": 1787324
            },
            "model": "ec_forgenfire:forgenfire_default/molten_leggings"
        },
        {
            "predicate": {
                "custom_model_data": 1787325
            },
            "model": "ec_forgenfire:forgenfire_default/molten_boots"
        },
        {
            "predicate": {
                "custom_model_data": 1787326
            },
            "model": "ec_forgenfire:forgenfire_default/molten_shield"
        },
        {
            "predicate": {
                "custom_model_data": 1787327
            },
            "model": "ec_forgenfire:forgenfire_default/molten_bow"
        },
        {
            "predicate": {
                "custom_model_data": 1787328
            },
            "model": "ec_forgenfire:forgenfire_default/molten_crossbow"
        },
        {
            "predicate": {
                "custom_model_data": 1787329
            },
            "model": "ec_forgenfire:forgenfire_default/molten_spear"
        },
        {
            "predicate": {
                "custom_model_data": 1787330
            },
            "model": "ec_forgenfire:forgenfire_default/molten_trident"
        },
        {
            "predicate": {
                "custom_model_data": 1787331
            },
            "model": "ec_forgenfire:forgenfire_default/molten_katana"
        },
        {
            "predicate": {
                "custom_model_data": 1787332
            },
            "model": "ec_forgenfire:forgenfire_default/molten_scythe"
        },
        {
            "predicate": {
                "custom_model_data": 1787333
            },
            "model": "ec_forgenfire:forgenfire_default/molten_hammer"
        },
        {
            "predicate": {
                "custom_model_data": 1787334
            },
            "model": "ec_forgenfire:forgenfire_default/molten_fishingrod"
        },
        {
            "predicate": {
                "custom_model_data": 1787335
            },
            "model": "ec_forgenfire:forgenfire_default/molten_wings"
        },
        {
            "predicate": {
                "custom_model_data": 1787416
            },
            "model": "ec_forgenfire:forgenfire_default/mold_sword"
        },
        {
            "predicate": {
                "custom_model_data": 1787417
            },
            "model": "ec_forgenfire:forgenfire_default/mold_axe"
        },
        {
            "predicate": {
                "custom_model_data": 1787418
            },
            "model": "ec_forgenfire:forgenfire_default/mold_pickaxe"
        },
        {
            "predicate": {
                "custom_model_data": 1787419
            },
            "model": "ec_forgenfire:forgenfire_default/mold_shovel"
        },
        {
            "predicate": {
                "custom_model_data": 1787420
            },
            "model": "ec_forgenfire:forgenfire_default/mold_hoe"
        },
        {
            "predicate": {
                "custom_model_data": 1787421
            },
            "model": "ec_forgenfire:forgenfire_default/mold_ingot"
        },
        {
            "predicate": {
                "custom_model_data": 1787422
            },
            "model": "ec_forgenfire:forgenfire_default/mold_armor_helmet"
        },
        {
            "predicate": {
                "custom_model_data": 1787423
            },
            "model": "ec_forgenfire:forgenfire_default/mold_armor_chestplate"
        },
        {
            "predicate": {
                "custom_model_data": 1787424
            },
            "model": "ec_forgenfire:forgenfire_default/mold_armor_leggings"
        },
        {
            "predicate": {
                "custom_model_data": 1787425
            },
            "model": "ec_forgenfire:forgenfire_default/mold_armor_boots"
        },
        {
            "predicate": {
                "custom_model_data": 1787426
            },
            "model": "ec_forgenfire:forgenfire_default/mold_shield"
        },
        {
            "predicate": {
                "custom_model_data": 1787427
            },
            "model": "ec_forgenfire:forgenfire_default/mold_bow"
        },
        {
            "predicate": {
                "custom_model_data": 1787428
            },
            "model": "ec_forgenfire:forgenfire_default/mold_crossbow"
        },
        {
            "predicate": {
                "custom_model_data": 1787429
            },
            "model": "ec_forgenfire:forgenfire_default/mold_spear"
        },
        {
            "predicate": {
                "custom_model_data": 1787430
            },
            "model": "ec_forgenfire:forgenfire_default/mold_trident"
        },
        {
            "predicate": {
                "custom_model_data": 1787431
            },
            "model": "ec_forgenfire:forgenfire_default/mold_katana"
        },
        {
            "predicate": {
                "custom_model_data": 1787432
            },
            "model": "ec_forgenfire:forgenfire_default/mold_scythe"
        },
        {
            "predicate": {
                "custom_model_data": 1787433
            },
            "model": "ec_forgenfire:forgenfire_default/mold_hammer"
        },
        {
            "predicate": {
                "custom_model_data": 1787434
            },
            "model": "ec_forgenfire:forgenfire_default/mold_fishingrod"
        },
        {
            "predicate": {
                "custom_model_data": 1787435
            },
            "model": "ec_forgenfire:forgenfire_default/mold_wings"
        },
        {
            "predicate": {
                "custom_model_data": 6398101
            },
            "model": "minecraft:item/bone"
        },
        {
            "predicate": {
                "custom_model_data": 6398107
            },
            "model": "minecraft:item/bone"
        }
    ]
}