{
    "parent": "item/handheld",
    "textures": {
        "layer0": "item/brick"
    },
	"overrides":
	[
        { "predicate": { "custom_model_data": 7300001 }, "model": "aot:titans/advancement/attack_titan"},
        { "predicate": { "custom_model_data": 7300002 }, "model": "aot:titans/advancement/armored_titan"},
        { "predicate": { "custom_model_data": 7300003 }, "model": "aot:titans/advancement/beast_titan"},
        { "predicate": { "custom_model_data": 7300004 }, "model": "aot:titans/advancement/cart_titan"},
        { "predicate": { "custom_model_data": 7300005 }, "model": "aot:titans/advancement/colossal_titan"},
        { "predicate": { "custom_model_data": 7300006 }, "model": "aot:titans/advancement/female_titan"},
        { "predicate": { "custom_model_data": 7300007 }, "model": "aot:titans/advancement/founding_titan"},
        { "predicate": { "custom_model_data": 7300008 }, "model": "aot:titans/advancement/warhammer_titan"},
        { "predicate": { "custom_model_data": 7300009 }, "model": "aot:titans/advancement/jaw_titan"}
	]
}