{
    "parent": "item/handheld",
    "textures": {
        "layer0": "item/carrot_on_a_stick"
    },
    "overrides": [
        { "predicate": { "custom_model_data": 1000000 }, "model": "aot:blank" },

        { "predicate": { "custom_model_data": 7300000 }, "model": "aot:odm/odm_sword/odm_sword_0" },
        { "predicate": { "custom_model_data": 7300001 }, "model": "aot:odm/odm_sword/odm_sword_1" },
        { "predicate": { "custom_model_data": 7300002 }, "model": "aot:odm/odm_sword/odm_sword_2" },
        { "predicate": { "custom_model_data": 7300003 }, "model": "aot:odm/odm_sword/odm_sword_3" },
        { "predicate": { "custom_model_data": 7300004 }, "model": "aot:odm/odm_sword/odm_sword_4" },
        { "predicate": { "custom_model_data": 7300005 }, "model": "aot:odm/odm_sword/odm_sword_5" },
        { "predicate": { "custom_model_data": 7300006 }, "model": "aot:odm/odm_sword/odm_sword_6" },
        { "predicate": { "custom_model_data": 7300007 }, "model": "aot:odm/odm_sword/odm_sword_7" },
        { "predicate": { "custom_model_data": 7300008 }, "model": "aot:odm/odm_sword/odm_sword_8" },
        { "predicate": { "custom_model_data": 7300010 }, "model": "aot:odm/odm_sword/odm_sword_on_0" },
        { "predicate": { "custom_model_data": 7300011 }, "model": "aot:odm/odm_sword/odm_sword_on_1" },
        { "predicate": { "custom_model_data": 7300012 }, "model": "aot:odm/odm_sword/odm_sword_on_2" },
        { "predicate": { "custom_model_data": 7300013 }, "model": "aot:odm/odm_sword/odm_sword_on_3" },
        { "predicate": { "custom_model_data": 7300014 }, "model": "aot:odm/odm_sword/odm_sword_on_4" },
        { "predicate": { "custom_model_data": 7300015 }, "model": "aot:odm/odm_sword/odm_sword_on_5" },
        { "predicate": { "custom_model_data": 7300016 }, "model": "aot:odm/odm_sword/odm_sword_on_6" },
        { "predicate": { "custom_model_data": 7300017 }, "model": "aot:odm/odm_sword/odm_sword_on_7" },
        { "predicate": { "custom_model_data": 7300018 }, "model": "aot:odm/odm_sword/odm_sword_on_8" },

        { "predicate": { "custom_model_data": 7300019 }, "model": "aot:odm/odm_gear/odm_gear_0" },
        { "predicate": { "custom_model_data": 7300020 }, "model": "aot:odm/odm_gear/odm_gear_1" },
        { "predicate": { "custom_model_data": 7300021 }, "model": "aot:odm/odm_gear/odm_gear_2" },
        { "predicate": { "custom_model_data": 7300022 }, "model": "aot:odm/odm_gear/odm_gear_3" },
        { "predicate": { "custom_model_data": 7300023 }, "model": "aot:odm/odm_gear/odm_gear_4" },
        { "predicate": { "custom_model_data": 7300024 }, "model": "aot:odm/odm_gear/odm_gear_5" },
        { "predicate": { "custom_model_data": 7300025 }, "model": "aot:odm/odm_gear/odm_gear_6" },
        { "predicate": { "custom_model_data": 7300026 }, "model": "aot:odm/odm_gear/odm_gear_7" },
        { "predicate": { "custom_model_data": 7300027 }, "model": "aot:odm/odm_gear/odm_gear_8" },

        { "predicate": { "custom_model_data": 7300028 }, "model": "aot:odm/recipes/gas_tank" },

        { "predicate": { "custom_model_data": 7300050 }, "model": "aot:flare_gun/flare_gun" },
        { "predicate": { "custom_model_data": 7300051 }, "model": "aot:flare_gun/black_flare_gun" },
        { "predicate": { "custom_model_data": 7300052 }, "model": "aot:flare_gun/blue_flare_gun" },
        { "predicate": { "custom_model_data": 7300053 }, "model": "aot:flare_gun/green_flare_gun" },
        { "predicate": { "custom_model_data": 7300054 }, "model": "aot:flare_gun/purple_flare_gun" },
        { "predicate": { "custom_model_data": 7300055 }, "model": "aot:flare_gun/red_flare_gun" },
        { "predicate": { "custom_model_data": 7300056 }, "model": "aot:flare_gun/yellow_flare_gun" },

        { "predicate": { "custom_model_data": 7300057 }, "model": "aot:cannons/musket"},
        { "predicate": { "custom_model_data": 7300058 }, "model": "aot:cannons/musket_aim"},

        { "predicate": { "custom_model_data": 7300059 }, "model": "aot:titans/spinal_fluid_syringe"}
    ]
}