{"parent":"minecraft:item/handheld","textures":{"layer0":"minecraft:item/diamond_sword"},"overrides":[{"predicate":{"custom_model_data":10038},"model":"minecraft:item/diamond_sword"},{"predicate":{"custom_model_data":5039506},"model":"ec_forgenfire:forgenfire_weapons/amethyst/amethyst_spear"},{"predicate":{"custom_model_data":5039507},"model":"ec_forgenfire:forgenfire_weapons/amethyst/amethyst_sword"},{"predicate":{"custom_model_data":5039701},"model":"ec_forgenfire:forgenfire_weapons/jade/jade_scythe"},{"predicate":{"custom_model_data":5039702},"model":"minecraft:item/diamond_sword"}]}