{
  "parent": "item/generated",
  "textures": {
    "layer0": "item/firework_rocket"
  },
  "overrides": [
    { "predicate": { "custom_model_data": 7300000 }, "model": "aot:crafter/aot_crafter" },

    { "predicate": { "custom_model_data": 7300001 }, "model": "aot:minerals/iceburst_stone" },
    { "predicate": { "custom_model_data": 7300002 }, "model": "aot:minerals/ultrahard_steel_ore" },
    { "predicate": { "custom_model_data": 7300003 }, "model": "aot:minerals/minerals_world_interface" }
  ]
}