{
  "parent": "minecraft:item/generated",
  "textures": {
    "layer0": "minecraft:item/gold_nugget"
  },
	"overrides": [
        {"predicate":{"custom_model_data":1},"model":"custom/ui/owlsdev/quest_indicator"},
        {"predicate":{"custom_model_data":2},"model":"custom/ui/owlsdev/speech_bubble"},
        {"predicate":{"custom_model_data":7000},"model":"item/jeqo/battlepass/air"},
        {"predicate":{"custom_model_data":7001},"model":"item/jeqo/battlepass/lock"},
        {"predicate":{"custom_model_data":7002},"model":"item/jeqo/battlepass/unlock"},
        {"predicate":{"custom_model_data":7003},"model":"item/jeqo/battlepass/reward_unclaimed"},
        {"predicate":{"custom_model_data":7004},"model":"item/jeqo/battlepass/reward_claimed"},
        {"predicate":{"custom_model_data":7005},"model":"item/jeqo/battlepass/questbook"},
        {"predicate":{"custom_model_data":7006},"model":"item/jeqo/battlepass/questbook_gray"},
        {"predicate":{"custom_model_data":7007},"model":"item/jeqo/battlepass/reward_locked_gray"},
        {"predicate":{"custom_model_data":7008},"model":"item/jeqo/battlepass/reward_locked_green"},
        { "predicate": { "custom_model_data": 7300000 }, "model": "aot:odm/hook" },
        { "predicate": { "custom_model_data": 7300001 }, "model": "aot:crafter/aot_crafter" },
        { "predicate": { "custom_model_data": 7300002 }, "model": "aot:minerals/iceburst_stone" },
        { "predicate": { "custom_model_data": 7300003 }, "model": "aot:minerals/ultrahard_steel_ore" },
        { "predicate": { "custom_model_data": 7300004 }, "model": "aot:crafter/aot_crafter_on" },
        { "predicate": { "custom_model_data": 7300005 }, "model": "aot:minerals/minerals_world_interface" },

        { "predicate": { "custom_model_data": 7300020 }, "model": "aot:titans/pure_titan/player/pure_titan_player_idle" },
        { "predicate": { "custom_model_data": 7300021 }, "model": "aot:titans/pure_titan/player/pure_titan_player_move" },
        { "predicate": { "custom_model_data": 7300022 }, "model": "aot:titans/pure_titan/player/pure_titan_player_kneel" },
        { "predicate": { "custom_model_data": 7300023 }, "model": "aot:titans/pure_titan/player/pure_titan_player_death_1" },
        { "predicate": { "custom_model_data": 7300024 }, "model": "aot:titans/pure_titan/player/pure_titan_player_death_2" },
        { "predicate": { "custom_model_data": 7300025 }, "model": "aot:titans/pure_titan/player/pure_titan_player_death_3" },
        { "predicate": { "custom_model_data": 7300026 }, "model": "aot:titans/pure_titan/player/pure_titan_player_death_4" },
        { "predicate": { "custom_model_data": 7300027 }, "model": "aot:titans/pure_titan/player/pure_titan_player_eating_1" },
        { "predicate": { "custom_model_data": 7300028 }, "model": "aot:titans/pure_titan/player/pure_titan_player_eating_2" },
        { "predicate": { "custom_model_data": 7300029 }, "model": "aot:titans/pure_titan/player/pure_titan_player_eating_3" },
        { "predicate": { "custom_model_data": 7300030 }, "model": "aot:titans/pure_titan/player/pure_titan_player_eating_4" },
        { "predicate": { "custom_model_data": 7300031 }, "model": "aot:titans/pure_titan/player/pure_titan_player_eating_5" },
        { "predicate": { "custom_model_data": 7300032 }, "model": "aot:titans/pure_titan/player/pure_titan_player_eating_6" },
        { "predicate": { "custom_model_data": 7300033 }, "model": "aot:titans/pure_titan/player/pure_titan_player_eating_7" },

        { "predicate": { "custom_model_data": 7300040 }, "model": "aot:titans/pure_titan/4m/pure_titan_4_idle" },
        { "predicate": { "custom_model_data": 7300041 }, "model": "aot:titans/pure_titan/4m/pure_titan_4_move" },
        { "predicate": { "custom_model_data": 7300042 }, "model": "aot:titans/pure_titan/4m/pure_titan_4_death_1" },
        { "predicate": { "custom_model_data": 7300043 }, "model": "aot:titans/pure_titan/4m/pure_titan_4_death_2" },
        { "predicate": { "custom_model_data": 7300044 }, "model": "aot:titans/pure_titan/4m/pure_titan_4_death_3" },
        { "predicate": { "custom_model_data": 7300045 }, "model": "aot:titans/pure_titan/4m/pure_titan_4_death_4" },

        { "predicate": { "custom_model_data": 7300050 }, "model": "aot:titans/pure_titan/5m/pure_titan_5_idle" },
        { "predicate": { "custom_model_data": 7300051 }, "model": "aot:titans/pure_titan/5m/pure_titan_5_move" },
        { "predicate": { "custom_model_data": 7300052 }, "model": "aot:titans/pure_titan/5m/pure_titan_5_death_1" },
        { "predicate": { "custom_model_data": 7300053 }, "model": "aot:titans/pure_titan/5m/pure_titan_5_death_2" },
        { "predicate": { "custom_model_data": 7300054 }, "model": "aot:titans/pure_titan/5m/pure_titan_5_death_3" },
        { "predicate": { "custom_model_data": 7300055 }, "model": "aot:titans/pure_titan/5m/pure_titan_5_death_4" },

        { "predicate": { "custom_model_data": 7300080 }, "model": "aot:titans/pure_titan/8m/pure_titan_8_idle" },
        { "predicate": { "custom_model_data": 7300081 }, "model": "aot:titans/pure_titan/8m/pure_titan_8_move" },
        { "predicate": { "custom_model_data": 7300082 }, "model": "aot:titans/pure_titan/8m/pure_titan_8_kneel" },
        { "predicate": { "custom_model_data": 7300083 }, "model": "aot:titans/pure_titan/8m/pure_titan_8_death_1" },
        { "predicate": { "custom_model_data": 7300084 }, "model": "aot:titans/pure_titan/8m/pure_titan_8_death_2" },
        { "predicate": { "custom_model_data": 7300085 }, "model": "aot:titans/pure_titan/8m/pure_titan_8_death_3" },
        { "predicate": { "custom_model_data": 7300086 }, "model": "aot:titans/pure_titan/8m/pure_titan_8_death_4" },

        { "predicate": { "custom_model_data": 7300150 }, "model": "aot:titans/pure_titan/15m/pure_titan_15_idle_1" },
        { "predicate": { "custom_model_data": 7300151 }, "model": "aot:titans/pure_titan/15m/pure_titan_15_idle_2" },
        { "predicate": { "custom_model_data": 7300152 }, "model": "aot:titans/pure_titan/15m/pure_titan_15_move_1" },
        { "predicate": { "custom_model_data": 7300153 }, "model": "aot:titans/pure_titan/15m/pure_titan_15_move_2" },
        { "predicate": { "custom_model_data": 7300154 }, "model": "aot:titans/pure_titan/15m/pure_titan_15_kneel" },
        { "predicate": { "custom_model_data": 7300155 }, "model": "aot:titans/pure_titan/15m/pure_titan_15_death_1" },
        { "predicate": { "custom_model_data": 7300156 }, "model": "aot:titans/pure_titan/15m/pure_titan_15_death_2" },
        { "predicate": { "custom_model_data": 7300157 }, "model": "aot:titans/pure_titan/15m/pure_titan_15_death_3" },
        { "predicate": { "custom_model_data": 7300158 }, "model": "aot:titans/pure_titan/15m/pure_titan_15_death_4" },

        { "predicate": { "custom_model_data": 7300200 }, "model": "aot:titans/attack_titan/attack_titan_body" },
        { "predicate": { "custom_model_data": 7300201 }, "model": "aot:titans/attack_titan/attack_titan_right_arm" },
        { "predicate": { "custom_model_data": 7300202 }, "model": "aot:titans/attack_titan/attack_titan_left_arm" },
        { "predicate": { "custom_model_data": 7300203 }, "model": "aot:titans/attack_titan/attack_titan_legs" },
        { "predicate": { "custom_model_data": 7300204 }, "model": "aot:titans/attack_titan/attack_titan_move_1" },
        { "predicate": { "custom_model_data": 7300205 }, "model": "aot:titans/attack_titan/attack_titan_move_2" },
        { "predicate": { "custom_model_data": 7300206 }, "model": "aot:titans/attack_titan/attack_titan_move_3" },
        { "predicate": { "custom_model_data": 7300207 }, "model": "aot:titans/attack_titan/attack_titan_move_4" },
        { "predicate": { "custom_model_data": 7300208 }, "model": "aot:titans/attack_titan/attack_titan_left_punch" },
        { "predicate": { "custom_model_data": 7300209 }, "model": "aot:titans/attack_titan/attack_titan_right_punch" },
        { "predicate": { "custom_model_data": 7300210 }, "model": "aot:titans/attack_titan/attack_titan_right_punch_1" },
        { "predicate": { "custom_model_data": 7300211 }, "model": "aot:titans/attack_titan/attack_titan_right_punch_2" },
        { "predicate": { "custom_model_data": 7300212 }, "model": "aot:titans/attack_titan/attack_titan_right_punch_3" },
        { "predicate": { "custom_model_data": 7300213 }, "model": "aot:titans/attack_titan/attack_titan_legs_bend" },
        { "predicate": { "custom_model_data": 7300214 }, "model": "aot:titans/attack_titan/attack_titan_right_arm_1" },
        { "predicate": { "custom_model_data": 7300215 }, "model": "aot:titans/attack_titan/attack_titan_right_eating" },
        { "predicate": { "custom_model_data": 7300216 }, "model": "aot:titans/attack_titan/attack_titan_right_eating_1" },
        
        { "predicate": { "custom_model_data": 7300220 }, "model": "aot:titans/attack_titan/hardening/attack_titan_body" },
        { "predicate": { "custom_model_data": 7300221 }, "model": "aot:titans/attack_titan/hardening/attack_titan_right_arm" },
        { "predicate": { "custom_model_data": 7300222 }, "model": "aot:titans/attack_titan/hardening/attack_titan_left_arm" },
        { "predicate": { "custom_model_data": 7300223 }, "model": "aot:titans/attack_titan/hardening/attack_titan_legs" },
        { "predicate": { "custom_model_data": 7300224 }, "model": "aot:titans/attack_titan/hardening/attack_titan_move_1" },
        { "predicate": { "custom_model_data": 7300225 }, "model": "aot:titans/attack_titan/hardening/attack_titan_move_2" },
        { "predicate": { "custom_model_data": 7300226 }, "model": "aot:titans/attack_titan/hardening/attack_titan_move_3" },
        { "predicate": { "custom_model_data": 7300227 }, "model": "aot:titans/attack_titan/hardening/attack_titan_move_4" },
        { "predicate": { "custom_model_data": 7300228 }, "model": "aot:titans/attack_titan/hardening/attack_titan_left_punch" },
        { "predicate": { "custom_model_data": 7300229 }, "model": "aot:titans/attack_titan/hardening/attack_titan_right_punch" },
        { "predicate": { "custom_model_data": 7300230 }, "model": "aot:titans/attack_titan/hardening/attack_titan_right_punch_1" },
        { "predicate": { "custom_model_data": 7300231 }, "model": "aot:titans/attack_titan/hardening/attack_titan_right_punch_2" },
        { "predicate": { "custom_model_data": 7300232 }, "model": "aot:titans/attack_titan/hardening/attack_titan_right_punch_3" },
        { "predicate": { "custom_model_data": 7300233 }, "model": "aot:titans/attack_titan/hardening/attack_titan_legs_bend" },
        { "predicate": { "custom_model_data": 7300234 }, "model": "aot:titans/attack_titan/hardening/attack_titan_right_arm_1" },
        { "predicate": { "custom_model_data": 7300235 }, "model": "aot:titans/attack_titan/hardening/attack_titan_right_eating" },
        { "predicate": { "custom_model_data": 7300236 }, "model": "aot:titans/attack_titan/hardening/attack_titan_right_eating_1" },

        { "predicate": { "custom_model_data": 7300240 }, "model": "aot:titans/armored_titan/armored_titan_body" },
        { "predicate": { "custom_model_data": 7300241 }, "model": "aot:titans/armored_titan/armored_titan_right_arm" },
        { "predicate": { "custom_model_data": 7300242 }, "model": "aot:titans/armored_titan/armored_titan_left_arm" },
        { "predicate": { "custom_model_data": 7300243 }, "model": "aot:titans/armored_titan/armored_titan_legs" },
        { "predicate": { "custom_model_data": 7300244 }, "model": "aot:titans/armored_titan/armored_titan_move_1" },
        { "predicate": { "custom_model_data": 7300245 }, "model": "aot:titans/armored_titan/armored_titan_move_2" },
        { "predicate": { "custom_model_data": 7300246 }, "model": "aot:titans/armored_titan/armored_titan_move_3" },
        { "predicate": { "custom_model_data": 7300247 }, "model": "aot:titans/armored_titan/armored_titan_move_4" },
        { "predicate": { "custom_model_data": 7300248 }, "model": "aot:titans/armored_titan/armored_titan_left_punch" },
        { "predicate": { "custom_model_data": 7300249 }, "model": "aot:titans/armored_titan/armored_titan_right_punch" },
        { "predicate": { "custom_model_data": 7300250 }, "model": "aot:titans/armored_titan/armored_titan_right_punch_1" },
        { "predicate": { "custom_model_data": 7300251 }, "model": "aot:titans/armored_titan/armored_titan_right_punch_2" },
        { "predicate": { "custom_model_data": 7300252 }, "model": "aot:titans/armored_titan/armored_titan_right_punch_3" },
        { "predicate": { "custom_model_data": 7300253 }, "model": "aot:titans/armored_titan/armored_titan_legs_bend" },
        { "predicate": { "custom_model_data": 7300254 }, "model": "aot:titans/armored_titan/armored_titan_right_arm_1" },
        { "predicate": { "custom_model_data": 7300255 }, "model": "aot:titans/armored_titan/armored_titan_right_eating" },
        { "predicate": { "custom_model_data": 7300256 }, "model": "aot:titans/armored_titan/armored_titan_right_eating_1" },
        { "predicate": { "custom_model_data": 7300257 }, "model": "aot:titans/armored_titan/armored_titan_right_bend" },
        { "predicate": { "custom_model_data": 7300258 }, "model": "aot:titans/armored_titan/armored_titan_right_charge" },
        { "predicate": { "custom_model_data": 7300259 }, "model": "aot:titans/armored_titan/armored_titan_left_charge" },

        { "predicate": { "custom_model_data": 7300260 }, "model": "aot:titans/armored_titan/broken_hardening/armored_titan_body" },
        { "predicate": { "custom_model_data": 7300261 }, "model": "aot:titans/armored_titan/broken_hardening/armored_titan_right_arm" },
        { "predicate": { "custom_model_data": 7300262 }, "model": "aot:titans/armored_titan/broken_hardening/armored_titan_left_arm" },
        { "predicate": { "custom_model_data": 7300263 }, "model": "aot:titans/armored_titan/broken_hardening/armored_titan_legs" },
        { "predicate": { "custom_model_data": 7300264 }, "model": "aot:titans/armored_titan/broken_hardening/armored_titan_move_1" },
        { "predicate": { "custom_model_data": 7300265 }, "model": "aot:titans/armored_titan/broken_hardening/armored_titan_move_2" },
        { "predicate": { "custom_model_data": 7300266 }, "model": "aot:titans/armored_titan/broken_hardening/armored_titan_move_3" },
        { "predicate": { "custom_model_data": 7300267 }, "model": "aot:titans/armored_titan/broken_hardening/armored_titan_move_4" },
        { "predicate": { "custom_model_data": 7300268 }, "model": "aot:titans/armored_titan/broken_hardening/armored_titan_left_punch" },
        { "predicate": { "custom_model_data": 7300269 }, "model": "aot:titans/armored_titan/broken_hardening/armored_titan_right_punch" },
        { "predicate": { "custom_model_data": 7300270 }, "model": "aot:titans/armored_titan/broken_hardening/armored_titan_right_punch_1" },
        { "predicate": { "custom_model_data": 7300271 }, "model": "aot:titans/armored_titan/broken_hardening/armored_titan_right_punch_2" },
        { "predicate": { "custom_model_data": 7300272 }, "model": "aot:titans/armored_titan/broken_hardening/armored_titan_right_punch_3" },
        { "predicate": { "custom_model_data": 7300273 }, "model": "aot:titans/armored_titan/broken_hardening/armored_titan_legs_bend" },
        { "predicate": { "custom_model_data": 7300274 }, "model": "aot:titans/armored_titan/broken_hardening/armored_titan_right_arm_1" },
        { "predicate": { "custom_model_data": 7300275 }, "model": "aot:titans/armored_titan/broken_hardening/armored_titan_right_eating" },
        { "predicate": { "custom_model_data": 7300276 }, "model": "aot:titans/armored_titan/broken_hardening/armored_titan_right_eating_1" }
      ]
    }