{
  "parent": "minecraft:item/generated",
  "textures": {
    "layer0": "minecraft:item/ink_sac"
  },
    "overrides": [
		{"predicate": {"custom_model_data":1}, "model": "littleroom_lillith:lillith_crossblade"},
		{"predicate": {"custom_model_data":2}, "model": "littleroom_lillith:lillith_meteor"},
		{"predicate": {"custom_model_data":3}, "model": "littleroom_lillith:succubus_heart"},
		{"predicate": {"custom_model_data":4}, "model": "littleroom_lillith:succubus_heart_small"},
		{"predicate": {"custom_model_data":5}, "model": "littleroom_lillith:lillith_demonglaive"},
		{"predicate": {"custom_model_data":6}, "model": "littleroom_lillith:succubus_heart_hat"},
		{"predicate": {"custom_model_data":7}, "model": "littleroom_lillith:succubus_horn_hat"}
        ]
}