{"parent":"minecraft:item/handheld","textures":{"layer0":"minecraft:item/iron_axe"},"overrides":[{"predicate":{"custom_model_data":10000},"model":"terraria:auto_generated/copper_axe"},{"predicate":{"custom_model_data":10001},"model":"terraria:auto_generated/tin_axe"},{"predicate":{"custom_model_data":10002},"model":"terraria:auto_generated/lead_axe"},{"predicate":{"custom_model_data":10003},"model":"terraria:auto_generated/silver_axe"},{"predicate":{"custom_model_data":10004},"model":"terraria:auto_generated/tungsten_axe"},{"predicate":{"custom_model_data":10005},"model":"terraria:auto_generated/platinum_axe"},{"predicate":{"custom_model_data":10006},"model":"terraria:auto_generated/demonite_axe"},{"predicate":{"custom_model_data":10007},"model":"terraria:auto_generated/meteorite_axe"},{"predicate":{"custom_model_data":10008},"model":"terraria:auto_generated/hellstone_axe"},{"predicate":{"custom_model_data":10009},"model":"terraria:auto_generated/cobalt_axe"},{"predicate":{"custom_model_data":10010},"model":"terraria:auto_generated/palladium_axe"},{"predicate":{"custom_model_data":10011},"model":"terraria:auto_generated/orichalcum_axe"},{"predicate":{"custom_model_data":10012},"model":"terraria:auto_generated/mythril_axe"},{"predicate":{"custom_model_data":10013},"model":"terraria:auto_generated/adamantite_axe"},{"predicate":{"custom_model_data":10014},"model":"terraria:auto_generated/titanium_axe"},{"predicate":{"custom_model_data":10015},"model":"terraria:auto_generated/chlorophyte_axe"},{"predicate":{"custom_model_data":10016},"model":"terraria:auto_generated/luminite_axe"},{"predicate":{"custom_model_data":10017},"model":"minecraft:item/iron_axe"}]}