{
  "parent": "minecraft:item/generated",
  "textures": {
    "layer0": "minecraft:item/iron_nugget"
  },
	"overrides": [
        {"predicate":{"custom_model_data":1},"model":"custom/gestures/clap"},
        {"predicate":{"custom_model_data":2},"model":"custom/gestures/cry"},
        {"predicate":{"custom_model_data":3},"model":"custom/gestures/handsup"},
        {"predicate":{"custom_model_data":4},"model":"custom/gestures/helicopter"},
        {"predicate":{"custom_model_data":5},"model":"custom/gestures/lay"},
        {"predicate":{"custom_model_data":6},"model":"custom/gestures/meditate"},
        {"predicate":{"custom_model_data":7},"model":"custom/gestures/penguin"},
        {"predicate":{"custom_model_data":8},"model":"custom/gestures/shrug"},
        {"predicate":{"custom_model_data":9},"model":"custom/gestures/sit"},
        {"predicate":{"custom_model_data":10},"model":"custom/gestures/sprinkler"},
        {"predicate":{"custom_model_data":11},"model":"custom/gestures/tpose"},
        {"predicate":{"custom_model_data":12},"model":"custom/gestures/urdone"},
        {"predicate":{"custom_model_data":13},"model":"custom/gestures/wave"},
        {"predicate":{"custom_model_data":14},"model":"custom/gestures/yes"},
        {"predicate":{"custom_model_data":15},"model":"custom/gestures/snowangel"}
      ]
    }