{"parent":"minecraft:item/generated","textures":{"layer0":"minecraft:item/leather_horse_armor"},"overrides":[{"predicate":{"custom_model_data":1},"model":"modelengine:casino_game_slot_blue/bone"},{"predicate":{"custom_model_data":2},"model":"modelengine:casino_game_slot_ed/bone"},{"predicate":{"custom_model_data":3},"model":"modelengine:casino_game_slot_geen/bone"},{"predicate":{"custom_model_data":4},"model":"modelengine:casino_game_slot_puple/bone"},{"predicate":{"custom_model_data":5},"model":"modelengine:discord1/righth"},{"predicate":{"custom_model_data":6},"model":"modelengine:discord1/lefth"},{"predicate":{"custom_model_data":7},"model":"modelengine:discord1/body"},{"predicate":{"custom_model_data":8},"model":"modelengine:discord1/list1"},{"predicate":{"custom_model_data":9},"model":"modelengine:discord1/list2"},{"predicate":{"custom_model_data":10},"model":"modelengine:discord1/list3"},{"predicate":{"custom_model_data":11},"model":"modelengine:discord1/eyes"},{"predicate":{"custom_model_data":12},"model":"modelengine:discord1/eyes2"},{"predicate":{"custom_model_data":13},"model":"modelengine:discord1/head"},{"predicate":{"custom_model_data":14},"model":"modelengine:discord1/leftl"},{"predicate":{"custom_model_data":15},"model":"modelengine:discord1/rightl"},{"predicate":{"custom_model_data":16},"model":"modelengine:soulknight_crate/body"},{"predicate":{"custom_model_data":17},"model":"modelengine:soulknight_crate/lid"},{"predicate":{"custom_model_data":18},"model":"modelengine:soulknight_crate/chain_left"},{"predicate":{"custom_model_data":19},"model":"modelengine:soulknight_crate/chain_right"},{"predicate":{"custom_model_data":20},"model":"modelengine:soulknight_crate/skull_up"},{"predicate":{"custom_model_data":21},"model":"modelengine:soulknight_crate/lightbeam"},{"predicate":{"custom_model_data":22},"model":"modelengine:soulknight_crate/item"},{"predicate":{"custom_model_data":23},"model":"modelengine:soulknight_crate/skull_bot"},{"predicate":{"custom_model_data":24},"model":"modelengine:toro_wither/body"},{"predicate":{"custom_model_data":25},"model":"modelengine:toro_wither/left_rib"},{"predicate":{"custom_model_data":26},"model":"modelengine:toro_wither/right_rib"},{"predicate":{"custom_model_data":27},"model":"modelengine:toro_wither/core"},{"predicate":{"custom_model_data":28},"model":"modelengine:toro_wither/spine"},{"predicate":{"custom_model_data":29},"model":"modelengine:toro_wither/spine2"},{"predicate":{"custom_model_data":30},"model":"modelengine:toro_wither/head"},{"predicate":{"custom_model_data":31},"model":"modelengine:toro_wither/left_arm"},{"predicate":{"custom_model_data":32},"model":"modelengine:toro_wither/left_forearm"},{"predicate":{"custom_model_data":33},"model":"modelengine:toro_wither/left_claw"},{"predicate":{"custom_model_data":34},"model":"modelengine:toro_wither/right_arm"},{"predicate":{"custom_model_data":35},"model":"modelengine:toro_wither/right_forearm"},{"predicate":{"custom_model_data":36},"model":"modelengine:toro_wither/right_claw"},{"predicate":{"custom_model_data":37},"model":"modelengine:toro_wither_pool/pool"},{"predicate":{"custom_model_data":38},"model":"modelengine:toro_wither_skull/left_head"},{"predicate":{"custom_model_data":39},"model":"modelengine:toro_wither_skull_2ndphase/head"},{"predicate":{"custom_model_data":40},"model":"modelengine:toro_wither_still/body"},{"predicate":{"custom_model_data":41},"model":"modelengine:toro_wither_still/left_rib"},{"predicate":{"custom_model_data":42},"model":"modelengine:toro_wither_still/right_rib"},{"predicate":{"custom_model_data":43},"model":"modelengine:toro_wither_still/core"},{"predicate":{"custom_model_data":44},"model":"modelengine:toro_wither_still/left_neck"},{"predicate":{"custom_model_data":45},"model":"modelengine:toro_wither_still/left_head"},{"predicate":{"custom_model_data":46},"model":"modelengine:toro_wither_still/right_neck"},{"predicate":{"custom_model_data":47},"model":"modelengine:toro_wither_still/right_head"},{"predicate":{"custom_model_data":48},"model":"modelengine:toro_wither_still/spine"},{"predicate":{"custom_model_data":49},"model":"modelengine:toro_wither_still/spine2"},{"predicate":{"custom_model_data":50},"model":"modelengine:toro_wither_still/head"},{"predicate":{"custom_model_data":51},"model":"modelengine:toro_wither_still/jaw"},{"predicate":{"custom_model_data":52},"model":"modelengine:toro_wither_still/left_arm"},{"predicate":{"custom_model_data":53},"model":"modelengine:toro_wither_still/left_forearm"},{"predicate":{"custom_model_data":54},"model":"modelengine:toro_wither_still/left_claw"},{"predicate":{"custom_model_data":55},"model":"modelengine:toro_wither_still/right_arm"},{"predicate":{"custom_model_data":56},"model":"modelengine:toro_wither_still/right_forearm"},{"predicate":{"custom_model_data":57},"model":"modelengine:toro_wither_still/right_claw"},{"predicate":{"custom_model_data":58},"model":"modelengine:toro_wither_still/nothing"},{"predicate":{"custom_model_data":59},"model":"modelengine:toro_wither_terror/body"},{"predicate":{"custom_model_data":60},"model":"modelengine:toro_wither_terror/neck"},{"predicate":{"custom_model_data":61},"model":"modelengine:toro_wither_terror/head"},{"predicate":{"custom_model_data":62},"model":"modelengine:toro_wither_terror/jaw"},{"predicate":{"custom_model_data":63},"model":"modelengine:toro_wither_terror/left_arm"},{"predicate":{"custom_model_data":64},"model":"modelengine:toro_wither_terror/left_forearm"},{"predicate":{"custom_model_data":65},"model":"modelengine:toro_wither_terror/left_hand"},{"predicate":{"custom_model_data":66},"model":"modelengine:toro_wither_terror/left_thumb"},{"predicate":{"custom_model_data":67},"model":"modelengine:toro_wither_terror/left_finger_index"},{"predicate":{"custom_model_data":68},"model":"modelengine:toro_wither_terror/left_finger_mid"},{"predicate":{"custom_model_data":69},"model":"modelengine:toro_wither_terror/left_finger_pinky"},{"predicate":{"custom_model_data":70},"model":"modelengine:toro_wither_terror/right_arm"},{"predicate":{"custom_model_data":71},"model":"modelengine:toro_wither_terror/right_forearm"},{"predicate":{"custom_model_data":72},"model":"modelengine:toro_wither_terror/head_on_hand"},{"predicate":{"custom_model_data":73},"model":"modelengine:toro_wither_terror/right_hand"},{"predicate":{"custom_model_data":74},"model":"modelengine:toro_wither_terror/right_thumb"},{"predicate":{"custom_model_data":75},"model":"modelengine:toro_wither_terror/right_finger_index"},{"predicate":{"custom_model_data":76},"model":"modelengine:toro_wither_terror/right_finger_mid"},{"predicate":{"custom_model_data":77},"model":"modelengine:toro_wither_terror/right_finger_pinky"},{"predicate":{"custom_model_data":78},"model":"modelengine:toro_wither_terror/tail1"},{"predicate":{"custom_model_data":79},"model":"modelengine:toro_wither_terror/tail3"},{"predicate":{"custom_model_data":80},"model":"modelengine:toro_wither_terror/tail2"}]}