{
  "parent": "item/generated",
  "textures": {
    "layer0": "item/spawn_egg",
    "layer1": "item/spawn_egg_overlay"
  },
  "overrides": [
    { "predicate": { "custom_model_data": 7300002 }, "model": "aot:titans/pure_titan/4m/template_spawn_egg" },
    { "predicate": { "custom_model_data": 7300003 }, "model": "aot:titans/pure_titan/5m/template_spawn_egg" },
    { "predicate": { "custom_model_data": 7300004 }, "model": "aot:titans/pure_titan/8m/template_spawn_egg" },
    { "predicate": { "custom_model_data": 7300005 }, "model": "aot:titans/pure_titan/15m/template_spawn_egg" }
  ]
}