{
    "parent": "minecraft:item/generated",
    "textures": {
        "layer0": "minecraft:item/potion_overlay",
        "layer1": "minecraft:item/potion"
    },
    "overrides": [
        {
            "predicate": {
                "custom_model_data": 556
            },
            "model": "item/test/applemead"
        },
        {
            "predicate": {
                "custom_model_data": 557
            },
            "model": "item/test/beer"
        },
        {
            "predicate": {
                "custom_model_data": 558
            },
            "model": "item/test/tekila"
        },
        {
            "predicate": {
                "custom_model_data": 559
            },
            "model": "item/test/cossackmead"
        },
        {
            "predicate": {
                "custom_model_data": 560
            },
            "model": "item/test/lvivchristmas"
        },
        {
            "predicate": {
                "custom_model_data": 561
            },
            "model": "item/test/obolonbeer"
        },
        {
            "predicate": {
                "custom_model_data": 562
            },
            "model": "item/test/wine"
        },
        {
            "predicate": {
                "custom_model_data": 563
            },
            "model": "item/test/calvados"
        },
        {
            "predicate": {
                "custom_model_data": 564
            },
            "model": "item/test/a"
        },
        {
            "predicate": {
                "custom_model_data": 565
            },
            "model": "item/test/englishtea"
        },
        {
            "predicate": {
                "custom_model_data": 566
            },
            "model": "item/test/lvivcoffee"
        },
        {
            "predicate": {
                "custom_model_data": 567
            },
            "model": "item/test/whiskey"
        },
        {
            "predicate": {
                "custom_model_data": 568
            },
            "model": "item/test/piraterom"
        },
        {
            "predicate": {
                "custom_model_data": 569
            },
            "model": "item/test/grandfathersmoonshine"
        },
        {
            "predicate": {
                "custom_model_data": 571
            },
            "model": "item/test/excellentabsinthe"
        }
    ]
}