{"textures":{"1":"modelengine:entity/toro_wither_terror"},"elements":[{"from":[5.7200003,11.787791,-16.0],"to":[14.84,20.427792,7.040001],"rotation":{"angle":-22.5,"axis":"y","origin":[8.0,13.707791,-25.36]},"faces":{"south":{"uv":[1.875,7.90625,2.46875,8.46875],"rotation":0,"texture":"#1","tintindex":0},"north":{"uv":[0.78125,7.84375,1.375,8.40625],"rotation":0,"texture":"#1","tintindex":0},"down":{"uv":[1.40625,4.875,0.8125,6.375],"rotation":0,"texture":"#1","tintindex":0},"east":{"uv":[2.59375,5.09375,4.09375,5.65625],"rotation":0,"texture":"#1","tintindex":0},"west":{"uv":[5.09375,4.25,6.59375,4.8125],"rotation":0,"texture":"#1","tintindex":0},"up":{"uv":[5.09375,5.75,4.5,4.25],"rotation":0,"texture":"#1","tintindex":0}}},{"from":[1.1599998,11.787791,-16.0],"to":[10.28,20.427792,7.040001],"rotation":{"angle":22.5,"axis":"y","origin":[8.0,13.707791,-25.36]},"faces":{"south":{"uv":[0.0,8.28125,0.59375,8.84375],"rotation":0,"texture":"#1","tintindex":0},"north":{"uv":[8.0625,8.1875,8.65625,8.75],"rotation":0,"texture":"#1","tintindex":0},"down":{"uv":[2.59375,4.875,2.0,6.375],"rotation":0,"texture":"#1","tintindex":0},"east":{"uv":[5.09375,4.8125,6.59375,5.375],"rotation":0,"texture":"#1","tintindex":0},"west":{"uv":[5.125,0.0,6.625,0.5625],"rotation":0,"texture":"#1","tintindex":0},"up":{"uv":[2.0,6.375,1.40625,4.875],"rotation":0,"texture":"#1","tintindex":0}}},{"from":[5.3599997,-6.5722094,-15.4],"to":[10.64,6.627791,-10.360001],"rotation":{"angle":-22.5,"axis":"x","origin":[8.24,13.707791,-25.36]},"faces":{"south":{"uv":[7.03125,8.59375,7.375,9.46875],"rotation":0,"texture":"#1","tintindex":0},"north":{"uv":[8.59375,4.15625,8.9375,5.03125],"rotation":0,"texture":"#1","tintindex":0},"down":{"uv":[11.3125,7.0625,10.96875,7.40625],"rotation":0,"texture":"#1","tintindex":0},"east":{"uv":[6.6875,8.59375,7.03125,9.46875],"rotation":0,"texture":"#1","tintindex":0},"west":{"uv":[8.65625,8.1875,9.0,9.0625],"rotation":0,"texture":"#1","tintindex":0},"up":{"uv":[9.40625,11.25,9.0625,10.90625],"rotation":0,"texture":"#1","tintindex":0}}},{"from":[0.65599966,-6.5722094,-13.816],"to":[5.936,-1.5322094,-4.935999],"rotation":{"angle":-22.5,"axis":"x","origin":[8.24,13.707791,-25.36]},"faces":{"south":{"uv":[0.34375,11.0,0.6875,11.34375],"rotation":0,"texture":"#1","tintindex":0},"north":{"uv":[0.0,11.0,0.34375,11.34375],"rotation":0,"texture":"#1","tintindex":0},"down":{"uv":[10.03125,7.90625,9.6875,8.5],"rotation":0,"texture":"#1","tintindex":0},"east":{"uv":[9.625,5.53125,10.21875,5.875],"rotation":0,"texture":"#1","tintindex":0},"west":{"uv":[9.625,8.6875,10.21875,9.03125],"rotation":0,"texture":"#1","tintindex":0},"up":{"uv":[7.4375,10.28125,7.09375,9.6875],"rotation":0,"texture":"#1","tintindex":0}}},{"from":[1.6159997,-5.6122084,-5.1759987],"to":[4.976,-2.4922094,3.7040005],"rotation":{"angle":-22.5,"axis":"x","origin":[8.24,13.707791,-25.36]},"faces":{"south":{"uv":[12.25,1.90625,12.46875,2.125],"rotation":0,"texture":"#1","tintindex":0},"north":{"uv":[12.21875,12.15625,12.4375,12.375],"rotation":0,"texture":"#1","tintindex":0},"down":{"uv":[7.59375,10.6875,7.375,11.28125],"rotation":0,"texture":"#1","tintindex":0},"east":{"uv":[5.96875,4.03125,6.5625,4.25],"rotation":0,"texture":"#1","tintindex":0},"west":{"uv":[10.59375,1.96875,11.1875,2.1875],"rotation":0,"texture":"#1","tintindex":0},"up":{"uv":[7.375,11.28125,7.15625,10.6875],"rotation":0,"texture":"#1","tintindex":0}}},{"from":[0.65599966,-13.772209,-8.535999],"to":[5.936,-8.732208,0.34400082],"rotation":{"angle":-22.5,"axis":"x","origin":[8.24,13.707791,-25.36]},"faces":{"south":{"uv":[0.6875,11.03125,1.03125,11.375],"rotation":0,"texture":"#1","tintindex":0},"north":{"uv":[11.0,10.84375,11.34375,11.1875],"rotation":0,"texture":"#1","tintindex":0},"down":{"uv":[7.78125,9.75,7.4375,10.34375],"rotation":0,"texture":"#1","tintindex":0},"east":{"uv":[9.65625,3.0,10.25,3.34375],"rotation":0,"texture":"#1","tintindex":0},"west":{"uv":[9.75,4.03125,10.34375,4.375],"rotation":0,"texture":"#1","tintindex":0},"up":{"uv":[6.65625,10.34375,6.3125,9.75],"rotation":0,"texture":"#1","tintindex":0}}},{"from":[1.6159997,-12.812208,0.104001045],"to":[4.976,-9.692209,8.984001],"rotation":{"angle":-22.5,"axis":"x","origin":[8.24,13.707791,-25.36]},"faces":{"south":{"uv":[12.25,5.25,12.46875,5.46875],"rotation":0,"texture":"#1","tintindex":0},"north":{"uv":[12.25,5.03125,12.46875,5.25],"rotation":0,"texture":"#1","tintindex":0},"down":{"uv":[8.03125,10.6875,7.8125,11.28125],"rotation":0,"texture":"#1","tintindex":0},"east":{"uv":[10.625,8.65625,11.21875,8.875],"rotation":0,"texture":"#1","tintindex":0},"west":{"uv":[10.625,9.84375,11.21875,10.0625],"rotation":0,"texture":"#1","tintindex":0},"up":{"uv":[7.8125,11.28125,7.59375,10.6875],"rotation":0,"texture":"#1","tintindex":0}}},{"from":[11.024,-5.6122084,-5.1759987],"to":[14.384001,-2.4922094,3.7040005],"rotation":{"angle":-22.5,"axis":"x","origin":[7.76,13.707791,-25.36]},"faces":{"south":{"uv":[6.25,12.25,6.46875,12.46875],"rotation":0,"texture":"#1","tintindex":0},"north":{"uv":[6.03125,12.25,6.25,12.46875],"rotation":0,"texture":"#1","tintindex":0},"down":{"uv":[8.46875,10.6875,8.25,11.28125],"rotation":0,"texture":"#1","tintindex":0},"east":{"uv":[10.625,10.0625,11.21875,10.28125],"rotation":0,"texture":"#1","tintindex":0},"west":{"uv":[10.65625,0.25,11.25,0.46875],"rotation":0,"texture":"#1","tintindex":0},"up":{"uv":[8.25,11.28125,8.03125,10.6875],"rotation":0,"texture":"#1","tintindex":0}}},{"from":[10.064,-6.5722094,-13.816],"to":[15.344,-1.5322094,-4.935999],"rotation":{"angle":-22.5,"axis":"x","origin":[7.76,13.707791,-25.36]},"faces":{"south":{"uv":[11.03125,9.0,11.375,9.34375],"rotation":0,"texture":"#1","tintindex":0},"north":{"uv":[6.28125,11.03125,6.625,11.375],"rotation":0,"texture":"#1","tintindex":0},"down":{"uv":[10.125,7.0625,9.78125,7.65625],"rotation":0,"texture":"#1","tintindex":0},"east":{"uv":[4.125,9.78125,4.71875,10.125],"rotation":0,"texture":"#1","tintindex":0},"west":{"uv":[9.78125,6.71875,10.375,7.0625],"rotation":0,"texture":"#1","tintindex":0},"up":{"uv":[8.125,10.34375,7.78125,9.75],"rotation":0,"texture":"#1","tintindex":0}}},{"from":[10.064,-13.772209,-8.535999],"to":[15.344,-8.732208,0.34400082],"rotation":{"angle":-22.5,"axis":"x","origin":[7.76,13.707791,-25.36]},"faces":{"south":{"uv":[4.625,11.0625,4.96875,11.40625],"rotation":0,"texture":"#1","tintindex":0},"north":{"uv":[11.0625,0.59375,11.40625,0.9375],"rotation":0,"texture":"#1","tintindex":0},"down":{"uv":[1.28125,9.875,0.9375,10.46875],"rotation":0,"texture":"#1","tintindex":0},"east":{"uv":[9.78125,9.5625,10.375,9.90625],"rotation":0,"texture":"#1","tintindex":0},"west":{"uv":[4.71875,9.8125,5.3125,10.15625],"rotation":0,"texture":"#1","tintindex":0},"up":{"uv":[0.34375,10.46875,0.0,9.875],"rotation":0,"texture":"#1","tintindex":0}}},{"from":[4.16,11.6419935,18.253525],"to":[11.84,19.081993,28.093525],"rotation":{"angle":0.0,"axis":"y","origin":[7.76,21.601994,13.453524]},"faces":{"south":{"uv":[1.125,9.375,1.625,9.875],"rotation":0,"texture":"#1","tintindex":0},"north":{"uv":[0.0,9.375,0.5,9.875],"rotation":0,"texture":"#1","tintindex":0},"down":{"uv":[8.90625,3.5,8.40625,4.15625],"rotation":0,"texture":"#1","tintindex":0},"east":{"uv":[4.09375,8.375,4.75,8.875],"rotation":0,"texture":"#1","tintindex":0},"west":{"uv":[0.59375,8.40625,1.25,8.90625],"rotation":0,"texture":"#1","tintindex":0},"up":{"uv":[8.0,8.90625,7.5,8.25],"rotation":0,"texture":"#1","tintindex":0}}},{"from":[2.0,10.201994,8.653524],"to":[14.0,21.001995,18.493525],"rotation":{"angle":0.0,"axis":"y","origin":[8.0,21.601994,13.453524]},"faces":{"south":{"uv":[6.34375,6.09375,7.125,6.8125],"rotation":0,"texture":"#1","tintindex":0},"north":{"uv":[6.34375,5.375,7.125,6.09375],"rotation":0,"texture":"#1","tintindex":0},"down":{"uv":[7.375,3.90625,6.59375,4.5625],"rotation":0,"texture":"#1","tintindex":0},"east":{"uv":[0.6875,6.75,1.34375,7.46875],"rotation":0,"texture":"#1","tintindex":0},"west":{"uv":[1.34375,6.75,2.0,7.46875],"rotation":0,"texture":"#1","tintindex":0},"up":{"uv":[7.3125,3.90625,6.53125,3.25],"rotation":0,"texture":"#1","tintindex":0}}},{"from":[0.55999994,-1.892209,-4.3600006],"to":[15.440001,14.187792,11.240001],"rotation":{"angle":-22.5,"axis":"x","origin":[9.2,13.707791,-25.36]},"faces":{"south":{"uv":[2.5625,0.0,3.53125,1.0625],"rotation":0,"texture":"#1","tintindex":0},"north":{"uv":[2.0625,2.125,3.03125,3.1875],"rotation":0,"texture":"#1","tintindex":0},"down":{"uv":[4.0,3.15625,3.03125,4.1875],"rotation":0,"texture":"#1","tintindex":0},"east":{"uv":[1.53125,0.0,2.5625,1.0625],"rotation":0,"texture":"#1","tintindex":0},"west":{"uv":[1.53125,1.0625,2.5625,2.125],"rotation":0,"texture":"#1","tintindex":0},"up":{"uv":[4.0,3.15625,3.03125,2.125],"rotation":0,"texture":"#1","tintindex":0}}},{"from":[-9.76,4.947791,4.7600007],"to":[5.12,10.947791,10.280001],"rotation":{"angle":-22.5,"axis":"x","origin":[9.2,13.707791,-25.36]},"faces":{"south":{"uv":[4.25,7.21875,5.21875,7.625],"rotation":0,"texture":"#1","tintindex":0},"north":{"uv":[7.125,6.03125,8.09375,6.4375],"rotation":0,"texture":"#1","tintindex":0},"down":{"uv":[8.5,1.96875,7.53125,2.34375],"rotation":0,"texture":"#1","tintindex":0},"east":{"uv":[8.8125,10.21875,9.1875,10.625],"rotation":0,"texture":"#1","tintindex":0},"west":{"uv":[10.25,2.96875,10.625,3.375],"rotation":0,"texture":"#1","tintindex":0},"up":{"uv":[8.5,1.96875,7.53125,1.59375],"rotation":0,"texture":"#1","tintindex":0}}},{"from":[-12.639999,5.547791,4.7600007],"to":[-7.839999,20.18779,10.280001],"rotation":{"angle":22.5,"axis":"z","origin":[-16.0,18.02779,7.520001]},"faces":{"south":{"uv":[4.75,8.5625,5.0625,9.53125],"rotation":0,"texture":"#1","tintindex":0},"north":{"uv":[2.0625,8.46875,2.375,9.4375],"rotation":0,"texture":"#1","tintindex":0},"down":{"uv":[3.9375,11.09375,3.625,11.46875],"rotation":0,"texture":"#1","tintindex":0},"east":{"uv":[5.21875,7.21875,5.59375,8.1875],"rotation":0,"texture":"#1","tintindex":0},"west":{"uv":[1.5,7.46875,1.875,8.4375],"rotation":0,"texture":"#1","tintindex":0},"up":{"uv":[3.625,11.46875,3.3125,11.09375],"rotation":0,"texture":"#1","tintindex":0}}},{"from":[-11.68,-2.6122093,5.7200007],"to":[-8.32,5.7877913,9.320001],"rotation":{"angle":22.5,"axis":"z","origin":[-16.0,18.02779,7.520001]},"faces":{"south":{"uv":[1.09375,10.90625,1.3125,11.46875],"rotation":0,"texture":"#1","tintindex":0},"north":{"uv":[10.5,10.875,10.71875,11.4375],"rotation":0,"texture":"#1","tintindex":0},"down":{"uv":[12.28125,10.34375,12.0625,10.59375],"rotation":0,"texture":"#1","tintindex":0},"east":{"uv":[0.84375,10.46875,1.09375,11.03125],"rotation":0,"texture":"#1","tintindex":0},"west":{"uv":[10.46875,9.03125,10.71875,9.59375],"rotation":0,"texture":"#1","tintindex":0},"up":{"uv":[12.28125,8.03125,12.0625,7.78125],"rotation":0,"texture":"#1","tintindex":0}}},{"from":[1.6466112,2.6744275,15.800001],"to":[5.006612,11.074428,19.400002],"rotation":{"angle":22.5,"axis":"z","origin":[7.2866116,3.5144277,17.6]},"faces":{"south":{"uv":[3.96875,10.90625,4.1875,11.46875],"rotation":0,"texture":"#1","tintindex":0},"north":{"uv":[10.90625,2.53125,11.125,3.09375],"rotation":0,"texture":"#1","tintindex":0},"down":{"uv":[0.90625,12.09375,0.6875,12.34375],"rotation":0,"texture":"#1","tintindex":0},"east":{"uv":[10.5,0.59375,10.75,1.15625],"rotation":0,"texture":"#1","tintindex":0},"west":{"uv":[5.21875,10.5,5.46875,11.0625],"rotation":0,"texture":"#1","tintindex":0},"up":{"uv":[10.875,12.3125,10.65625,12.0625],"rotation":0,"texture":"#1","tintindex":0}}},{"from":[13.873388,4.7144275,14.840001],"to":[18.67339,16.474428,20.36],"rotation":{"angle":22.5,"axis":"z","origin":[8.713388,3.5144277,17.6]},"faces":{"south":{"uv":[9.375,7.90625,9.6875,8.6875],"rotation":0,"texture":"#1","tintindex":0},"north":{"uv":[1.625,9.375,1.9375,10.15625],"rotation":0,"texture":"#1","tintindex":0},"down":{"uv":[3.21875,11.125,2.90625,11.5],"rotation":0,"texture":"#1","tintindex":0},"east":{"uv":[7.375,8.90625,7.75,9.6875],"rotation":0,"texture":"#1","tintindex":0},"west":{"uv":[8.9375,4.03125,9.3125,4.8125],"rotation":0,"texture":"#1","tintindex":0},"up":{"uv":[11.4375,2.90625,11.125,2.53125],"rotation":0,"texture":"#1","tintindex":0}}},{"from":[-2.6733885,4.7144275,14.840001],"to":[2.1266117,16.474428,20.36],"rotation":{"angle":-22.5,"axis":"z","origin":[7.2866116,3.5144277,17.6]},"faces":{"south":{"uv":[3.8125,9.40625,4.125,10.1875],"rotation":0,"texture":"#1","tintindex":0},"north":{"uv":[3.5,9.40625,3.8125,10.1875],"rotation":0,"texture":"#1","tintindex":0},"down":{"uv":[10.28125,11.125,9.96875,11.5],"rotation":0,"texture":"#1","tintindex":0},"east":{"uv":[8.96875,7.15625,9.34375,7.9375],"rotation":0,"texture":"#1","tintindex":0},"west":{"uv":[9.0,7.9375,9.375,8.71875],"rotation":0,"texture":"#1","tintindex":0},"up":{"uv":[9.96875,11.5,9.65625,11.125],"rotation":0,"texture":"#1","tintindex":0}}},{"from":[10.993388,2.6744275,15.800001],"to":[14.353389,11.074428,19.400002],"rotation":{"angle":-22.5,"axis":"z","origin":[8.713388,3.5144277,17.6]},"faces":{"south":{"uv":[4.40625,10.90625,4.625,11.46875],"rotation":0,"texture":"#1","tintindex":0},"north":{"uv":[4.1875,10.90625,4.40625,11.46875],"rotation":0,"texture":"#1","tintindex":0},"down":{"uv":[1.84375,12.09375,1.625,12.34375],"rotation":0,"texture":"#1","tintindex":0},"east":{"uv":[10.5,7.65625,10.75,8.21875],"rotation":0,"texture":"#1","tintindex":0},"west":{"uv":[10.5,10.3125,10.75,10.875],"rotation":0,"texture":"#1","tintindex":0},"up":{"uv":[1.625,12.34375,1.40625,12.09375],"rotation":0,"texture":"#1","tintindex":0}}},{"from":[10.88,4.947791,4.7600007],"to":[25.76,10.947791,10.280001],"rotation":{"angle":-22.5,"axis":"x","origin":[6.8,13.707791,-25.36]},"faces":{"south":{"uv":[7.3125,3.25,8.28125,3.65625],"rotation":0,"texture":"#1","tintindex":0},"north":{"uv":[6.75,7.21875,7.71875,7.625],"rotation":0,"texture":"#1","tintindex":0},"down":{"uv":[5.21875,7.625,4.25,8.0],"rotation":0,"texture":"#1","tintindex":0},"east":{"uv":[10.25,9.90625,10.625,10.3125],"rotation":0,"texture":"#1","tintindex":0},"west":{"uv":[10.28125,3.375,10.65625,3.78125],"rotation":0,"texture":"#1","tintindex":0},"up":{"uv":[8.5,2.71875,7.53125,2.34375],"rotation":0,"texture":"#1","tintindex":0}}},{"from":[23.84,5.547791,4.7600007],"to":[28.64,20.18779,10.280001],"rotation":{"angle":-22.5,"axis":"z","origin":[32.0,18.02779,7.520001]},"faces":{"south":{"uv":[5.375,8.5625,5.6875,9.53125],"rotation":0,"texture":"#1","tintindex":0},"north":{"uv":[5.0625,8.5625,5.375,9.53125],"rotation":0,"texture":"#1","tintindex":0},"down":{"uv":[2.5625,11.15625,2.25,11.53125],"rotation":0,"texture":"#1","tintindex":0},"east":{"uv":[6.75,7.625,7.125,8.59375],"rotation":0,"texture":"#1","tintindex":0},"west":{"uv":[7.125,7.625,7.5,8.59375],"rotation":0,"texture":"#1","tintindex":0},"up":{"uv":[1.625,11.53125,1.3125,11.15625],"rotation":0,"texture":"#1","tintindex":0}}},{"from":[24.32,-2.6122093,5.7200007],"to":[27.68,5.7877913,9.320001],"rotation":{"angle":-22.5,"axis":"z","origin":[32.0,18.02779,7.520001]},"faces":{"south":{"uv":[6.625,10.90625,6.84375,11.46875],"rotation":0,"texture":"#1","tintindex":0},"north":{"uv":[5.46875,10.90625,5.6875,11.46875],"rotation":0,"texture":"#1","tintindex":0},"down":{"uv":[12.3125,2.46875,12.09375,2.71875],"rotation":0,"texture":"#1","tintindex":0},"east":{"uv":[3.46875,10.53125,3.71875,11.09375],"rotation":0,"texture":"#1","tintindex":0},"west":{"uv":[3.71875,10.53125,3.96875,11.09375],"rotation":0,"texture":"#1","tintindex":0},"up":{"uv":[2.0625,12.34375,1.84375,12.09375],"rotation":0,"texture":"#1","tintindex":0}}},{"from":[11.024,-12.812208,0.104001045],"to":[14.384001,-9.692209,8.984001],"rotation":{"angle":-22.5,"axis":"x","origin":[7.76,13.707791,-25.36]},"faces":{"south":{"uv":[7.9375,12.25,8.15625,12.46875],"rotation":0,"texture":"#1","tintindex":0},"north":{"uv":[6.46875,12.25,6.6875,12.46875],"rotation":0,"texture":"#1","tintindex":0},"down":{"uv":[10.5,10.6875,10.28125,11.28125],"rotation":0,"texture":"#1","tintindex":0},"east":{"uv":[10.65625,3.4375,11.25,3.65625],"rotation":0,"texture":"#1","tintindex":0},"west":{"uv":[9.6875,10.6875,10.28125,10.90625],"rotation":0,"texture":"#1","tintindex":0},"up":{"uv":[8.6875,11.28125,8.46875,10.6875],"rotation":0,"texture":"#1","tintindex":0}}},{"from":[4.3999996,-9.039999,-6.2069283],"to":[11.6,4.16,-1.1669292],"rotation":{"angle":-45.0,"axis":"x","origin":[8.0,0.0800004,-6.2069283]},"faces":{"south":{"uv":[0.0,6.9375,0.46875,7.8125],"rotation":0,"texture":"#1","tintindex":0},"north":{"uv":[3.53125,1.21875,4.0,2.09375],"rotation":0,"texture":"#1","tintindex":0},"down":{"uv":[3.9375,10.1875,3.46875,10.53125],"rotation":0,"texture":"#1","tintindex":0},"east":{"uv":[2.375,8.71875,2.71875,9.59375],"rotation":0,"texture":"#1","tintindex":0},"west":{"uv":[2.71875,8.71875,3.0625,9.59375],"rotation":0,"texture":"#1","tintindex":0},"up":{"uv":[10.65625,0.59375,10.1875,0.25],"rotation":0,"texture":"#1","tintindex":0}}}],"display":{"head":{"translation":[0.0,-6.4,-16.452286],"scale":[4.0,4.0,4.0]}}}