{"credit":"MadewithBlockbench","textures":{"0":"owlsdev:furniture/bar_stool","particle":"owlsdev:furniture/bar_stool"},"elements":[{"from":[4,0,4],"to":[12,1,12],"faces":{"north":{"uv":[0,13.5,4,14],"texture":"#0"},"east":{"uv":[0,13.5,4,14],"texture":"#0"},"south":{"uv":[0,13.5,4,14],"texture":"#0"},"west":{"uv":[0,13.5,4,14],"texture":"#0"},"up":{"uv":[0,9.5,4,13.5],"texture":"#0"},"down":{"uv":[0,9.5,4,13.5],"texture":"#0"}}},{"from":[7,0,7],"to":[9,9,9],"faces":{"north":{"uv":[0,4,1,8.5],"texture":"#0"},"east":{"uv":[1,4,0,8.5],"texture":"#0"},"south":{"uv":[0,4,1,8.5],"texture":"#0"},"west":{"uv":[1,4,0,8.5],"texture":"#0"},"up":{"uv":[0,2,1,3],"texture":"#0"},"down":{"uv":[0,2,1,3],"texture":"#0"}}},{"from":[2,9,2],"to":[14,11,14],"faces":{"north":{"uv":[1.5,8,7.5,9],"texture":"#0"},"east":{"uv":[1.5,8,7.5,9],"texture":"#0"},"south":{"uv":[1.5,8,7.5,9],"texture":"#0"},"west":{"uv":[1.5,8,7.5,9],"texture":"#0"},"down":{"uv":[7.5,1,13.5,7],"texture":"#0"}}},{"from":[2,11,2],"to":[14,13,14],"faces":{"north":{"uv":[1.5,7,7.5,8],"texture":"#0","tintindex":1},"east":{"uv":[1.5,7,7.5,8],"texture":"#0","tintindex":1},"south":{"uv":[1.5,7,7.5,8],"texture":"#0","tintindex":1},"west":{"uv":[1.5,7,7.5,8],"texture":"#0","tintindex":1},"up":{"uv":[1.5,1,7.5,7],"texture":"#0","tintindex":1}}}],"display":{"thirdperson_righthand":{"rotation":[30,45,0],"scale":[0.3,0.3,0.3]},"thirdperson_lefthand":{"rotation":[30,45,0],"scale":[0.3,0.3,0.3]},"firstperson_righthand":{"rotation":[0,28,0],"translation":[8,-5.5,-5]},"firstperson_lefthand":{"rotation":[0,28,0],"translation":[8,-5.5,-5]},"ground":{"translation":[0,1.75,0],"scale":[0.3,0.3,0.3]},"gui":{"rotation":[30,45,0],"translation":[0,-1.25,0],"scale":[0.7,0.7,0.7]},"head":{"translation":[0,-30,0],"scale":[1.5,1.5,1.5]},"fixed":{"rotation":[-90,0,0],"translation":[0,0,-16],"scale":[2,2,2]}}}