{"credit":"MadewithBlockbench","texture_size":[128,128],"textures":{"0":"owlsdev:furniture/beach_umbrella","particle":"owlsdev:furniture/beach_umbrella"},"elements":[{"from":[-16,24,-16],"to":[32,30,32],"faces":{"north":{"uv":[0,6,6,6.75],"texture":"#0"},"east":{"uv":[0,6,6,6.75],"texture":"#0"},"south":{"uv":[0,6,6,6.75],"texture":"#0"},"west":{"uv":[0,6,6,6.75],"texture":"#0"},"up":{"uv":[0,0,6,6],"texture":"#0"}}},{"name":"cubeinverted","from":[32,30,32],"to":[-16,24,-16],"faces":{"north":{"uv":[0,6.75,6,6],"texture":"#0"},"east":{"uv":[0,6.75,6,6],"texture":"#0"},"south":{"uv":[0,6.75,6,6],"texture":"#0"},"west":{"uv":[0,6.75,6,6],"texture":"#0"},"down":{"uv":[6,0,0,6],"texture":"#0"}}},{"from":[7,-16,7],"to":[9,32,9],"faces":{"north":{"uv":[12,0,12.25,6],"texture":"#0"},"east":{"uv":[12.25,0,12,6],"texture":"#0"},"south":{"uv":[12,0,12.25,6],"texture":"#0"},"west":{"uv":[12.25,0,12,6],"texture":"#0"},"up":{"uv":[12.25,0,12.5,0.25],"texture":"#0"},"down":{"uv":[12,5.875,12.125,6],"texture":"#0"}}},{"from":[-3,20,8],"to":[19,30,8],"faces":{"north":{"uv":[12.5,0,15.25,1.25],"texture":"#0"},"south":{"uv":[12.5,0,15.25,1.25],"texture":"#0"}}},{"from":[8,20,-3],"to":[8,30,19],"rotation":{"angle":0,"axis":"y","origin":[8,25,8]},"faces":{"east":{"uv":[12.5,0,15.25,1.25],"texture":"#0"},"west":{"uv":[12.5,0,15.25,1.25],"texture":"#0"}}},{"from":[-16,24,-16],"to":[32,30,32],"faces":{"north":{"uv":[6,6,12,6.75],"texture":"#0","tintindex":1},"east":{"uv":[6,6,12,6.75],"texture":"#0","tintindex":1},"south":{"uv":[6,6,12,6.75],"texture":"#0","tintindex":1},"west":{"uv":[6,6,12,6.75],"texture":"#0","tintindex":1},"up":{"uv":[6,0,12,6],"texture":"#0","tintindex":1}}},{"name":"cubeinverted","from":[32,30,32],"to":[-16,24,-16],"faces":{"north":{"uv":[6,6.75,12,6],"texture":"#0","tintindex":1},"east":{"uv":[6,6.75,12,6],"texture":"#0","tintindex":1},"south":{"uv":[6,6.75,12,6],"texture":"#0","tintindex":1},"west":{"uv":[6,6.75,12,6],"texture":"#0","tintindex":1},"down":{"uv":[12,0,6,6],"texture":"#0","tintindex":1}}}],"display":{"thirdperson_righthand":{"rotation":[71,-17,-10],"translation":[1.75,2.75,12],"scale":[0.8,0.8,0.8]},"thirdperson_lefthand":{"rotation":[71,-17,-10],"translation":[1.75,2.75,12],"scale":[0.8,0.8,0.8]},"firstperson_righthand":{"rotation":[10,-52,1],"translation":[14.25,6.25,-4.5]},"firstperson_lefthand":{"rotation":[10,-52,1],"translation":[14.25,6.25,-4.5]},"ground":{"translation":[0,3.75,0],"scale":[0.08,0.08,0.08]},"gui":{"rotation":[30,45,0],"translation":[0,-1.25,0],"scale":[0.23,0.23,0.23]},"head":{"rotation":[-10,180,0],"translation":[0,3.25,0],"scale":[2,2,2]},"fixed":{"rotation":[80,0,0],"translation":[0,0,-17],"scale":[2,2,2]}},"groups":[{"name":"group","origin":[0,0,0],"color":0,"children":[0,1]},2,3,4,{"name":"group","origin":[0,0,0],"color":0,"children":[5,6]}]}