{"credit":"MadewithBlockbench","textures":{"0":"owlsdev:furniture/hanging_plant","1":"owlsdev:furniture/hanging_lilac","particle":"owlsdev:furniture/hanging_plant"},"elements":[{"from":[-4,-2,8],"to":[20,19,8],"rotation":{"angle":-22.5,"axis":"y","origin":[8,8,8]},"faces":{"north":{"uv":[2,0.5,8,6.5],"texture":"#1"},"south":{"uv":[2,0.5,8,6.5],"texture":"#1"}}},{"from":[8,-2,-4],"to":[8,19,20],"rotation":{"angle":-22.5,"axis":"y","origin":[8,8,8]},"faces":{"east":{"uv":[2,0.5,8,6.5],"texture":"#1"},"west":{"uv":[2,0.5,8,6.5],"texture":"#1"}}},{"from":[4,-14,14.5],"to":[10,9,14.5],"faces":{"north":{"uv":[0.25,0,1.75,5.75],"texture":"#1"},"south":{"uv":[0.25,0,1.75,5.75],"texture":"#1"}}},{"from":[7,-14,1.5],"to":[13,9,1.5],"faces":{"north":{"uv":[0.25,1.25,1.75,7],"texture":"#1"},"south":{"uv":[0.25,1.25,1.75,7],"texture":"#1"}}},{"from":[-0.5,8,8],"to":[16.5,24,8],"rotation":{"angle":45,"axis":"y","origin":[8,8,8]},"faces":{"north":{"uv":[0,0,4.25,4],"texture":"#0"},"south":{"uv":[0,0,4.25,4],"texture":"#0"}}},{"from":[-0.5,8,8],"to":[16.5,24,8],"rotation":{"angle":-45,"axis":"y","origin":[8,8,8]},"faces":{"north":{"uv":[0,0,4.25,4],"texture":"#0"},"south":{"uv":[0,0,4.25,4],"texture":"#0"}}},{"from":[2,0,2],"to":[14,8,14],"faces":{"north":{"uv":[0,4,3,6],"texture":"#0"},"east":{"uv":[0,4,3,6],"texture":"#0"},"south":{"uv":[0,4,3,6],"texture":"#0"},"west":{"uv":[0,4,3,6],"texture":"#0"},"up":{"uv":[0,6,3,9],"texture":"#0"},"down":{"uv":[3,6,6,9],"texture":"#0"}}},{"from":[-4,-2,8],"to":[20,19,8],"rotation":{"angle":-22.5,"axis":"y","origin":[8,8,8]},"faces":{"north":{"uv":[9.75,0.5,15.75,6.5],"texture":"#1","tintindex":1},"south":{"uv":[9.75,0.5,15.75,6.5],"texture":"#1","tintindex":1}}},{"from":[8,-2,-4],"to":[8,19,20],"rotation":{"angle":-22.5,"axis":"y","origin":[8,8,8]},"faces":{"east":{"uv":[9.75,0.5,15.75,6.5],"texture":"#1","tintindex":1},"west":{"uv":[9.75,0.5,15.75,6.5],"texture":"#1","tintindex":1}}},{"from":[4,-14,14.5],"to":[10,9,14.5],"faces":{"north":{"uv":[8,0,9.5,5.75],"texture":"#1","tintindex":1},"south":{"uv":[8,0,9.5,5.75],"texture":"#1","tintindex":1}}},{"from":[7,-14,1.5],"to":[13,9,1.5],"faces":{"north":{"uv":[8,1.25,9.5,7],"texture":"#1","tintindex":1},"south":{"uv":[8,1.25,9.5,7],"texture":"#1","tintindex":1}}}],"display":{"thirdperson_righthand":{"rotation":[36,0,0],"scale":[0.4,0.4,0.4]},"thirdperson_lefthand":{"rotation":[36,0,0],"scale":[0.4,0.4,0.4]},"firstperson_righthand":{"rotation":[0,122,0],"translation":[12.75,0,-9]},"firstperson_lefthand":{"rotation":[0,122,0],"translation":[12.75,0,-9]},"ground":{"translation":[0,4,0],"scale":[0.4,0.4,0.4]},"gui":{"rotation":[30,135,0],"translation":[0,1.25,0],"scale":[0.5,0.5,0.5]},"head":{"rotation":[0,180,0],"translation":[0,-30,0]},"fixed":{"rotation":[90,0,0],"translation":[0,-0.75,-32.5],"scale":[2,2,2]}},"groups":[{"name":"group","origin":[8,8,8],"color":0,"children":[0,1,2,3,4,5,6]},{"name":"group","origin":[0,0,0],"color":0,"children":[7,8,9,10]}]}