{"credit":"MadewithBlockbench","texture_size":[32,32],"textures":{"0":"owlsdev:furniture/paper_pile","particle":"owlsdev:furniture/paper_pile"},"elements":[{"from":[4,0,2],"to":[12,6,13],"rotation":{"angle":0,"axis":"y","origin":[7,3,8.5]},"faces":{"north":{"uv":[0,5.5,4,8.5],"texture":"#0"},"east":{"uv":[4,5.5,9.5,8.5],"texture":"#0"},"south":{"uv":[0,5.5,4,8.5],"texture":"#0"},"west":{"uv":[4,5.5,9.5,8.5],"texture":"#0"},"up":{"uv":[0,8.5,4,14],"texture":"#0"},"down":{"uv":[0,8.5,4,14],"texture":"#0"}}},{"from":[5,4,1],"to":[13,4,12],"rotation":{"angle":-22.5,"axis":"y","origin":[9,4,6.5]},"faces":{"up":{"uv":[9,0,13,5.5],"texture":"#0"},"down":{"uv":[9,0,13,5.5],"texture":"#0"}}},{"from":[4,5,3],"to":[12,5,14],"rotation":{"angle":22.5,"axis":"y","origin":[9,5,6.5]},"faces":{"up":{"uv":[13,0,9,5.5],"rotation":180,"texture":"#0"},"down":{"uv":[9,0,13,5.5],"rotation":180,"texture":"#0"}}},{"from":[2.5,3,3],"to":[10.5,3,14],"rotation":{"angle":22.5,"axis":"y","origin":[7,3,8.5]},"faces":{"up":{"uv":[9,0,13,5.5],"texture":"#0"},"down":{"uv":[9,0,13,5.5],"texture":"#0"}}},{"from":[5,1,2],"to":[13,1,13],"rotation":{"angle":22.5,"axis":"y","origin":[7,3,8.5]},"faces":{"up":{"uv":[9,0,13,5.5],"rotation":180,"texture":"#0"},"down":{"uv":[9,0,13,5.5],"rotation":180,"texture":"#0"}}}],"display":{"thirdperson_righthand":{"rotation":[54,105,0],"translation":[0,2.25,3],"scale":[0.48,0.48,0.48]},"thirdperson_lefthand":{"rotation":[54,105,0],"translation":[0,2.25,3],"scale":[0.48,0.48,0.48]},"firstperson_righthand":{"rotation":[0,-89,0],"translation":[8.75,1,-7.75]},"firstperson_lefthand":{"rotation":[0,-89,0],"translation":[8.75,1,-7.75]},"ground":{"translation":[0,6.25,0],"scale":[0.57,0.57,0.57]},"gui":{"rotation":[30,-45,0],"translation":[-0.5,3.5,0]},"head":{"translation":[0,-29.65,0],"scale":[1.5,1.5,1.5]},"fixed":{"rotation":[-90,0,0],"translation":[0,0,-16],"scale":[2,2,2]}},"groups":[{"name":"group","origin":[5,3,7.5],"color":0,"children":[0,1,2,3,4]}]}