{"credit":"MadewithBlockbench","texture_size":[32,32],"textures":{"0":"owlsdev:furniture/paper_pile","particle":"owlsdev:furniture/paper_pile"},"elements":[{"from":[7,0,5],"to":[15,6,16],"rotation":{"angle":-22.5,"axis":"y","origin":[10,3,11.5]},"faces":{"north":{"uv":[0,5.5,4,8.5],"texture":"#0"},"east":{"uv":[4,5.5,9.5,8.5],"texture":"#0"},"south":{"uv":[0,5.5,4,8.5],"texture":"#0"},"west":{"uv":[4,5.5,9.5,8.5],"texture":"#0"},"up":{"uv":[0,8.5,4,14],"texture":"#0"},"down":{"uv":[0,8.5,4,14],"texture":"#0"}}},{"from":[7,6,5],"to":[15,12,16],"rotation":{"angle":-22.5,"axis":"y","origin":[10,3,11.5]},"faces":{"north":{"uv":[0,5.5,4,8.5],"texture":"#0"},"east":{"uv":[4,5.5,9.5,8.5],"texture":"#0"},"south":{"uv":[0,5.5,4,8.5],"texture":"#0"},"west":{"uv":[4,5.5,9.5,8.5],"texture":"#0"},"up":{"uv":[0,8.5,4,14],"texture":"#0"},"down":{"uv":[0,8.5,4,14],"texture":"#0"}}},{"from":[-2.70387,0,0.48392],"to":[5.29613,6,11.48392],"rotation":{"angle":0,"axis":"y","origin":[-0.70387,9,5.98392]},"faces":{"north":{"uv":[0,5.5,4,8.5],"texture":"#0"},"east":{"uv":[4,5.5,9.5,8.5],"texture":"#0"},"south":{"uv":[0,5.5,4,8.5],"texture":"#0"},"west":{"uv":[4,5.5,9.5,8.5],"texture":"#0"},"up":{"uv":[0,8.5,4,14],"texture":"#0"},"down":{"uv":[0,8.5,4,14],"texture":"#0"}}},{"from":[7,5,6],"to":[15,5,17],"rotation":{"angle":0,"axis":"y","origin":[12,5,9.5]},"faces":{"up":{"uv":[13,0,9,5.5],"rotation":180,"texture":"#0"},"down":{"uv":[9,0,13,5.5],"rotation":180,"texture":"#0"}}},{"from":[5.5,3,6],"to":[13.5,3,17],"rotation":{"angle":0,"axis":"y","origin":[10,3,11.5]},"faces":{"up":{"uv":[9,0,13,5.5],"texture":"#0"},"down":{"uv":[9,0,13,5.5],"texture":"#0"}}},{"from":[8,1,5],"to":[16,1,16],"rotation":{"angle":0,"axis":"y","origin":[10,3,11.5]},"faces":{"up":{"uv":[9,0,13,5.5],"rotation":180,"texture":"#0"},"down":{"uv":[9,0,13,5.5],"rotation":180,"texture":"#0"}}},{"from":[-1,1,-1],"to":[7,1,10],"rotation":{"angle":22.5,"axis":"y","origin":[3,1,4.5]},"faces":{"up":{"uv":[9,0,13,5.5],"rotation":180,"texture":"#0"},"down":{"uv":[9,0,13,5.5],"rotation":180,"texture":"#0"}}},{"from":[7,9,5],"to":[15,9,16],"rotation":{"angle":0,"axis":"y","origin":[10,3,11.5]},"faces":{"up":{"uv":[9,0,13,5.5],"rotation":180,"texture":"#0"},"down":{"uv":[9,0,13,5.5],"rotation":180,"texture":"#0"}}},{"from":[8,4,4],"to":[16,4,15],"rotation":{"angle":-45,"axis":"y","origin":[12,4,9.5]},"faces":{"up":{"uv":[9,0,13,5.5],"texture":"#0"},"down":{"uv":[9,0,13,5.5],"texture":"#0"}}},{"from":[-3,4,10],"to":[5,4,21],"rotation":{"angle":-45,"axis":"y","origin":[12,4,9.5]},"faces":{"up":{"uv":[9,0,13,5.5],"texture":"#0"},"down":{"uv":[9,0,13,5.5],"texture":"#0"}}},{"from":[9,10,4],"to":[17,10,15],"rotation":{"angle":-45,"axis":"y","origin":[12,4,9.5]},"faces":{"up":{"uv":[9,0,13,5.5],"texture":"#0"},"down":{"uv":[9,0,13,5.5],"texture":"#0"}}}],"display":{"thirdperson_righthand":{"rotation":[54,105,0],"translation":[0,2.25,3],"scale":[0.48,0.48,0.48]},"thirdperson_lefthand":{"rotation":[54,105,0],"translation":[0,2.25,3],"scale":[0.48,0.48,0.48]},"firstperson_righthand":{"rotation":[0,-89,0],"translation":[8.75,1,-7.75]},"firstperson_lefthand":{"rotation":[0,-89,0],"translation":[8.75,1,-7.75]},"ground":{"translation":[0,6.25,0],"scale":[0.57,0.57,0.57]},"gui":{"rotation":[30,-45,0],"translation":[1,2.75,0],"scale":[0.76,0.76,0.76]},"head":{"translation":[0,-29.75,0],"scale":[1.5,1.5,1.5]},"fixed":{"rotation":[-90,0,0],"translation":[0,0,-16],"scale":[2,2,2]}},"groups":[{"name":"group","origin":[5,3,7.5],"color":0,"children":[0,1,2,3,4,5,6,7]},8,9,10]}