{"credit":"MadewithBlockbench","textures":{"0":"owlsdev:furniture/rocks","particle":"owlsdev:furniture/rocks"},"elements":[{"from":[9,1,12],"to":[15,7,18],"rotation":{"angle":22.5,"axis":"x","origin":[8,8,8]},"faces":{"north":{"uv":[0,0,3,3],"texture":"#0"},"east":{"uv":[0,0,3,3],"texture":"#0"},"south":{"uv":[0,0,3,3],"texture":"#0"},"west":{"uv":[0,0,3,3],"texture":"#0"},"up":{"uv":[3,0,6,3],"texture":"#0"},"down":{"uv":[14.5,0,15.5,1],"texture":"#0"}}},{"from":[0,-3,3],"to":[6,3,9],"rotation":{"angle":-22.5,"axis":"y","origin":[8,8,8]},"faces":{"north":{"uv":[0,0,3,3],"texture":"#0"},"east":{"uv":[0,0,3,3],"texture":"#0"},"south":{"uv":[0,0,3,3],"texture":"#0"},"west":{"uv":[0,0,3,3],"texture":"#0"},"up":{"uv":[3,0,6,3],"texture":"#0"},"down":{"uv":[14.5,0,15.5,1],"texture":"#0"}}},{"from":[3,0,3],"to":[13,10,13],"faces":{"north":{"uv":[0,4,5,9],"texture":"#0"},"east":{"uv":[0,4,5,9],"texture":"#0"},"south":{"uv":[0,4,5,9],"texture":"#0"},"west":{"uv":[0,4,5,9],"texture":"#0"},"up":{"uv":[5,4,10,9],"texture":"#0"},"down":{"uv":[14.5,0,15.5,1],"texture":"#0"}}}],"display":{"thirdperson_righthand":{"rotation":[26,45,0],"translation":[0,1.25,0.75],"scale":[0.3,0.3,0.3]},"thirdperson_lefthand":{"rotation":[26,-48,0],"translation":[0,1.25,0.75],"scale":[0.3,0.3,0.3]},"firstperson_righthand":{"rotation":[0,-125,0],"translation":[5,3.25,-1.25]},"firstperson_lefthand":{"rotation":[0,-72,0],"translation":[5,3.25,-1.25]},"ground":{"translation":[0,1.75,0],"scale":[0.3,0.3,0.3]},"gui":{"rotation":[30,45,0],"translation":[0,2.75,0],"scale":[0.7,0.7,0.7]},"head":{"rotation":[0,64,0],"translation":[0,-33.5,0]},"fixed":{"rotation":[-90,0,0],"translation":[0,0,-14],"scale":[2,2,2]}},"groups":[{"name":"group","origin":[8,8,8],"color":0,"children":[0,1,2]}]}