{"credit":"MadewithBlockbench","textures":{"0":"owlsdev:furniture/rocks","particle":"owlsdev:furniture/rocks"},"elements":[{"from":[8,1,11],"to":[14,7,17],"rotation":{"angle":22.5,"axis":"x","origin":[8,8,8]},"faces":{"north":{"uv":[0,0,3,3],"texture":"#0"},"east":{"uv":[0,0,3,3],"texture":"#0"},"south":{"uv":[0,0,3,3],"texture":"#0"},"west":{"uv":[0,0,3,3],"texture":"#0"},"up":{"uv":[3,0,6,3],"texture":"#0"},"down":{"uv":[14.5,0,15.5,1],"texture":"#0"}}},{"from":[2,0,1],"to":[10,8,9],"faces":{"north":{"uv":[6,0,10,4],"texture":"#0"},"east":{"uv":[6,0,10,4],"texture":"#0"},"south":{"uv":[6,0,10,4],"texture":"#0"},"west":{"uv":[6,0,10,4],"texture":"#0"},"up":{"uv":[10,0,14,4],"texture":"#0"},"down":{"uv":[14.5,0,15.5,1],"texture":"#0"}}}],"display":{"thirdperson_righthand":{"rotation":[26,45,0],"translation":[0,1.25,0.75],"scale":[0.3,0.3,0.3]},"thirdperson_lefthand":{"rotation":[26,-48,0],"translation":[0,1.25,0.75],"scale":[0.3,0.3,0.3]},"firstperson_righthand":{"rotation":[0,-125,0],"translation":[5,3.25,-1.25]},"firstperson_lefthand":{"rotation":[0,-72,0],"translation":[5,3.25,-1.25]},"ground":{"translation":[0,1.75,0],"scale":[0.3,0.3,0.3]},"gui":{"rotation":[30,45,0],"translation":[0,2.75,0],"scale":[0.7,0.7,0.7]},"head":{"rotation":[0,77,0],"translation":[0,-33.75,0]},"fixed":{"rotation":[-90,0,0],"translation":[0,0,-14],"scale":[2,2,2]}},"groups":[{"name":"group","origin":[8,8,8],"color":0,"children":[0,1]}]}