{
	"credit": "Made with Blockbench",
	"texture_size": [8, 8],
	"textures": {
		"0": "block/item/cig",
		"particle": "block/item/cig"
	},
	"elements": [
		{
			"from": [7.5, 2, 5.5],
			"to": [8.5, 3, 10.5],
			"rotation": {"angle": 0, "axis": "y", "origin": [8, 0, 8]},
			"faces": {
				"north": {"uv": [4, 4, 6, 6], "texture": "#0"},
				"east": {"uv": [0, 0, 10, 2], "texture": "#0"},
				"south": {"uv": [4, 6, 6, 8], "texture": "#0"},
				"west": {"uv": [0, 2, 10, 4], "texture": "#0"},
				"up": {"uv": [2, 14, 0, 4], "texture": "#0"},
				"down": {"uv": [4, 4, 2, 14], "texture": "#0"}
			}
		}
	],
	"display": {
		"thirdperson_righthand": {
			"rotation": [60, 0, 0],
			"translation": [-5.5, 7.25, 15.5]
		},
		"thirdperson_lefthand": {
			"rotation": [60, -6, 0],
			"translation": [-5.25, 7.25, 15.5]
		},
		"firstperson_righthand": {
			"translation": [-6.75, 6.25, 0.75]
		},
		"firstperson_lefthand": {
			"translation": [-6.75, 6.25, 0.75]
		},
		"ground": {
			"translation": [0, 2.75, 0.25]
		},
		"gui": {
			"rotation": [32, 52, 0],
			"translation": [0, 10.25, 0],
			"scale": [2.15, 2.15, 2.15]
		},
		"fixed": {
			"rotation": [0, -90, 0],
			"translation": [-5.25, 6, 0]
		}
	}
}