{"credit":"MadewithBlockbench","textures":{"0":"owlsdev:misc/bank_top","1":"owlsdev:misc/bank_side","particle":"owlsdev:misc/bank_top"},"elements":[{"from":[0,13,0],"to":[16,16,16],"faces":{"north":{"uv":[0,13,16,16],"rotation":180,"texture":"#0"},"east":{"uv":[0,13,16,16],"rotation":180,"texture":"#0"},"south":{"uv":[0,13,16,16],"rotation":180,"texture":"#0"},"west":{"uv":[0,13,16,16],"rotation":180,"texture":"#0"},"up":{"uv":[0,0,16,16],"texture":"#0"},"down":{"uv":[0,0,16,16],"texture":"#0"}}},{"from":[1,0,1],"to":[15,13,15],"faces":{"north":{"uv":[0.5,9.5,7.5,16],"texture":"#1"},"east":{"uv":[0.5,9.5,7.5,16],"texture":"#1"},"south":{"uv":[0.5,9.5,7.5,16],"texture":"#1"},"west":{"uv":[0.5,9.5,7.5,16],"texture":"#1"},"down":{"uv":[8.5,8.5,15.5,15.5],"texture":"#1"}}},{"from":[0,-0.001,0],"to":[3,2.999,3],"faces":{"north":{"uv":[8.5,6,10,7.5],"texture":"#1"},"east":{"uv":[10,6,8.5,7.5],"texture":"#1"},"south":{"uv":[8.5,6,10,7.5],"texture":"#1"},"west":{"uv":[10,6,8.5,7.5],"texture":"#1"},"up":{"uv":[8.5,4.5,10,6],"rotation":180,"texture":"#1"},"down":{"uv":[8.5,4.5,10,6],"rotation":90,"texture":"#1"}}},{"from":[0,-0.001,13],"to":[3,2.999,16],"faces":{"north":{"uv":[10,6,8.5,7.5],"texture":"#1"},"east":{"uv":[8.5,6,10,7.5],"texture":"#1"},"south":{"uv":[10,6,8.5,7.5],"texture":"#1"},"west":{"uv":[8.5,6,10,7.5],"texture":"#1"},"up":{"uv":[8.5,4.5,10,6],"rotation":90,"texture":"#1"},"down":{"uv":[8.5,4.5,10,6],"rotation":90,"texture":"#1"}}},{"from":[13,-0.001,13],"to":[16,2.999,16],"faces":{"north":{"uv":[8.5,6,10,7.5],"texture":"#1"},"east":{"uv":[10,6,8.5,7.5],"texture":"#1"},"south":{"uv":[8.5,6,10,7.5],"texture":"#1"},"west":{"uv":[10,6,8.5,7.5],"texture":"#1"},"up":{"uv":[8.5,4.5,10,6],"texture":"#1"},"down":{"uv":[8.5,4.5,10,6],"rotation":180,"texture":"#1"}}},{"from":[13,-0.001,0],"to":[16,2.999,3],"faces":{"north":{"uv":[10,6,8.5,7.5],"texture":"#1"},"east":{"uv":[8.5,6,10,7.5],"texture":"#1"},"south":{"uv":[10,6,8.5,7.5],"texture":"#1"},"west":{"uv":[8.5,6,10,7.5],"texture":"#1"},"up":{"uv":[8.5,4.5,10,6],"rotation":270,"texture":"#1"},"down":{"uv":[8.5,4.5,10,6],"rotation":270,"texture":"#1"}}}],"display":{"thirdperson_righthand":{"rotation":[32,41,0],"scale":[0.2,0.2,0.2]},"thirdperson_lefthand":{"rotation":[32,41,0],"scale":[0.2,0.2,0.2]},"firstperson_righthand":{"rotation":[15,39,0],"translation":[14.75,-4.25,-11.5]},"firstperson_lefthand":{"rotation":[15,39,0],"translation":[14.75,-4.25,-11.5]},"ground":{"translation":[0,2.5,0],"scale":[0.4,0.4,0.4]},"gui":{"rotation":[30,45,0],"scale":[0.6,0.6,0.6]},"fixed":{"rotation":[-90,0,0],"translation":[0,0,-16],"scale":[2,2,2]}}}