{"credit":"MadewithBlockbench","texture_size":[64,64],"textures":{"0":"owlsdev:misc/checked_carpet","particle":"checked_carpet"},"elements":[{"from":[-7,0,-6],"to":[22,0.5,23],"rotation":{"angle":0,"axis":"y","origin":[7,0,8]},"faces":{"north":{"uv":[0,7,7.25,7.25],"texture":"#0"},"east":{"uv":[0,0,0.25,7.25],"rotation":270,"texture":"#0"},"south":{"uv":[0,0,7.25,0.25],"rotation":180,"texture":"#0"},"west":{"uv":[7,0,7.25,7.25],"rotation":90,"texture":"#0"},"up":{"uv":[7.25,7.25,0,0],"texture":"#0"},"down":{"uv":[7.25,0,0,7.25],"texture":"#0"}}}],"display":{"thirdperson_righthand":{"rotation":[90,0,0],"translation":[0,1,2.25],"scale":[0.2,0.2,0.2]},"thirdperson_lefthand":{"rotation":[90,0,0],"translation":[0,0,2.25],"scale":[0.2,0.2,0.2]},"firstperson_righthand":{"scale":[0.5,0.5,0.5]},"firstperson_lefthand":{"scale":[0.5,0.5,0.5]},"ground":{"translation":[0,6.25,0],"scale":[0.5,0.5,0.5]},"gui":{"rotation":[23,24,0],"scale":[0.4,0.4,0.39]},"head":{"translation":[0,-30.75,0],"scale":[1.5,1.5,1.5]},"fixed":{"rotation":[-90,0,0],"translation":[0,0,-16.5],"scale":[2,2,2]}}}