{"credit":"MadewithBlockbench","textures":{"1":"owlsdev:misc/pinkleaves"},"elements":[{"from":[0,-4,8],"to":[16,20,8],"rotation":{"angle":0,"axis":"y","origin":[8,-4,8]},"faces":{"north":{"uv":[0,0,16,16],"texture":"#1"},"east":{"uv":[0,0,0,16],"texture":"#1"},"south":{"uv":[16,0,0,16],"texture":"#1"},"west":{"uv":[0,0,0,16],"texture":"#1"},"up":{"uv":[0,0,16,0],"texture":"#1"},"down":{"uv":[0,0,16,0],"texture":"#1"}}},{"from":[8,-4,0],"to":[8,20,16],"rotation":{"angle":0,"axis":"y","origin":[8,-4,8]},"faces":{"north":{"uv":[0,0,0,16],"texture":"#1"},"east":{"uv":[16,0,0,16],"texture":"#1"},"south":{"uv":[0,0,0,16],"texture":"#1"},"west":{"uv":[0,0,16,16],"texture":"#1"},"up":{"uv":[0,0,16,0],"rotation":270,"texture":"#1"},"down":{"uv":[0,0,16,0],"rotation":90,"texture":"#1"}}}],"display":{"gui":{"rotation":[-65,-50,0]},"head":{"translation":[0,-16.25,0],"scale":[2,2,2]},"fixed":{"rotation":[90,0,0],"translation":[0,0,-22.5],"scale":[2,2,2]}}}