{"credit":"MadewithBlockbench","texture_size":[64,64],"textures":{"0":"owlsdev:misc/orange_sofa","particle":"black_chair"},"elements":[{"from":[-1.6,4.05028,-10.67542],"to":[14.9,15.05028,-4.67542],"rotation":{"angle":-22.5,"axis":"x","origin":[4.2472,12.05028,-3.67542]},"faces":{"north":{"uv":[4,5,0,7.75],"texture":"#0"},"east":{"uv":[7,8.25,5.5,11],"texture":"#0"},"south":{"uv":[0,5,4,7.75],"texture":"#0"},"west":{"uv":[3,9.75,1.5,12.5],"texture":"#0"},"up":{"uv":[0,5.25,4,6.75],"texture":"#0"},"down":{"uv":[8,4,6.5,0],"rotation":270,"texture":"#0"}}},{"from":[-1.6,13.55028,19.82458],"to":[14.9,24.55028,25.82458],"rotation":{"angle":22.5,"axis":"x","origin":[4.2472,12.05028,-3.67542]},"faces":{"north":{"uv":[4,5,0,7.75],"texture":"#0"},"east":{"uv":[7,8.25,5.5,11],"texture":"#0"},"south":{"uv":[0,5,4,7.75],"texture":"#0"},"west":{"uv":[3,9.75,1.5,12.5],"texture":"#0"},"up":{"uv":[0,5.25,4,6.75],"texture":"#0"},"down":{"uv":[8,4,6.5,0],"rotation":270,"texture":"#0"}}},{"from":[-1.4,2.28,-7.76077],"to":[14.95,9.28,23.58923],"rotation":{"angle":0,"axis":"y","origin":[-2.89491,0.98046,8.41423]},"faces":{"north":{"uv":[0,8,4,9.75],"texture":"#0"},"east":{"uv":[12,3.5,8,5.25],"texture":"#0"},"south":{"uv":[4,8,0,9.75],"texture":"#0"},"west":{"uv":[12,3.5,8,5.25],"texture":"#0"},"up":{"uv":[8,0,4,4],"texture":"#0"},"down":{"uv":[8,8,4,4],"texture":"#0"}}},{"from":[-0.39491,0.98046,19.91423],"to":[2.60509,2.98046,22.91423],"rotation":{"angle":0,"axis":"y","origin":[-2.89491,0.98046,8.41423]},"faces":{"north":{"uv":[1.5,0.5,0.75,0.75],"texture":"#0"},"east":{"uv":[1.5,0.25,0.75,0.5],"texture":"#0"},"south":{"uv":[1.5,0,0.75,0.25],"texture":"#0"},"west":{"uv":[1.5,0.75,0.75,1],"texture":"#0"},"up":{"uv":[0.75,0,0,0.75],"texture":"#0"},"down":{"uv":[0.75,1.5,0,0.75],"texture":"#0"}}},{"from":[11.8,2.71088,-7.66077],"to":[17.8,19.01088,23.68923],"rotation":{"angle":-22.5,"axis":"z","origin":[14.43297,10.71088,0.31423]},"faces":{"north":{"uv":[4,8,5.5,12],"texture":"#0"},"east":{"uv":[4,4,0,8],"texture":"#0"},"south":{"uv":[5.5,8,4,12],"texture":"#0"},"west":{"uv":[4,4,0,8],"texture":"#0"},"up":{"uv":[7,8,5.5,12],"texture":"#0"},"down":{"uv":[7,12,5.5,8],"texture":"#0"}}},{"from":[-0.39491,0.98046,-6.08577],"to":[2.60509,2.98046,-3.08577],"rotation":{"angle":0,"axis":"y","origin":[-2.89491,0.98046,24.41423]},"faces":{"north":{"uv":[0.75,0,1.5,0.25],"texture":"#0"},"east":{"uv":[0.75,0.25,1.5,0.5],"texture":"#0"},"south":{"uv":[0.75,0.5,1.5,0.75],"texture":"#0"},"west":{"uv":[0.75,0.75,1.5,1],"texture":"#0"},"up":{"uv":[0.75,0.75,0,0],"texture":"#0"},"down":{"uv":[0.75,0.75,0,1.5],"texture":"#0"}}},{"from":[10.60509,0.98046,19.91423],"to":[13.60509,2.98046,22.91423],"rotation":{"angle":0,"axis":"y","origin":[47.10509,0.98046,8.41423]},"faces":{"north":{"uv":[0.75,0.5,1.5,0.75],"texture":"#0"},"east":{"uv":[0.75,0.75,1.5,1],"texture":"#0"},"south":{"uv":[0.75,0,1.5,0.25],"texture":"#0"},"west":{"uv":[0.75,0.25,1.5,0.5],"texture":"#0"},"up":{"uv":[0,0,0.75,0.75],"texture":"#0"},"down":{"uv":[0,1.5,0.75,0.75],"texture":"#0"}}},{"from":[10.60509,0.98046,-6.08577],"to":[13.60509,2.98046,-3.08577],"rotation":{"angle":0,"axis":"y","origin":[47.10509,0.98046,24.41423]},"faces":{"north":{"uv":[1.5,0,0.75,0.25],"texture":"#0"},"east":{"uv":[1.5,0.75,0.75,1],"texture":"#0"},"south":{"uv":[1.5,0.5,0.75,0.75],"texture":"#0"},"west":{"uv":[1.5,0.25,0.75,0.5],"texture":"#0"},"up":{"uv":[0,0.75,0.75,0],"texture":"#0"},"down":{"uv":[0,0.75,0.75,1.5],"texture":"#0"}}}],"display":{"thirdperson_righthand":{"scale":[0.3,0.3,0.3]},"thirdperson_lefthand":{"scale":[0.3,0.3,0.3]},"firstperson_lefthand":{"rotation":[0,-180,0]},"ground":{"scale":[0.3,0.3,0.3]},"gui":{"rotation":[19,50,0],"translation":[0,-2.5,0],"scale":[0.56,0.52,0.51]},"head":{"translation":[0,-36,0],"scale":[1.5,1.5,1.5]},"fixed":{"rotation":[-90,-90,0],"translation":[-15.75,3,-14.25],"scale":[2.2,2.2,2.2]}},"groups":[{"name":"group","origin":[0.32789,9.73043,23.5],"color":0,"children":[{"name":"group","origin":[47.10509,2.98046,32.41423],"color":0,"children":[0,1,2,3,4,5,6,7]}]}]}