{"credit":"MadewithBlockbench","texture_size":[32,32],"textures":{"0":"owlsdev:misc/stones_2"},"elements":[{"from":[11,0,3],"to":[14,2,6],"rotation":{"angle":0,"axis":"y","origin":[0,0,-3]},"faces":{"north":{"uv":[0,8,1,9],"texture":"#0"},"east":{"uv":[8,0,9,1],"texture":"#0"},"south":{"uv":[8,1,9,2],"texture":"#0"},"west":{"uv":[8,2,9,3],"texture":"#0"},"up":{"uv":[9,4,8,3],"texture":"#0"},"down":{"uv":[5.5,8,4.5,9],"texture":"#0"}}},{"from":[8,0,9],"to":[13,1,14],"rotation":{"angle":0,"axis":"y","origin":[-3,0,5]},"faces":{"north":{"uv":[7,5.5,9.5,6],"texture":"#0"},"east":{"uv":[8.5,5,10,5.5],"texture":"#0"},"south":{"uv":[4.5,7.5,7,8],"texture":"#0"},"west":{"uv":[8.5,8,10,8.5],"texture":"#0"},"up":{"uv":[5,1.5,2.5,0],"texture":"#0"},"down":{"uv":[5,1.5,2.5,3],"texture":"#0"}}},{"from":[2,0,1.2],"to":[9,1,8.2],"rotation":{"angle":0,"axis":"y","origin":[-9,0,-4.8]},"faces":{"north":{"uv":[7.5,6,10,6.5],"texture":"#0"},"east":{"uv":[8,4,10,4.5],"texture":"#0"},"south":{"uv":[7.5,6.5,10,7],"texture":"#0"},"west":{"uv":[8.5,4.5,10.5,5],"texture":"#0"},"up":{"uv":[2.5,2,0,0],"texture":"#0"},"down":{"uv":[2.5,2,0,4],"texture":"#0"}}}],"display":{"gui":{"rotation":[34,0,0],"translation":[0,4,0]},"head":{"translation":[0,-30,0],"scale":[1.65,1.65,1.65]},"fixed":{"rotation":[-90,0,0],"translation":[0,0,-13],"scale":[1.65,1.65,1.65]}},"groups":[{"name":"?????2","origin":[9.5,0.5,11.5],"color":0,"children":[0,1,2]}]}