{"textures":{"0":"modelengine:entity/toro_wither"},"elements":[{"from":[4.64,4.64,2.925714],"to":[11.360001,11.360001,9.645715],"rotation":{"angle":0.0,"axis":"y","origin":[7.52,9.440001,1.7599998]},"faces":{"south":{"uv":[6.90625,6.96875,7.21875,7.28125],"rotation":0,"texture":"#0","tintindex":0},"north":{"uv":[6.90625,6.96875,7.21875,7.28125],"rotation":0,"texture":"#0","tintindex":0},"down":{"uv":[7.21875,6.96875,6.90625,7.28125],"rotation":0,"texture":"#0","tintindex":0},"east":{"uv":[6.90625,6.96875,7.21875,7.28125],"rotation":0,"texture":"#0","tintindex":0},"west":{"uv":[6.90625,6.96875,7.21875,7.28125],"rotation":0,"texture":"#0","tintindex":0},"up":{"uv":[7.21875,7.28125,6.90625,6.96875],"rotation":0,"texture":"#0","tintindex":0}}}],"display":{"head":{"translation":[0.0,-6.4,0.0],"scale":[4.0,4.0,4.0]}}}