{"textures":{"1":"modelengine:entity/texture"},"elements":[{"from":[3.3599997,3.0478058,8.897486],"to":[13.92,12.647806,14.177486],"rotation":{"angle":-45.0,"axis":"x","origin":[8.857143,5.927806,7.697486]},"faces":{"south":{"uv":[3.8125,5.375,4.9375,6.4375],"rotation":0,"texture":"#1","tintindex":0},"north":{"uv":[5.1875,2.375,6.3125,3.4375],"rotation":0,"texture":"#1","tintindex":0},"down":{"uv":[7.5,5.5625,6.375,6.125],"rotation":0,"texture":"#1","tintindex":0},"east":{"uv":[7.3125,0.0,7.875,1.0625],"rotation":0,"texture":"#1","tintindex":0},"west":{"uv":[7.3125,1.0625,7.875,2.125],"rotation":0,"texture":"#1","tintindex":0},"up":{"uv":[1.125,4.5625,0.0,4.0],"rotation":0,"texture":"#1","tintindex":0}}},{"from":[7.6477714,8.266243,-2.7462778],"to":[10.009372,10.741672,-1.6265068],"rotation":{"angle":-22.5,"axis":"x","origin":[-23.943773,5.5489855,9.393608]},"faces":{"south":{"uv":[9.8125,3.25,10.0625,3.5],"rotation":0,"texture":"#1","tintindex":0},"north":{"uv":[9.8125,3.0,10.0625,3.25],"rotation":0,"texture":"#1","tintindex":0},"down":{"uv":[7.4375,4.75,7.1875,4.875],"rotation":0,"texture":"#1","tintindex":0},"east":{"uv":[3.375,7.6875,3.5,7.9375],"rotation":0,"texture":"#1","tintindex":0},"west":{"uv":[7.8125,8.375,7.9375,8.625],"rotation":0,"texture":"#1","tintindex":0},"up":{"uv":[5.625,0.875,5.375,0.75],"rotation":0,"texture":"#1","tintindex":0}}},{"from":[7.6477714,8.266243,-1.6034203],"to":[10.009372,13.598815,1.6592083],"rotation":{"angle":-22.5,"axis":"x","origin":[-23.943773,5.5489855,9.393608]},"faces":{"south":{"uv":[5.6875,9.625,5.9375,10.1875],"rotation":0,"texture":"#1","tintindex":0},"north":{"uv":[2.625,6.25,2.875,6.8125],"rotation":0,"texture":"#1","tintindex":0},"down":{"uv":[4.0625,9.75,3.8125,10.125],"rotation":0,"texture":"#1","tintindex":0},"east":{"uv":[2.25,7.0,2.625,7.5625],"rotation":0,"texture":"#1","tintindex":0},"west":{"uv":[2.3125,9.3125,2.6875,9.875],"rotation":0,"texture":"#1","tintindex":0},"up":{"uv":[1.625,10.125,1.375,9.75],"rotation":0,"texture":"#1","tintindex":0}}},{"from":[1.851428,-0.041028023,-1.1994324],"to":[15.428572,6.0846868,10.023425],"rotation":{"angle":-22.5,"axis":"x","origin":[11.497143,5.833258,-0.056575775]},"faces":{"south":{"uv":[5.8125,1.4375,7.3125,2.125],"rotation":0,"texture":"#1","tintindex":0},"north":{"uv":[5.8125,0.75,7.3125,1.4375],"rotation":0,"texture":"#1","tintindex":0},"down":{"uv":[1.5,1.25,0.0,2.5],"rotation":0,"texture":"#1","tintindex":0},"east":{"uv":[6.375,4.875,7.625,5.5625],"rotation":0,"texture":"#1","tintindex":0},"west":{"uv":[6.4375,3.3125,7.6875,4.0],"rotation":0,"texture":"#1","tintindex":0},"up":{"uv":[1.5,1.25,0.0,0.0],"rotation":0,"texture":"#1","tintindex":0}}},{"from":[-3.8742867,7.1818295,3.5777106],"to":[0.14857101,13.810401,5.4519963],"rotation":{"angle":-22.5,"axis":"x","origin":[11.497143,5.833258,-0.056575775]},"faces":{"south":{"uv":[4.125,9.0,4.5625,9.75],"rotation":0,"texture":"#1","tintindex":0},"north":{"uv":[3.6875,9.0,4.125,9.75],"rotation":0,"texture":"#1","tintindex":0},"down":{"uv":[10.125,2.3125,9.6875,2.5],"rotation":0,"texture":"#1","tintindex":0},"east":{"uv":[3.0625,9.5,3.25,10.25],"rotation":0,"texture":"#1","tintindex":0},"west":{"uv":[9.625,3.4375,9.8125,4.1875],"rotation":0,"texture":"#1","tintindex":0},"up":{"uv":[9.9375,9.1875,9.5,9.0],"rotation":0,"texture":"#1","tintindex":0}}},{"from":[4.8,-1.0556641,8.940758],"to":[12.4800005,2.784336,13.740757],"rotation":{"angle":-45.0,"axis":"x","origin":[11.497143,-0.33566475,9.900757]},"faces":{"south":{"uv":[8.625,1.3125,9.4375,1.75],"rotation":0,"texture":"#1","tintindex":0},"north":{"uv":[8.3125,5.875,9.125,6.3125],"rotation":0,"texture":"#1","tintindex":0},"down":{"uv":[9.25,7.75,8.4375,8.25],"rotation":0,"texture":"#1","tintindex":0},"east":{"uv":[9.3125,6.25,9.8125,6.6875],"rotation":0,"texture":"#1","tintindex":0},"west":{"uv":[9.375,0.0,9.875,0.4375],"rotation":0,"texture":"#1","tintindex":0},"up":{"uv":[6.3125,5.375,5.5,4.875],"rotation":0,"texture":"#1","tintindex":0}}},{"from":[7.2,-4.4156637,7.295043],"to":[10.08,-1.2956648,9.935043],"rotation":{"angle":-22.5,"axis":"x","origin":[11.017143,0.14433575,6.060757]},"faces":{"south":{"uv":[8.875,7.4375,9.1875,7.75],"rotation":0,"texture":"#1","tintindex":0},"north":{"uv":[1.1875,8.625,1.5,8.9375],"rotation":0,"texture":"#1","tintindex":0},"down":{"uv":[3.8125,9.75,3.5,10.0625],"rotation":0,"texture":"#1","tintindex":0},"east":{"uv":[8.6875,5.5625,9.0,5.875],"rotation":0,"texture":"#1","tintindex":0},"west":{"uv":[9.5,5.9375,9.8125,6.25],"rotation":0,"texture":"#1","tintindex":0},"up":{"uv":[9.9375,8.1875,9.625,7.875],"rotation":0,"texture":"#1","tintindex":0}}},{"from":[16.982857,7.1818295,3.5777106],"to":[21.005714,13.810401,5.4519963],"rotation":{"angle":-22.5,"axis":"x","origin":[11.497143,5.833258,-0.056575775]},"faces":{"south":{"uv":[1.1875,9.0,1.625,9.75],"rotation":0,"texture":"#1","tintindex":0},"north":{"uv":[3.25,8.9375,3.6875,9.6875],"rotation":0,"texture":"#1","tintindex":0},"down":{"uv":[9.75,6.8125,9.3125,7.0],"rotation":0,"texture":"#1","tintindex":0},"east":{"uv":[3.625,5.625,3.8125,6.375],"rotation":0,"texture":"#1","tintindex":0},"west":{"uv":[2.0,9.5,2.1875,10.25],"rotation":0,"texture":"#1","tintindex":0},"up":{"uv":[7.5,3.3125,7.0625,3.125],"rotation":0,"texture":"#1","tintindex":0}}},{"from":[1.44,13.513258,1.8634248],"to":[15.84,16.873259,10.023425],"rotation":{"angle":-22.5,"axis":"x","origin":[11.497143,5.833258,-0.056575775]},"faces":{"south":{"uv":[7.1875,4.375,8.75,4.75],"rotation":0,"texture":"#1","tintindex":0},"north":{"uv":[7.1875,4.0,8.75,4.375],"rotation":0,"texture":"#1","tintindex":0},"down":{"uv":[5.375,0.0,3.8125,0.875],"rotation":0,"texture":"#1","tintindex":0},"east":{"uv":[8.875,7.0625,9.75,7.4375],"rotation":0,"texture":"#1","tintindex":0},"west":{"uv":[8.9375,3.0625,9.8125,3.4375],"rotation":0,"texture":"#1","tintindex":0},"up":{"uv":[2.6875,3.875,1.125,3.0],"rotation":0,"texture":"#1","tintindex":0}}},{"from":[0.47999954,8.713258,7.623425],"to":[16.8,15.433258,14.343426],"rotation":{"angle":-22.5,"axis":"x","origin":[12.457144,5.833258,-0.056575775]},"faces":{"south":{"uv":[2.9375,3.875,4.75,4.625],"rotation":0,"texture":"#1","tintindex":0},"north":{"uv":[1.125,3.875,2.9375,4.625],"rotation":0,"texture":"#1","tintindex":0},"down":{"uv":[5.8125,1.625,4.0,2.375],"rotation":0,"texture":"#1","tintindex":0},"east":{"uv":[3.5625,7.3125,4.3125,8.0625],"rotation":0,"texture":"#1","tintindex":0},"west":{"uv":[7.5625,5.5625,8.3125,6.3125],"rotation":0,"texture":"#1","tintindex":0},"up":{"uv":[5.8125,1.625,4.0,0.875],"rotation":0,"texture":"#1","tintindex":0}}},{"from":[3.565714,-0.041028023,-0.056575775],"to":[14.285715,13.513258,10.023425],"rotation":{"angle":-22.5,"axis":"x","origin":[11.497143,5.833258,-0.056575775]},"faces":{"south":{"uv":[1.5,1.5,2.6875,3.0],"rotation":0,"texture":"#1","tintindex":0},"north":{"uv":[1.5,0.0,2.6875,1.5],"rotation":0,"texture":"#1","tintindex":0},"down":{"uv":[1.1875,4.625,0.0,5.75],"rotation":0,"texture":"#1","tintindex":0},"east":{"uv":[0.0,2.5,1.125,4.0],"rotation":0,"texture":"#1","tintindex":0},"west":{"uv":[2.6875,0.0,3.8125,1.5],"rotation":0,"texture":"#1","tintindex":0},"up":{"uv":[5.1875,3.5,4.0,2.375],"rotation":0,"texture":"#1","tintindex":0}}},{"from":[13.92,4.393258,1.3834248],"to":[17.28,13.764687,8.103425],"rotation":{"angle":-22.5,"axis":"x","origin":[11.497143,5.833258,-0.056575775]},"faces":{"south":{"uv":[1.9375,8.5,2.3125,9.5],"rotation":0,"texture":"#1","tintindex":0},"north":{"uv":[8.4375,8.25,8.8125,9.25],"rotation":0,"texture":"#1","tintindex":0},"down":{"uv":[9.6875,1.75,9.3125,2.5],"rotation":0,"texture":"#1","tintindex":0},"east":{"uv":[0.75,7.0,1.5,8.0],"rotation":0,"texture":"#1","tintindex":0},"west":{"uv":[1.5,7.0,2.25,8.0],"rotation":0,"texture":"#1","tintindex":0},"up":{"uv":[9.4375,10.0,9.0625,9.25],"rotation":0,"texture":"#1","tintindex":0}}},{"from":[0.0,4.393258,1.3834248],"to":[3.9314284,13.764687,8.103425],"rotation":{"angle":-22.5,"axis":"x","origin":[11.497143,5.833258,-0.056575775]},"faces":{"south":{"uv":[8.0,7.75,8.4375,8.75],"rotation":0,"texture":"#1","tintindex":0},"north":{"uv":[1.5,8.0,1.9375,9.0],"rotation":0,"texture":"#1","tintindex":0},"down":{"uv":[9.3125,6.3125,8.875,7.0625],"rotation":0,"texture":"#1","tintindex":0},"east":{"uv":[6.4375,6.875,7.1875,7.875],"rotation":0,"texture":"#1","tintindex":0},"west":{"uv":[0.0,7.0,0.75,8.0],"rotation":0,"texture":"#1","tintindex":0},"up":{"uv":[6.1875,9.625,5.75,8.875],"rotation":0,"texture":"#1","tintindex":0}}}],"display":{"head":{"translation":[0.0,-6.4,0.0],"scale":[4.0,4.0,4.0]}}}