{
   "littleroom.lillith.blow_kiss":{
		 "sounds": [
			"littleroom/lillith/blow_kiss"
		 ]
	},
   "littleroom.lillith.charmed":{
		 "sounds": [
			"littleroom/lillith/charmed"
		 ]
	},
   "littleroom.lillith.crossblade_impact1":{
		 "sounds": [
			"littleroom/lillith/crossblade_impact1"
		 ]
	},
   "littleroom.lillith.crossblade_impact2":{
		 "sounds": [
			"littleroom/lillith/crossblade_impact2"
		 ]
	},
   "littleroom.lillith.crossblade_throw":{
		 "sounds": [
			"littleroom/lillith/crossblade_throw"
		 ]
	},
   "littleroom.lillith.death":{
		 "sounds": [
			"littleroom/lillith/death"
		 ]
	},
   "littleroom.lillith.death_scream":{
		 "sounds": [
			"littleroom/lillith/death_scream"
		 ]
	},
   "littleroom.lillith.demon_sword_lillith_grab":{
		 "sounds": [
			"littleroom/lillith/demon_sword_lillith_grab"
		 ]
	},
   "littleroom.lillith.demon_sword_slash1":{
		 "sounds": [
			"littleroom/lillith/demon_sword_slash1"
		 ]
	},
   "littleroom.lillith.demon_sword_slash2":{
		 "sounds": [
			"littleroom/lillith/demon_sword_slash2"
		 ]
	},
   "littleroom.lillith.demon_sword_spawn":{
		 "sounds": [
			"littleroom/lillith/demon_sword_spawn"
		 ]
	},
   "littleroom.lillith.demon_sword_spin1":{
		 "sounds": [
			"littleroom/lillith/demon_sword_spin1"
		 ]
	},
   "littleroom.lillith.demon_sword_spin2":{
		 "sounds": [
			"littleroom/lillith/demon_sword_spin2"
		 ]
	},
   "littleroom.lillith.giggle1":{
		 "sounds": [
			"littleroom/lillith/giggle1"
		 ]
	},
   "littleroom.lillith.giggle2":{
		 "sounds": [
			"littleroom/lillith/giggle2"
		 ]
	},
   "littleroom.lillith.giggle3":{
		 "sounds": [
			"littleroom/lillith/giggle3"
		 ]
	},
   "littleroom.lillith.giggle4":{
		 "sounds": [
			"littleroom/lillith/giggle4"
		 ]
	},
   "littleroom.lillith.golem_death":{
		 "sounds": [
			"littleroom/lillith/golem_death"
		 ]
	},
   "littleroom.lillith.golem_growl1":{
		 "sounds": [
			"littleroom/lillith/golem_growl1"
		 ]
	},
   "littleroom.lillith.golem_growl2":{
		 "sounds": [
			"littleroom/lillith/golem_growl2"
		 ]
	},
   "littleroom.lillith.golem_growl3":{
		 "sounds": [
			"littleroom/lillith/golem_growl3"
		 ]
	},
   "littleroom.lillith.golem_lillith_grunt1":{
		 "sounds": [
			"littleroom/lillith/golem_lillith_grunt1"
		 ]
	},
   "littleroom.lillith.golem_lillith_grunt2":{
		 "sounds": [
			"littleroom/lillith/golem_lillith_grunt2"
		 ]
	},
   "littleroom.lillith.golem_lillith_grunt3":{
		 "sounds": [
			"littleroom/lillith/golem_lillith_grunt3"
		 ]
	},
   "littleroom.lillith.grunt01":{
		 "sounds": [
			"littleroom/lillith/grunt01"
		 ]
	},
   "littleroom.lillith.grunt02":{
		 "sounds": [
			"littleroom/lillith/grunt02"
		 ]
	},
   "littleroom.lillith.grunt03":{
		 "sounds": [
			"littleroom/lillith/grunt03"
		 ]
	},
   "littleroom.lillith.grunt04":{
		 "sounds": [
			"littleroom/lillith/grunt04"
		 ]
	},
   "littleroom.lillith.grunt05":{
		 "sounds": [
			"littleroom/lillith/grunt05"
		 ]
	},
   "littleroom.lillith.grunt06":{
		 "sounds": [
			"littleroom/lillith/grunt06"
		 ]
	},
   "littleroom.lillith.grunt07":{
		 "sounds": [
			"littleroom/lillith/grunt07"
		 ]
	},
   "littleroom.lillith.grunt08":{
		 "sounds": [
			"littleroom/lillith/grunt08"
		 ]
	},
   "littleroom.lillith.grunt09":{
		 "sounds": [
			"littleroom/lillith/grunt09"
		 ]
	},
   "littleroom.lillith.impact1":{
		 "sounds": [
			"littleroom/lillith/impact1"
		 ]
	},
   "littleroom.lillith.impact2":{
		 "sounds": [
			"littleroom/lillith/impact2"
		 ]
	},
   "littleroom.lillith.impact3":{
		 "sounds": [
			"littleroom/lillith/impact4"
		 ]
	},
   "littleroom.lillith.leap1":{
		 "sounds": [
			"littleroom/lillith/leap1"
		 ]
	},
   "littleroom.lillith.leap2":{
		 "sounds": [
			"littleroom/lillith/leap2"
		 ]
	},
   "littleroom.lillith.lillith_damage1":{
		 "sounds": [
			"littleroom/lillith/lillith_damage1"
		 ]
	},
   "littleroom.lillith.lillith_damage2":{
		 "sounds": [
			"littleroom/lillith/lillith_damage2"
		 ]
	},
   "littleroom.lillith.long_grunt1":{
		 "sounds": [
			"littleroom/lillith/long_grunt1"
		 ]
	},
   "littleroom.lillith.long_grunt2":{
		 "sounds": [
			"littleroom/lillith/long_grunt2"
		 ]
	},
   "littleroom.lillith.long_grunt3":{
		 "sounds": [
			"littleroom/lillith/long_grunt3"
		 ]
	},
   "littleroom.lillith.meteor_impact":{
		 "sounds": [
			"littleroom/lillith/meteor_impact"
		 ]
	},
   "littleroom.lillith.meteor_rumble":{
		 "sounds": [
			"littleroom/lillith/meteor_rumble"
		 ]
	},
   "littleroom.lillith.sizzle":{
		 "sounds": [
			"littleroom/lillith/sizzle"
		 ]
	},
   "littleroom.lillith.stun_vocal1":{
		 "sounds": [
			"littleroom/lillith/stun_vocal1"
		 ]
	},
   "littleroom.lillith.stun_vocal2":{
		 "sounds": [
			"littleroom/lillith/stun_vocal2"
		 ]
	},
   "littleroom.lillith.stun_vocal3":{
		 "sounds": [
			"littleroom/lillith/stun_vocal3"
		 ]
	},
   "littleroom.lillith.stun1":{
		 "sounds": [
			"littleroom/lillith/stun1"
		 ]
	},
   "littleroom.lillith.summoning_circle":{
		 "sounds": [
			"littleroom/lillith/summoning_circle"
		 ]
	},
   "littleroom.lillith.swing1":{
		 "sounds": [
			"littleroom/lillith/swing1"
		 ]
	},
   "littleroom.lillith.swing2":{
		 "sounds": [
			"littleroom/lillith/swing2"
		 ]
	},
   "littleroom.lillith.swing3":{
		 "sounds": [
			"littleroom/lillith/swing3"
		 ]
	},
   "littleroom.lillith.swing4":{
		 "sounds": [
			"littleroom/lillith/swing4"
		 ]
	}
}