{"credit":"MadebyLZLeonwithBlockbench,Contact-Discord:LZBlocks#0261-E-Mail:lzblocks@outlook.com","texture_size":[64,64],"textures":{"0":"owlsdev:furniture/medieval_market/medieval_market_wall_lantern","particle":"owlsdev:furniture/medieval_market/medieval_market_wall_lantern"},"elements":[{"from":[6.5,13,2],"to":[9.5,16,16],"rotation":{"angle":0,"axis":"y","origin":[0,-12,-8]},"faces":{"north":{"uv":[3.5,3.5,4.25,4.25],"texture":"#0"},"east":{"uv":[0,3.5,3.5,4.25],"texture":"#0"},"south":{"uv":[7.75,3.5,8.5,4.25],"texture":"#0"},"west":{"uv":[4.25,3.5,7.75,4.25],"texture":"#0"},"up":{"uv":[4.25,3.5,3.5,0],"texture":"#0"},"down":{"uv":[5,0,4.25,3.5],"texture":"#0"}}},{"from":[4.5,2,0],"to":[11.5,17,2],"rotation":{"angle":0,"axis":"y","origin":[0,-12,-8]},"faces":{"north":{"uv":[8,8.25,9.75,12],"texture":"#0"},"east":{"uv":[7.5,8.25,8,12],"texture":"#0"},"south":{"uv":[10.25,8.25,12,12],"texture":"#0"},"west":{"uv":[9.75,8.25,10.25,12],"texture":"#0"},"up":{"uv":[9.75,8.25,8,7.75],"texture":"#0"},"down":{"uv":[11.5,7.75,9.75,8.25],"texture":"#0"}}},{"from":[7,-8,10],"to":[9,-6,24],"rotation":{"angle":-45,"axis":"x","origin":[0,-12,-8]},"faces":{"north":{"uv":[3.5,7.75,4,8.25],"texture":"#0"},"east":{"uv":[0,7.75,3.5,8.25],"texture":"#0"},"south":{"uv":[7.5,7.75,8,8.25],"texture":"#0"},"west":{"uv":[4,7.75,7.5,8.25],"texture":"#0"},"up":{"uv":[4,7.75,3.5,4.25],"texture":"#0"},"down":{"uv":[4.5,4.25,4,7.75],"texture":"#0"}}},{"from":[6,12.5,12],"to":[10,16.5,15],"rotation":{"angle":0,"axis":"y","origin":[0,-12,-8]},"faces":{"north":{"uv":[0.75,0.75,1.75,1.75],"texture":"#0"},"east":{"uv":[0,0.75,0.75,1.75],"texture":"#0"},"south":{"uv":[2.5,0.75,3.5,1.75],"texture":"#0"},"west":{"uv":[1.75,0.75,2.5,1.75],"texture":"#0"},"up":{"uv":[1.75,0.75,0.75,0],"texture":"#0"},"down":{"uv":[2.75,0,1.75,0.75],"texture":"#0"}}},{"from":[7.5,9.6,13],"to":[8.5,12.6,14],"rotation":{"angle":0,"axis":"y","origin":[0,-11,-8]},"faces":{"north":{"uv":[0.25,2,0.5,2.75],"texture":"#0"},"east":{"uv":[0,2,0.25,2.75],"texture":"#0"},"south":{"uv":[0.75,2,1,2.75],"texture":"#0"},"west":{"uv":[0.5,2,0.75,2.75],"texture":"#0"},"up":{"uv":[0.5,2,0.25,1.75],"texture":"#0"},"down":{"uv":[0.75,1.75,0.5,2],"texture":"#0"}}},{"from":[6.5,8.6,13.5],"to":[9.5,10.6,13.5],"rotation":{"angle":45,"axis":"y","origin":[8,4.5,13.5]},"faces":{"north":{"uv":[1,1.75,1.75,2.25],"texture":"#0"},"east":{"uv":[1,1.75,1,2.25],"texture":"#0"},"south":{"uv":[1.75,1.75,2.5,2.25],"texture":"#0"},"west":{"uv":[1.75,1.75,1.75,2.25],"texture":"#0"},"up":{"uv":[1.75,1.75,1,1.75],"texture":"#0"},"down":{"uv":[2.5,1.75,1.75,1.75],"texture":"#0"}}},{"from":[6,6.6,11.5],"to":[10,8.6,15.5],"rotation":{"angle":0,"axis":"y","origin":[0,-11,-8]},"faces":{"north":{"uv":[6,1,7,1.5],"texture":"#0"},"east":{"uv":[5,1,6,1.5],"texture":"#0"},"south":{"uv":[8,1,9,1.5],"texture":"#0"},"west":{"uv":[7,1,8,1.5],"texture":"#0"},"up":{"uv":[7,1,6,0],"texture":"#0"},"down":{"uv":[8,0,7,1],"texture":"#0"}}},{"from":[5,-0.4,10.5],"to":[11,6.6,16.5],"rotation":{"angle":0,"axis":"y","origin":[0,-11,-8]},"faces":{"north":{"uv":[6,5.75,7.5,7.5],"texture":"#0"},"east":{"uv":[4.5,5.75,6,7.5],"texture":"#0"},"south":{"uv":[9,5.75,10.5,7.5],"texture":"#0"},"west":{"uv":[7.5,5.75,9,7.5],"texture":"#0"},"up":{"uv":[7.5,5.75,6,4.25],"texture":"#0"},"down":{"uv":[9,4.25,7.5,5.75],"texture":"#0"}}}],"display":{"thirdperson_righthand":{"rotation":[60,-160,0],"translation":[-1.5,3.25,-2.75],"scale":[0.6,0.6,0.6]},"thirdperson_lefthand":{"rotation":[60,-160,0],"translation":[-1.5,3.25,-2.75],"scale":[0.6,0.6,0.6]},"firstperson_righthand":{"rotation":[0,-73,6],"translation":[2.75,1,0],"scale":[0.4,0.4,0.4]},"firstperson_lefthand":{"rotation":[0,-73,6],"translation":[2.75,1,0],"scale":[0.4,0.4,0.4]},"ground":{"translation":[0,1.5,0],"scale":[0.35,0.35,0.35]},"gui":{"rotation":[30,-40,0],"translation":[0,-0.25,0],"scale":[0.55,0.55,0.55]},"head":{"translation":[0,-30.4,0],"scale":[1.6,1.6,1.6]},"fixed":{"rotation":[0,-180,0],"translation":[0,0,-15],"scale":[2,2,2]}}}