{"credit":"MadebyLZLeonwithBlockbench,Contact-Discord:LZBlocks#0261-E-Mail:lzblocks@outlook.com","texture_size":[128,128],"textures":{"0":"owlsdev:furniture/medieval_market/medieval_market_bag","particle":"owlsdev:furniture/medieval_market/medieval_market_bag"},"elements":[{"from":[2,0,2],"to":[14,10,14],"faces":{"north":{"uv":[1.5,1.5,3,2.75],"texture":"#0"},"east":{"uv":[0,1.5,1.5,2.75],"texture":"#0"},"south":{"uv":[4.5,1.5,6,2.75],"texture":"#0"},"west":{"uv":[3,1.5,4.5,2.75],"texture":"#0"},"up":{"uv":[3,1.5,1.5,0],"texture":"#0"},"down":{"uv":[4.5,0,3,1.5],"texture":"#0"}}},{"from":[3.5,9,-0.5],"to":[12.5,16,8.5],"rotation":{"angle":22.5,"axis":"x","origin":[0,0,0]},"faces":{"north":{"uv":[5,4.25,6.125,5.125],"texture":"#0"},"east":{"uv":[3.875,4.25,5,5.125],"texture":"#0"},"south":{"uv":[7.25,4.25,8.375,5.125],"texture":"#0"},"west":{"uv":[6.125,4.25,7.25,5.125],"texture":"#0"},"up":{"uv":[6.125,4.25,5,3.125],"texture":"#0"},"down":{"uv":[7.25,3.125,6.125,4.25],"texture":"#0"}}},{"from":[3,16,-1],"to":[13,18,9],"rotation":{"angle":22.5,"axis":"x","origin":[0,0,0]},"faces":{"north":{"uv":[1.25,4,2.5,4.25],"texture":"#0"},"east":{"uv":[0,4,1.25,4.25],"texture":"#0"},"south":{"uv":[3.75,4,5,4.25],"texture":"#0"},"west":{"uv":[2.5,4,3.75,4.25],"texture":"#0"},"up":{"uv":[2.5,4,1.25,2.75],"texture":"#0"},"down":{"uv":[3.75,2.75,2.5,4],"texture":"#0"}}}],"display":{"thirdperson_righthand":{"rotation":[60,-160,0],"translation":[0,0.5,-3.25],"scale":[0.7,0.7,0.7]},"thirdperson_lefthand":{"rotation":[60,-160,0],"translation":[0,0.5,-3.25],"scale":[0.7,0.7,0.7]},"firstperson_righthand":{"rotation":[0,-73,6],"translation":[0.5,1.25,0.75],"scale":[0.4,0.4,0.4]},"firstperson_lefthand":{"rotation":[0,-73,6],"translation":[0.5,1.25,0.75],"scale":[0.4,0.4,0.4]},"ground":{"translation":[0,1.5,0],"scale":[0.4,0.4,0.4]},"gui":{"rotation":[30,-40,0],"translation":[0.5,0,0],"scale":[0.55,0.55,0.55]},"head":{"translation":[0,-30.4,0],"scale":[1.6,1.6,1.6]},"fixed":{"rotation":[-90,-180,0],"translation":[0,0,-15],"scale":[2,2,2]}}}