{"credit":"MadebyLZLeonwithBlockbench,Contact-Discord:LZBlocks#0261-E-Mail:lzblocks@outlook.com","texture_size":[128,128],"textures":{"0":"owlsdev:furniture/medieval_market/medieval_market_bench","particle":"owlsdev:furniture/medieval_market/medieval_market_bench"},"elements":[{"from":[0,5,0],"to":[32,10,16],"rotation":{"angle":0,"axis":"y","origin":[0,0,16]},"faces":{"north":{"uv":[2,2,6,2.625],"texture":"#0"},"east":{"uv":[0,2,2,2.625],"texture":"#0"},"south":{"uv":[8,2,12,2.625],"texture":"#0"},"west":{"uv":[6,2,8,2.625],"texture":"#0"},"up":{"uv":[6,2,2,0],"texture":"#0"},"down":{"uv":[10,0,6,2],"texture":"#0"}}},{"from":[3,7,-1],"to":[8,18,0],"rotation":{"angle":0,"axis":"y","origin":[0,0,16]},"faces":{"north":{"uv":[0.125,0.125,0.75,1.5],"texture":"#0"},"east":{"uv":[0,0.125,0.125,1.5],"texture":"#0"},"south":{"uv":[0.875,0.125,1.5,1.5],"texture":"#0"},"west":{"uv":[0.75,0.125,0.875,1.5],"texture":"#0"},"up":{"uv":[0.75,0.125,0.125,0],"texture":"#0"},"down":{"uv":[1.375,0,0.75,0.125],"texture":"#0"}}},{"from":[0,12,0],"to":[32,23,5],"rotation":{"angle":0,"axis":"y","origin":[0,0,16]},"faces":{"north":{"uv":[0.625,3.25,4.625,4.625],"texture":"#0"},"east":{"uv":[0,3.25,0.625,4.625],"texture":"#0"},"south":{"uv":[5.25,3.25,9.25,4.625],"texture":"#0"},"west":{"uv":[4.625,3.25,5.25,4.625],"texture":"#0"},"up":{"uv":[4.625,3.25,0.625,2.625],"texture":"#0"},"down":{"uv":[8.625,2.625,4.625,3.25],"texture":"#0"}}},{"from":[3,0,1],"to":[8,5,15],"rotation":{"angle":0,"axis":"y","origin":[0,0,16]},"faces":{"north":{"uv":[1.75,6.375,2.375,7],"texture":"#0"},"east":{"uv":[0,6.375,1.75,7],"texture":"#0"},"south":{"uv":[4.125,6.375,4.75,7],"texture":"#0"},"west":{"uv":[2.375,6.375,4.125,7],"texture":"#0"},"up":{"uv":[2.375,6.375,1.75,4.625],"texture":"#0"},"down":{"uv":[3,4.625,2.375,6.375],"texture":"#0"}}},{"from":[24,0,1],"to":[29,5,15],"rotation":{"angle":0,"axis":"y","origin":[0,0,16]},"faces":{"north":{"uv":[1.75,6.375,2.375,7],"texture":"#0"},"east":{"uv":[0,6.375,1.75,7],"texture":"#0"},"south":{"uv":[4.125,6.375,4.75,7],"texture":"#0"},"west":{"uv":[2.375,6.375,4.125,7],"texture":"#0"},"up":{"uv":[2.375,6.375,1.75,4.625],"texture":"#0"},"down":{"uv":[3,4.625,2.375,6.375],"texture":"#0"}}},{"from":[24,7,-1],"to":[29,18,0],"rotation":{"angle":0,"axis":"y","origin":[0,0,16]},"faces":{"north":{"uv":[0.125,0.125,0.75,1.5],"texture":"#0"},"east":{"uv":[0,0.125,0.125,1.5],"texture":"#0"},"south":{"uv":[0.875,0.125,1.5,1.5],"texture":"#0"},"west":{"uv":[0.75,0.125,0.875,1.5],"texture":"#0"},"up":{"uv":[0.75,0.125,0.125,0],"texture":"#0"},"down":{"uv":[1.375,0,0.75,0.125],"texture":"#0"}}}],"display":{"thirdperson_righthand":{"rotation":[60,-170,0],"translation":[6.25,4.25,-3],"scale":[0.6,0.6,0.6]},"thirdperson_lefthand":{"rotation":[60,-170,0],"translation":[-4,3,-2],"scale":[0.6,0.6,0.6]},"firstperson_righthand":{"rotation":[0,-73,6],"translation":[-1.25,-1.25,-2.5],"scale":[0.35,0.35,0.35]},"firstperson_lefthand":{"rotation":[0,-73,6],"translation":[0.75,-1.25,2.5],"scale":[0.35,0.35,0.35]},"ground":{"translation":[-3,1.5,0],"scale":[0.35,0.35,0.35]},"gui":{"rotation":[30,-40,0],"translation":[-2.5,0,0],"scale":[0.35,0.35,0.35]},"head":{"translation":[0,-30.4,0],"scale":[1.6,1.6,1.6]},"fixed":{"rotation":[90,0,-180],"translation":[0,0,-15],"scale":[2,2,2]}}}