{"credit":"MadebyLZLeonwithBlockbench,Contact-Discord:LZBlocks#0261-E-Mail:lzblocks@outlook.com","texture_size":[64,64],"textures":{"0":"owlsdev:furniture/medieval_market/medieval_market_chest","particle":"owlsdev:furniture/medieval_market/medieval_market_chest"},"elements":[{"from":[1,0,1],"to":[15,14,15],"faces":{"north":{"uv":[3.5,3.5,7,7],"texture":"#0"},"east":{"uv":[0,3.5,3.5,7],"texture":"#0"},"south":{"uv":[10.5,3.5,14,7],"texture":"#0"},"west":{"uv":[7,3.5,10.5,7],"texture":"#0"},"up":{"uv":[7,3.5,3.5,0],"texture":"#0"},"down":{"uv":[10.5,0,7,3.5],"texture":"#0"}}}],"display":{"thirdperson_righthand":{"rotation":[60,-160,0],"translation":[0,3.25,0],"scale":[0.6,0.6,0.6]},"thirdperson_lefthand":{"rotation":[60,-160,0],"translation":[0,3.25,0],"scale":[0.6,0.6,0.6]},"firstperson_righthand":{"rotation":[0,-73,6],"translation":[0,1.5,0],"scale":[0.4,0.4,0.4]},"firstperson_lefthand":{"rotation":[0,-73,6],"translation":[0,1.5,0],"scale":[0.4,0.4,0.4]},"ground":{"translation":[0,1.5,0],"scale":[0.35,0.35,0.35]},"gui":{"rotation":[30,-40,0],"translation":[0,0.25,0],"scale":[0.55,0.55,0.55]},"head":{"translation":[0,-30.4,0],"scale":[1.6,1.6,1.6]},"fixed":{"rotation":[-90,-180,0],"translation":[0,0,-15],"scale":[2,2,2]}}}