{"credit":"MadebyLZLeonwithBlockbench,Contact-Discord:LZBlocks#0261-E-Mail:lzblocks@outlook.com","texture_size":[128,128],"textures":{"1":"owlsdev:furniture/medieval_market/medieval_market_wagon2","particle":"owlsdev:furniture/medieval_market/medieval_market_wagon2"},"elements":[{"name":"octagon","from":[-2,6.3,2.9],"to":[18,8.3,4.9],"rotation":{"angle":0,"axis":"y","origin":[-3,7.3,19.9]},"faces":{"north":{"uv":[9.25,2.25,11.75,2.5],"texture":"#1"},"east":{"uv":[9,2.25,9.25,2.5],"texture":"#1"},"south":{"uv":[12,2.25,14.5,2.5],"texture":"#1"},"west":{"uv":[11.75,2.25,12,2.5],"texture":"#1"},"up":{"uv":[11.75,2.25,9.25,2],"texture":"#1"},"down":{"uv":[14.25,2,11.75,2.25],"texture":"#1"}}},{"name":"octagon","from":[-2,8,-2.1],"to":[18,10,29.9],"rotation":{"angle":0,"axis":"y","origin":[-3,7.3,13.9]},"faces":{"north":{"uv":[4,4,6.5,4.25],"texture":"#1"},"east":{"uv":[0,4,4,4.25],"texture":"#1"},"south":{"uv":[10.5,4,13,4.25],"texture":"#1"},"west":{"uv":[6.5,4,10.5,4.25],"texture":"#1"},"up":{"uv":[6.5,4,4,0],"texture":"#1"},"down":{"uv":[9,0,6.5,4],"texture":"#1"}}},{"name":"octagon","from":[0,10,27.9],"to":[16,24,29.9],"rotation":{"angle":0,"axis":"y","origin":[-3,7.3,13.9]},"faces":{"north":{"uv":[9.25,0.25,11.25,2],"texture":"#1"},"east":{"uv":[9,0.25,9.25,2],"texture":"#1"},"south":{"uv":[11.5,0.25,13.5,2],"texture":"#1"},"west":{"uv":[11.25,0.25,11.5,2],"texture":"#1"},"up":{"uv":[11.25,0.25,9.25,0],"texture":"#1"},"down":{"uv":[13.25,0,11.25,0.25],"texture":"#1"}}},{"name":"octagon","from":[16,10,-2.1],"to":[18,24,29.9],"rotation":{"angle":0,"axis":"y","origin":[-3,7.3,13.9]},"faces":{"north":{"uv":[4,8.25,4.25,10],"texture":"#1"},"east":{"uv":[0,8.25,4,10],"texture":"#1"},"south":{"uv":[8.25,8.25,8.5,10],"texture":"#1"},"west":{"uv":[4.25,8.25,8.25,10],"texture":"#1"},"up":{"uv":[4.25,8.25,4,4.25],"texture":"#1"},"down":{"uv":[4.5,4.25,4.25,8.25],"texture":"#1"}}},{"name":"octagon","from":[-2,10,-2.1],"to":[0,24,29.9],"shade":false,"rotation":{"angle":0,"axis":"y","origin":[19,7.3,13.9]},"faces":{"north":{"uv":[4.25,8.25,4,10],"texture":"#1"},"east":{"uv":[8.25,8.25,4.25,10],"texture":"#1"},"south":{"uv":[8.5,8.25,8.25,10],"texture":"#1"},"west":{"uv":[4,8.25,0,10],"texture":"#1"},"up":{"uv":[4,8.25,4.25,4.25],"texture":"#1"},"down":{"uv":[4.25,4.25,4.5,8.25],"texture":"#1"}}},{"name":"octagon","from":[18,4.44365,-3.24264],"to":[20,10.44365,-1.24264],"rotation":{"angle":45,"axis":"x","origin":[18.5,7.34315,3.75736]},"faces":{"north":{"uv":[1.25,4.5,1.5,5.25],"texture":"#1"},"east":{"uv":[1,4.5,1.25,5.25],"texture":"#1"},"south":{"uv":[1.75,4.5,2,5.25],"texture":"#1"},"west":{"uv":[1.5,4.5,1.75,5.25],"texture":"#1"},"up":{"uv":[1.5,4.5,1.25,4.25],"texture":"#1"},"down":{"uv":[1.75,4.25,1.5,4.5],"texture":"#1"}}},{"name":"octagon","from":[17.9375,4.24264,-3.24264],"to":[19.9375,10.24264,-1.24264],"rotation":{"angle":0,"axis":"y","origin":[18.5,7.14214,3.75736]},"faces":{"north":{"uv":[0.25,4.5,0.5,5.25],"texture":"#1"},"east":{"uv":[0,4.5,0.25,5.25],"texture":"#1"},"south":{"uv":[0.75,4.5,1,5.25],"texture":"#1"},"west":{"uv":[0.5,4.5,0.75,5.25],"texture":"#1"},"up":{"uv":[0.5,4.5,0.25,4.25],"texture":"#1"},"down":{"uv":[0.75,4.25,0.5,4.5],"texture":"#1"}}},{"name":"octagon","from":[18,4.10051,9.10051],"to":[20,10.10051,11.10051],"rotation":{"angle":45,"axis":"x","origin":[18.5,7,4.10051]},"faces":{"north":{"uv":[3.25,2.75,3.5,3.5],"texture":"#1"},"east":{"uv":[3,2.75,3.25,3.5],"texture":"#1"},"south":{"uv":[3.75,2.75,4,3.5],"texture":"#1"},"west":{"uv":[3.5,2.75,3.75,3.5],"texture":"#1"},"up":{"uv":[3.5,2.75,3.25,2.5],"texture":"#1"},"down":{"uv":[3.75,2.5,3.5,2.75],"texture":"#1"}}},{"name":"octagon","from":[17.9375,4.24264,9.24264],"to":[19.9375,10.24264,11.24264],"rotation":{"angle":0,"axis":"y","origin":[18.5,7.14214,4.24264]},"faces":{"north":{"uv":[2.25,3,2.5,3.75],"texture":"#1"},"east":{"uv":[2,3,2.25,3.75],"texture":"#1"},"south":{"uv":[2.75,3,3,3.75],"texture":"#1"},"west":{"uv":[2.5,3,2.75,3.75],"texture":"#1"},"up":{"uv":[2.5,3,2.25,2.75],"texture":"#1"},"down":{"uv":[2.75,2.75,2.5,3],"texture":"#1"}}},{"name":"octagon","from":[18,0.14214,0.85786],"to":[20,2.14214,6.85786],"rotation":{"angle":45,"axis":"x","origin":[18.5,7.14214,3.75736]},"faces":{"north":{"uv":[0.75,3.25,1,3.5],"texture":"#1"},"east":{"uv":[0,3.25,0.75,3.5],"texture":"#1"},"south":{"uv":[1.75,3.25,2,3.5],"texture":"#1"},"west":{"uv":[1,3.25,1.75,3.5],"texture":"#1"},"up":{"uv":[1,3.25,0.75,2.5],"texture":"#1"},"down":{"uv":[1.25,2.5,1,3.25],"texture":"#1"}}},{"name":"octagon","from":[17.9375,0,1],"to":[19.9375,2,7],"rotation":{"angle":0,"axis":"y","origin":[18.5,7,3]},"faces":{"north":{"uv":[2,2.5,2.25,2.75],"texture":"#1"},"east":{"uv":[1.25,2.5,2,2.75],"texture":"#1"},"south":{"uv":[3,2.5,3.25,2.75],"texture":"#1"},"west":{"uv":[2.25,2.5,3,2.75],"texture":"#1"},"up":{"uv":[2.25,2.5,2,1.75],"texture":"#1"},"down":{"uv":[2.5,1.75,2.25,2.5],"texture":"#1"}}},{"name":"octagon","from":[18,12.48528,1.20101],"to":[20,14.48528,7.20101],"rotation":{"angle":45,"axis":"x","origin":[18.5,7.48528,4.10051]},"faces":{"north":{"uv":[2.375,0.75,2.625,1],"texture":"#1"},"east":{"uv":[1.625,0.75,2.375,1],"texture":"#1"},"south":{"uv":[3.375,0.75,3.625,1],"texture":"#1"},"west":{"uv":[2.625,0.75,3.375,1],"texture":"#1"},"up":{"uv":[2.625,0.75,2.375,0],"texture":"#1"},"down":{"uv":[2.875,0,2.625,0.75],"texture":"#1"}}},{"name":"octagon","from":[17.9375,12.48528,1],"to":[19.9375,14.48528,7],"rotation":{"angle":0,"axis":"y","origin":[18.5,7.48528,3.89949]},"faces":{"north":{"uv":[0.75,2.25,1,2.5],"texture":"#1"},"east":{"uv":[0,2.25,0.75,2.5],"texture":"#1"},"south":{"uv":[1.75,2.25,2,2.5],"texture":"#1"},"west":{"uv":[1,2.25,1.75,2.5],"texture":"#1"},"up":{"uv":[1,2.25,0.75,1.5],"texture":"#1"},"down":{"uv":[1.25,1.5,1,2.25],"texture":"#1"}}},{"name":"octagon","from":[18,5.8,2.4],"to":[20,8.8,5.4],"rotation":{"angle":0,"axis":"y","origin":[19,7.3,19.9]},"faces":{"north":{"uv":[0.375,0.375,0.625,0.75],"texture":"#1"},"east":{"uv":[0,0.375,0.375,0.75],"texture":"#1"},"south":{"uv":[1,0.375,1.25,0.75],"texture":"#1"},"west":{"uv":[0.625,0.375,1,0.75],"texture":"#1"},"up":{"uv":[0.625,0.375,0.375,0],"texture":"#1"},"down":{"uv":[0.875,0,0.625,0.375],"texture":"#1"}}},{"name":"octagon","from":[18.5,1.8,3.4],"to":[19.5,12.8,4.4],"rotation":{"angle":0,"axis":"y","origin":[19,7.3,3.9]},"faces":{"north":{"uv":[3.125,1.125,3.25,2.5],"texture":"#1"},"east":{"uv":[3,1.125,3.125,2.5],"texture":"#1"},"south":{"uv":[3.375,1.125,3.5,2.5],"texture":"#1"},"west":{"uv":[3.25,1.125,3.375,2.5],"texture":"#1"},"up":{"uv":[3.25,1.125,3.125,1],"texture":"#1"},"down":{"uv":[3.375,1,3.25,1.125],"texture":"#1"}}},{"name":"octagon","from":[18.5,6.8,-1.6],"to":[19.5,7.8,9.4],"rotation":{"angle":0,"axis":"y","origin":[19,7.3,3.9]},"faces":{"north":{"uv":[1.375,1.375,1.5,1.5],"texture":"#1"},"east":{"uv":[0,1.375,1.375,1.5],"texture":"#1"},"south":{"uv":[2.875,1.375,3,1.5],"texture":"#1"},"west":{"uv":[1.5,1.375,2.875,1.5],"texture":"#1"},"up":{"uv":[1.5,1.375,1.375,0],"texture":"#1"},"down":{"uv":[1.625,0,1.5,1.375],"texture":"#1"}}},{"name":"octagon","from":[18.5,1.8,3.4],"to":[19.5,12.8,4.4],"rotation":{"angle":45,"axis":"x","origin":[19,7.3,3.9]},"faces":{"north":{"uv":[3.125,1.125,3.25,2.5],"texture":"#1"},"east":{"uv":[3,1.125,3.125,2.5],"texture":"#1"},"south":{"uv":[3.375,1.125,3.5,2.5],"texture":"#1"},"west":{"uv":[3.25,1.125,3.375,2.5],"texture":"#1"},"up":{"uv":[3.25,1.125,3.125,1],"texture":"#1"},"down":{"uv":[3.375,1,3.25,1.125],"texture":"#1"}}},{"name":"octagon","from":[18.5,6.8,-1.6],"to":[19.5,7.8,9.4],"rotation":{"angle":45,"axis":"x","origin":[19,7.3,3.9]},"faces":{"north":{"uv":[1.375,1.375,1.5,1.5],"texture":"#1"},"east":{"uv":[0,1.375,1.375,1.5],"texture":"#1"},"south":{"uv":[2.875,1.375,3,1.5],"texture":"#1"},"west":{"uv":[1.5,1.375,2.875,1.5],"texture":"#1"},"up":{"uv":[1.5,1.375,1.375,0],"texture":"#1"},"down":{"uv":[1.625,0,1.5,1.375],"texture":"#1"}}},{"name":"octagon","from":[-3.5,6.8,-1.6],"to":[-2.5,7.8,9.4],"shade":false,"rotation":{"angle":45,"axis":"x","origin":[-3,7.3,3.9]},"faces":{"north":{"uv":[1.5,1.375,1.375,1.5],"texture":"#1"},"east":{"uv":[2.875,1.375,1.5,1.5],"texture":"#1"},"south":{"uv":[3,1.375,2.875,1.5],"texture":"#1"},"west":{"uv":[1.375,1.375,0,1.5],"texture":"#1"},"up":{"uv":[1.375,1.375,1.5,0],"texture":"#1"},"down":{"uv":[1.5,0,1.625,1.375],"texture":"#1"}}},{"name":"octagon","from":[-3.5,1.8,3.4],"to":[-2.5,12.8,4.4],"shade":false,"rotation":{"angle":45,"axis":"x","origin":[-3,7.3,3.9]},"faces":{"north":{"uv":[3.25,1.125,3.125,2.5],"texture":"#1"},"east":{"uv":[3.375,1.125,3.25,2.5],"texture":"#1"},"south":{"uv":[3.5,1.125,3.375,2.5],"texture":"#1"},"west":{"uv":[3.125,1.125,3,2.5],"texture":"#1"},"up":{"uv":[3.125,1.125,3.25,1],"texture":"#1"},"down":{"uv":[3.25,1,3.375,1.125],"texture":"#1"}}},{"name":"octagon","from":[-3.5,6.8,-1.6],"to":[-2.5,7.8,9.4],"shade":false,"rotation":{"angle":0,"axis":"y","origin":[-3,7.3,3.9]},"faces":{"north":{"uv":[1.5,1.375,1.375,1.5],"texture":"#1"},"east":{"uv":[2.875,1.375,1.5,1.5],"texture":"#1"},"south":{"uv":[3,1.375,2.875,1.5],"texture":"#1"},"west":{"uv":[1.375,1.375,0,1.5],"texture":"#1"},"up":{"uv":[1.375,1.375,1.5,0],"texture":"#1"},"down":{"uv":[1.5,0,1.625,1.375],"texture":"#1"}}},{"name":"octagon","from":[-3.5,1.8,3.4],"to":[-2.5,12.8,4.4],"shade":false,"rotation":{"angle":0,"axis":"y","origin":[-3,7.3,3.9]},"faces":{"north":{"uv":[3.25,1.125,3.125,2.5],"texture":"#1"},"east":{"uv":[3.375,1.125,3.25,2.5],"texture":"#1"},"south":{"uv":[3.5,1.125,3.375,2.5],"texture":"#1"},"west":{"uv":[3.125,1.125,3,2.5],"texture":"#1"},"up":{"uv":[3.125,1.125,3.25,1],"texture":"#1"},"down":{"uv":[3.25,1,3.375,1.125],"texture":"#1"}}},{"name":"octagon","from":[-4,5.8,2.4],"to":[-2,8.8,5.4],"shade":false,"rotation":{"angle":0,"axis":"y","origin":[-3,7.3,19.9]},"faces":{"north":{"uv":[0.625,0.375,0.375,0.75],"texture":"#1"},"east":{"uv":[1,0.375,0.625,0.75],"texture":"#1"},"south":{"uv":[1.25,0.375,1,0.75],"texture":"#1"},"west":{"uv":[0.375,0.375,0,0.75],"texture":"#1"},"up":{"uv":[0.375,0.375,0.625,0],"texture":"#1"},"down":{"uv":[0.625,0,0.875,0.375],"texture":"#1"}}},{"name":"octagon","from":[-4.0625,12.48528,1],"to":[-2.0625,14.48528,7],"shade":false,"rotation":{"angle":0,"axis":"y","origin":[-2.5,7.48528,3.89949]},"faces":{"north":{"uv":[1,2.25,0.75,2.5],"texture":"#1"},"east":{"uv":[1.75,2.25,1,2.5],"texture":"#1"},"south":{"uv":[2,2.25,1.75,2.5],"texture":"#1"},"west":{"uv":[0.75,2.25,0,2.5],"texture":"#1"},"up":{"uv":[0.75,2.25,1,1.5],"texture":"#1"},"down":{"uv":[1,1.5,1.25,2.25],"texture":"#1"}}},{"name":"octagon","from":[-4,12.48528,1.20101],"to":[-2,14.48528,7.20101],"shade":false,"rotation":{"angle":45,"axis":"x","origin":[-2.5,7.48528,4.10051]},"faces":{"north":{"uv":[2.625,0.75,2.375,1],"texture":"#1"},"east":{"uv":[3.375,0.75,2.625,1],"texture":"#1"},"south":{"uv":[3.625,0.75,3.375,1],"texture":"#1"},"west":{"uv":[2.375,0.75,1.625,1],"texture":"#1"},"up":{"uv":[2.375,0.75,2.625,0],"texture":"#1"},"down":{"uv":[2.625,0,2.875,0.75],"texture":"#1"}}},{"name":"octagon","from":[-4.0625,0,1],"to":[-2.0625,2,7],"shade":false,"rotation":{"angle":0,"axis":"y","origin":[-2.5,7,3]},"faces":{"north":{"uv":[2.25,2.5,2,2.75],"texture":"#1"},"east":{"uv":[3,2.5,2.25,2.75],"texture":"#1"},"south":{"uv":[3.25,2.5,3,2.75],"texture":"#1"},"west":{"uv":[2,2.5,1.25,2.75],"texture":"#1"},"up":{"uv":[2,2.5,2.25,1.75],"texture":"#1"},"down":{"uv":[2.25,1.75,2.5,2.5],"texture":"#1"}}},{"name":"octagon","from":[-4,0.14214,0.85786],"to":[-2,2.14214,6.85786],"shade":false,"rotation":{"angle":45,"axis":"x","origin":[-2.5,7.14214,3.75736]},"faces":{"north":{"uv":[1,3.25,0.75,3.5],"texture":"#1"},"east":{"uv":[1.75,3.25,1,3.5],"texture":"#1"},"south":{"uv":[2,3.25,1.75,3.5],"texture":"#1"},"west":{"uv":[0.75,3.25,0,3.5],"texture":"#1"},"up":{"uv":[0.75,3.25,1,2.5],"texture":"#1"},"down":{"uv":[1,2.5,1.25,3.25],"texture":"#1"}}},{"name":"octagon","from":[-4.0625,4.24264,9.24264],"to":[-2.0625,10.24264,11.24264],"shade":false,"rotation":{"angle":0,"axis":"y","origin":[-2.5,7.14214,4.24264]},"faces":{"north":{"uv":[2.5,3,2.25,3.75],"texture":"#1"},"east":{"uv":[2.75,3,2.5,3.75],"texture":"#1"},"south":{"uv":[3,3,2.75,3.75],"texture":"#1"},"west":{"uv":[2.25,3,2,3.75],"texture":"#1"},"up":{"uv":[2.25,3,2.5,2.75],"texture":"#1"},"down":{"uv":[2.5,2.75,2.75,3],"texture":"#1"}}},{"name":"octagon","from":[-4,4.10051,9.10051],"to":[-2,10.10051,11.10051],"shade":false,"rotation":{"angle":45,"axis":"x","origin":[-2.5,7,4.10051]},"faces":{"north":{"uv":[3.5,2.75,3.25,3.5],"texture":"#1"},"east":{"uv":[3.75,2.75,3.5,3.5],"texture":"#1"},"south":{"uv":[4,2.75,3.75,3.5],"texture":"#1"},"west":{"uv":[3.25,2.75,3,3.5],"texture":"#1"},"up":{"uv":[3.25,2.75,3.5,2.5],"texture":"#1"},"down":{"uv":[3.5,2.5,3.75,2.75],"texture":"#1"}}},{"name":"octagon","from":[-4.0625,4.24264,-3.24264],"to":[-2.0625,10.24264,-1.24264],"shade":false,"rotation":{"angle":0,"axis":"y","origin":[-2.5,7.14214,3.75736]},"faces":{"north":{"uv":[0.5,4.5,0.25,5.25],"texture":"#1"},"east":{"uv":[0.75,4.5,0.5,5.25],"texture":"#1"},"south":{"uv":[1,4.5,0.75,5.25],"texture":"#1"},"west":{"uv":[0.25,4.5,0,5.25],"texture":"#1"},"up":{"uv":[0.25,4.5,0.5,4.25],"texture":"#1"},"down":{"uv":[0.5,4.25,0.75,4.5],"texture":"#1"}}},{"name":"octagon","from":[-4,4.44365,-3.24264],"to":[-2,10.44365,-1.24264],"shade":false,"rotation":{"angle":45,"axis":"x","origin":[-2.5,7.34315,3.75736]},"faces":{"north":{"uv":[1.5,4.5,1.25,5.25],"texture":"#1"},"east":{"uv":[1.75,4.5,1.5,5.25],"texture":"#1"},"south":{"uv":[2,4.5,1.75,5.25],"texture":"#1"},"west":{"uv":[1.25,4.5,1,5.25],"texture":"#1"},"up":{"uv":[1.25,4.5,1.5,4.25],"texture":"#1"},"down":{"uv":[1.5,4.25,1.75,4.5],"texture":"#1"}}},{"name":"octagon","from":[-2,6.3,22.9],"to":[18,8.3,24.9],"rotation":{"angle":0,"axis":"y","origin":[-3,7.3,39.9]},"faces":{"north":{"uv":[9.25,2.25,11.75,2.5],"texture":"#1"},"east":{"uv":[9,2.25,9.25,2.5],"texture":"#1"},"south":{"uv":[12,2.25,14.5,2.5],"texture":"#1"},"west":{"uv":[11.75,2.25,12,2.5],"texture":"#1"},"up":{"uv":[11.75,2.25,9.25,2],"texture":"#1"},"down":{"uv":[14.25,2,11.75,2.25],"texture":"#1"}}},{"name":"octagon","from":[18.5,6.8,18.4],"to":[19.5,7.8,29.4],"rotation":{"angle":45,"axis":"x","origin":[19,7.3,23.9]},"faces":{"north":{"uv":[1.375,1.375,1.5,1.5],"texture":"#1"},"east":{"uv":[0,1.375,1.375,1.5],"texture":"#1"},"south":{"uv":[2.875,1.375,3,1.5],"texture":"#1"},"west":{"uv":[1.5,1.375,2.875,1.5],"texture":"#1"},"up":{"uv":[1.5,1.375,1.375,0],"texture":"#1"},"down":{"uv":[1.625,0,1.5,1.375],"texture":"#1"}}},{"name":"octagon","from":[18.5,1.8,23.4],"to":[19.5,12.8,24.4],"rotation":{"angle":45,"axis":"x","origin":[19,7.3,23.9]},"faces":{"north":{"uv":[3.125,1.125,3.25,2.5],"texture":"#1"},"east":{"uv":[3,1.125,3.125,2.5],"texture":"#1"},"south":{"uv":[3.375,1.125,3.5,2.5],"texture":"#1"},"west":{"uv":[3.25,1.125,3.375,2.5],"texture":"#1"},"up":{"uv":[3.25,1.125,3.125,1],"texture":"#1"},"down":{"uv":[3.375,1,3.25,1.125],"texture":"#1"}}},{"name":"octagon","from":[18.5,6.8,18.4],"to":[19.5,7.8,29.4],"rotation":{"angle":0,"axis":"y","origin":[19,7.3,23.9]},"faces":{"north":{"uv":[1.375,1.375,1.5,1.5],"texture":"#1"},"east":{"uv":[0,1.375,1.375,1.5],"texture":"#1"},"south":{"uv":[2.875,1.375,3,1.5],"texture":"#1"},"west":{"uv":[1.5,1.375,2.875,1.5],"texture":"#1"},"up":{"uv":[1.5,1.375,1.375,0],"texture":"#1"},"down":{"uv":[1.625,0,1.5,1.375],"texture":"#1"}}},{"name":"octagon","from":[18.5,1.8,23.4],"to":[19.5,12.8,24.4],"rotation":{"angle":0,"axis":"y","origin":[19,7.3,23.9]},"faces":{"north":{"uv":[3.125,1.125,3.25,2.5],"texture":"#1"},"east":{"uv":[3,1.125,3.125,2.5],"texture":"#1"},"south":{"uv":[3.375,1.125,3.5,2.5],"texture":"#1"},"west":{"uv":[3.25,1.125,3.375,2.5],"texture":"#1"},"up":{"uv":[3.25,1.125,3.125,1],"texture":"#1"},"down":{"uv":[3.375,1,3.25,1.125],"texture":"#1"}}},{"name":"octagon","from":[18,5.8,22.4],"to":[20,8.8,25.4],"rotation":{"angle":0,"axis":"y","origin":[19,7.3,39.9]},"faces":{"north":{"uv":[0.375,0.375,0.625,0.75],"texture":"#1"},"east":{"uv":[0,0.375,0.375,0.75],"texture":"#1"},"south":{"uv":[1,0.375,1.25,0.75],"texture":"#1"},"west":{"uv":[0.625,0.375,1,0.75],"texture":"#1"},"up":{"uv":[0.625,0.375,0.375,0],"texture":"#1"},"down":{"uv":[0.875,0,0.625,0.375],"texture":"#1"}}},{"name":"octagon","from":[17.9375,12.48528,21],"to":[19.9375,14.48528,27],"rotation":{"angle":0,"axis":"y","origin":[18.5,7.48528,23.89949]},"faces":{"north":{"uv":[0.75,2.25,1,2.5],"texture":"#1"},"east":{"uv":[0,2.25,0.75,2.5],"texture":"#1"},"south":{"uv":[1.75,2.25,2,2.5],"texture":"#1"},"west":{"uv":[1,2.25,1.75,2.5],"texture":"#1"},"up":{"uv":[1,2.25,0.75,1.5],"texture":"#1"},"down":{"uv":[1.25,1.5,1,2.25],"texture":"#1"}}},{"name":"octagon","from":[18,12.48528,21.20101],"to":[20,14.48528,27.20101],"rotation":{"angle":45,"axis":"x","origin":[18.5,7.48528,24.10051]},"faces":{"north":{"uv":[2.375,0.75,2.625,1],"texture":"#1"},"east":{"uv":[1.625,0.75,2.375,1],"texture":"#1"},"south":{"uv":[3.375,0.75,3.625,1],"texture":"#1"},"west":{"uv":[2.625,0.75,3.375,1],"texture":"#1"},"up":{"uv":[2.625,0.75,2.375,0],"texture":"#1"},"down":{"uv":[2.875,0,2.625,0.75],"texture":"#1"}}},{"name":"octagon","from":[17.9375,0,21],"to":[19.9375,2,27],"rotation":{"angle":0,"axis":"y","origin":[18.5,7,23]},"faces":{"north":{"uv":[2,2.5,2.25,2.75],"texture":"#1"},"east":{"uv":[1.25,2.5,2,2.75],"texture":"#1"},"south":{"uv":[3,2.5,3.25,2.75],"texture":"#1"},"west":{"uv":[2.25,2.5,3,2.75],"texture":"#1"},"up":{"uv":[2.25,2.5,2,1.75],"texture":"#1"},"down":{"uv":[2.5,1.75,2.25,2.5],"texture":"#1"}}},{"name":"octagon","from":[18,0.14214,20.85786],"to":[20,2.14214,26.85786],"rotation":{"angle":45,"axis":"x","origin":[18.5,7.14214,23.75736]},"faces":{"north":{"uv":[0.75,3.25,1,3.5],"texture":"#1"},"east":{"uv":[0,3.25,0.75,3.5],"texture":"#1"},"south":{"uv":[1.75,3.25,2,3.5],"texture":"#1"},"west":{"uv":[1,3.25,1.75,3.5],"texture":"#1"},"up":{"uv":[1,3.25,0.75,2.5],"texture":"#1"},"down":{"uv":[1.25,2.5,1,3.25],"texture":"#1"}}},{"name":"octagon","from":[17.9375,4.24264,29.24264],"to":[19.9375,10.24264,31.24264],"rotation":{"angle":0,"axis":"y","origin":[18.5,7.14214,24.24264]},"faces":{"north":{"uv":[2.25,3,2.5,3.75],"texture":"#1"},"east":{"uv":[2,3,2.25,3.75],"texture":"#1"},"south":{"uv":[2.75,3,3,3.75],"texture":"#1"},"west":{"uv":[2.5,3,2.75,3.75],"texture":"#1"},"up":{"uv":[2.5,3,2.25,2.75],"texture":"#1"},"down":{"uv":[2.75,2.75,2.5,3],"texture":"#1"}}},{"name":"octagon","from":[18,4.10051,29.10051],"to":[20,10.10051,31.10051],"rotation":{"angle":45,"axis":"x","origin":[18.5,7,24.10051]},"faces":{"north":{"uv":[3.25,2.75,3.5,3.5],"texture":"#1"},"east":{"uv":[3,2.75,3.25,3.5],"texture":"#1"},"south":{"uv":[3.75,2.75,4,3.5],"texture":"#1"},"west":{"uv":[3.5,2.75,3.75,3.5],"texture":"#1"},"up":{"uv":[3.5,2.75,3.25,2.5],"texture":"#1"},"down":{"uv":[3.75,2.5,3.5,2.75],"texture":"#1"}}},{"name":"octagon","from":[17.9375,4.24264,16.75736],"to":[19.9375,10.24264,18.75736],"rotation":{"angle":0,"axis":"y","origin":[18.5,7.14214,23.75736]},"faces":{"north":{"uv":[0.25,4.5,0.5,5.25],"texture":"#1"},"east":{"uv":[0,4.5,0.25,5.25],"texture":"#1"},"south":{"uv":[0.75,4.5,1,5.25],"texture":"#1"},"west":{"uv":[0.5,4.5,0.75,5.25],"texture":"#1"},"up":{"uv":[0.5,4.5,0.25,4.25],"texture":"#1"},"down":{"uv":[0.75,4.25,0.5,4.5],"texture":"#1"}}},{"name":"octagon","from":[18,4.44365,16.75736],"to":[20,10.44365,18.75736],"rotation":{"angle":45,"axis":"x","origin":[18.5,7.34315,23.75736]},"faces":{"north":{"uv":[1.25,4.5,1.5,5.25],"texture":"#1"},"east":{"uv":[1,4.5,1.25,5.25],"texture":"#1"},"south":{"uv":[1.75,4.5,2,5.25],"texture":"#1"},"west":{"uv":[1.5,4.5,1.75,5.25],"texture":"#1"},"up":{"uv":[1.5,4.5,1.25,4.25],"texture":"#1"},"down":{"uv":[1.75,4.25,1.5,4.5],"texture":"#1"}}},{"name":"octagon","from":[-4,4.44365,16.75736],"to":[-2,10.44365,18.75736],"shade":false,"rotation":{"angle":45,"axis":"x","origin":[-2.5,7.34315,23.75736]},"faces":{"north":{"uv":[1.5,4.5,1.25,5.25],"texture":"#1"},"east":{"uv":[1.75,4.5,1.5,5.25],"texture":"#1"},"south":{"uv":[2,4.5,1.75,5.25],"texture":"#1"},"west":{"uv":[1.25,4.5,1,5.25],"texture":"#1"},"up":{"uv":[1.25,4.5,1.5,4.25],"texture":"#1"},"down":{"uv":[1.5,4.25,1.75,4.5],"texture":"#1"}}},{"name":"octagon","from":[-4.0625,4.24264,16.75736],"to":[-2.0625,10.24264,18.75736],"shade":false,"rotation":{"angle":0,"axis":"y","origin":[-2.5,7.14214,23.75736]},"faces":{"north":{"uv":[0.5,4.5,0.25,5.25],"texture":"#1"},"east":{"uv":[0.75,4.5,0.5,5.25],"texture":"#1"},"south":{"uv":[1,4.5,0.75,5.25],"texture":"#1"},"west":{"uv":[0.25,4.5,0,5.25],"texture":"#1"},"up":{"uv":[0.25,4.5,0.5,4.25],"texture":"#1"},"down":{"uv":[0.5,4.25,0.75,4.5],"texture":"#1"}}},{"name":"octagon","from":[-4,4.10051,29.10051],"to":[-2,10.10051,31.10051],"shade":false,"rotation":{"angle":45,"axis":"x","origin":[-2.5,7,24.10051]},"faces":{"north":{"uv":[3.5,2.75,3.25,3.5],"texture":"#1"},"east":{"uv":[3.75,2.75,3.5,3.5],"texture":"#1"},"south":{"uv":[4,2.75,3.75,3.5],"texture":"#1"},"west":{"uv":[3.25,2.75,3,3.5],"texture":"#1"},"up":{"uv":[3.25,2.75,3.5,2.5],"texture":"#1"},"down":{"uv":[3.5,2.5,3.75,2.75],"texture":"#1"}}},{"name":"octagon","from":[-4.0625,4.24264,29.24264],"to":[-2.0625,10.24264,31.24264],"shade":false,"rotation":{"angle":0,"axis":"y","origin":[-2.5,7.14214,24.24264]},"faces":{"north":{"uv":[2.5,3,2.25,3.75],"texture":"#1"},"east":{"uv":[2.75,3,2.5,3.75],"texture":"#1"},"south":{"uv":[3,3,2.75,3.75],"texture":"#1"},"west":{"uv":[2.25,3,2,3.75],"texture":"#1"},"up":{"uv":[2.25,3,2.5,2.75],"texture":"#1"},"down":{"uv":[2.5,2.75,2.75,3],"texture":"#1"}}},{"name":"octagon","from":[-4,0.14214,20.85786],"to":[-2,2.14214,26.85786],"shade":false,"rotation":{"angle":45,"axis":"x","origin":[-2.5,7.14214,23.75736]},"faces":{"north":{"uv":[1,3.25,0.75,3.5],"texture":"#1"},"east":{"uv":[1.75,3.25,1,3.5],"texture":"#1"},"south":{"uv":[2,3.25,1.75,3.5],"texture":"#1"},"west":{"uv":[0.75,3.25,0,3.5],"texture":"#1"},"up":{"uv":[0.75,3.25,1,2.5],"texture":"#1"},"down":{"uv":[1,2.5,1.25,3.25],"texture":"#1"}}},{"name":"octagon","from":[-4.0625,0,21],"to":[-2.0625,2,27],"shade":false,"rotation":{"angle":0,"axis":"y","origin":[-2.5,7,23]},"faces":{"north":{"uv":[2.25,2.5,2,2.75],"texture":"#1"},"east":{"uv":[3,2.5,2.25,2.75],"texture":"#1"},"south":{"uv":[3.25,2.5,3,2.75],"texture":"#1"},"west":{"uv":[2,2.5,1.25,2.75],"texture":"#1"},"up":{"uv":[2,2.5,2.25,1.75],"texture":"#1"},"down":{"uv":[2.25,1.75,2.5,2.5],"texture":"#1"}}},{"name":"octagon","from":[-4,12.48528,21.20101],"to":[-2,14.48528,27.20101],"shade":false,"rotation":{"angle":45,"axis":"x","origin":[-2.5,7.48528,24.10051]},"faces":{"north":{"uv":[2.625,0.75,2.375,1],"texture":"#1"},"east":{"uv":[3.375,0.75,2.625,1],"texture":"#1"},"south":{"uv":[3.625,0.75,3.375,1],"texture":"#1"},"west":{"uv":[2.375,0.75,1.625,1],"texture":"#1"},"up":{"uv":[2.375,0.75,2.625,0],"texture":"#1"},"down":{"uv":[2.625,0,2.875,0.75],"texture":"#1"}}},{"name":"octagon","from":[-4.0625,12.48528,21],"to":[-2.0625,14.48528,27],"shade":false,"rotation":{"angle":0,"axis":"y","origin":[-2.5,7.48528,23.89949]},"faces":{"north":{"uv":[1,2.25,0.75,2.5],"texture":"#1"},"east":{"uv":[1.75,2.25,1,2.5],"texture":"#1"},"south":{"uv":[2,2.25,1.75,2.5],"texture":"#1"},"west":{"uv":[0.75,2.25,0,2.5],"texture":"#1"},"up":{"uv":[0.75,2.25,1,1.5],"texture":"#1"},"down":{"uv":[1,1.5,1.25,2.25],"texture":"#1"}}},{"name":"octagon","from":[-4,5.8,22.4],"to":[-2,8.8,25.4],"shade":false,"rotation":{"angle":0,"axis":"y","origin":[-3,7.3,39.9]},"faces":{"north":{"uv":[0.625,0.375,0.375,0.75],"texture":"#1"},"east":{"uv":[1,0.375,0.625,0.75],"texture":"#1"},"south":{"uv":[1.25,0.375,1,0.75],"texture":"#1"},"west":{"uv":[0.375,0.375,0,0.75],"texture":"#1"},"up":{"uv":[0.375,0.375,0.625,0],"texture":"#1"},"down":{"uv":[0.625,0,0.875,0.375],"texture":"#1"}}},{"name":"octagon","from":[-3.5,1.8,23.4],"to":[-2.5,12.8,24.4],"shade":false,"rotation":{"angle":0,"axis":"y","origin":[-3,7.3,23.9]},"faces":{"north":{"uv":[3.25,1.125,3.125,2.5],"texture":"#1"},"east":{"uv":[3.375,1.125,3.25,2.5],"texture":"#1"},"south":{"uv":[3.5,1.125,3.375,2.5],"texture":"#1"},"west":{"uv":[3.125,1.125,3,2.5],"texture":"#1"},"up":{"uv":[3.125,1.125,3.25,1],"texture":"#1"},"down":{"uv":[3.25,1,3.375,1.125],"texture":"#1"}}},{"name":"octagon","from":[-3.5,6.8,18.4],"to":[-2.5,7.8,29.4],"shade":false,"rotation":{"angle":0,"axis":"y","origin":[-3,7.3,23.9]},"faces":{"north":{"uv":[1.5,1.375,1.375,1.5],"texture":"#1"},"east":{"uv":[2.875,1.375,1.5,1.5],"texture":"#1"},"south":{"uv":[3,1.375,2.875,1.5],"texture":"#1"},"west":{"uv":[1.375,1.375,0,1.5],"texture":"#1"},"up":{"uv":[1.375,1.375,1.5,0],"texture":"#1"},"down":{"uv":[1.5,0,1.625,1.375],"texture":"#1"}}},{"name":"octagon","from":[-3.5,1.8,23.4],"to":[-2.5,12.8,24.4],"shade":false,"rotation":{"angle":45,"axis":"x","origin":[-3,7.3,23.9]},"faces":{"north":{"uv":[3.25,1.125,3.125,2.5],"texture":"#1"},"east":{"uv":[3.375,1.125,3.25,2.5],"texture":"#1"},"south":{"uv":[3.5,1.125,3.375,2.5],"texture":"#1"},"west":{"uv":[3.125,1.125,3,2.5],"texture":"#1"},"up":{"uv":[3.125,1.125,3.25,1],"texture":"#1"},"down":{"uv":[3.25,1,3.375,1.125],"texture":"#1"}}},{"name":"octagon","from":[-3.5,6.8,18.4],"to":[-2.5,7.8,29.4],"shade":false,"rotation":{"angle":45,"axis":"x","origin":[-3,7.3,23.9]},"faces":{"north":{"uv":[1.5,1.375,1.375,1.5],"texture":"#1"},"east":{"uv":[2.875,1.375,1.5,1.5],"texture":"#1"},"south":{"uv":[3,1.375,2.875,1.5],"texture":"#1"},"west":{"uv":[1.375,1.375,0,1.5],"texture":"#1"},"up":{"uv":[1.375,1.375,1.5,0],"texture":"#1"},"down":{"uv":[1.5,0,1.625,1.375],"texture":"#1"}}},{"from":[0,7,18],"to":[16,15,28],"rotation":{"angle":0,"axis":"y","origin":[2,0,1]},"faces":{"north":{"uv":[9.75,8.5,11.75,9.5],"texture":"#1"},"east":{"uv":[8.5,8.5,9.75,9.5],"texture":"#1"},"south":{"uv":[13,8.5,15,9.5],"texture":"#1"},"west":{"uv":[11.75,8.5,13,9.5],"texture":"#1"},"up":{"uv":[11.75,8.5,9.75,7.25],"texture":"#1"},"down":{"uv":[13.75,7.25,11.75,8.5],"texture":"#1"}}},{"from":[0,15,18],"to":[16,23,28],"rotation":{"angle":0,"axis":"y","origin":[2,0,1]},"faces":{"north":{"uv":[9.75,8.5,11.75,9.5],"texture":"#1"},"east":{"uv":[8.5,8.5,9.75,9.5],"texture":"#1"},"south":{"uv":[13,8.5,15,9.5],"texture":"#1"},"west":{"uv":[11.75,8.5,13,9.5],"texture":"#1"},"up":{"uv":[11.75,8.5,9.75,7.25],"texture":"#1"},"down":{"uv":[13.75,7.25,11.75,8.5],"texture":"#1"}}},{"from":[5,10,-1],"to":[15,18,15],"rotation":{"angle":0,"axis":"y","origin":[2,0,1]},"faces":{"north":{"uv":[6.5,6.25,7.75,7.25],"texture":"#1"},"east":{"uv":[4.5,6.25,6.5,7.25],"texture":"#1"},"south":{"uv":[9.75,6.25,11,7.25],"texture":"#1"},"west":{"uv":[7.75,6.25,9.75,7.25],"texture":"#1"},"up":{"uv":[7.75,6.25,6.5,4.25],"texture":"#1"},"down":{"uv":[9,4.25,7.75,6.25],"texture":"#1"}}}],"display":{"thirdperson_righthand":{"rotation":[60,-160,0],"translation":[-1.25,9,-5.25],"scale":[-0.5,0.5,-0.5]},"thirdperson_lefthand":{"rotation":[60,-160,0],"translation":[-1.25,9,-5.25],"scale":[-0.5,0.5,-0.5]},"firstperson_righthand":{"rotation":[0,-73,6],"translation":[0,-1.25,0],"scale":[-0.35,0.35,-0.35]},"firstperson_lefthand":{"rotation":[0,-73,6],"translation":[0,-1.25,0],"scale":[-0.35,0.35,-0.35]},"ground":{"translation":[0,1.5,-2.25],"scale":[0.3,0.3,0.3]},"gui":{"rotation":[30,140,0],"translation":[-1,-2.25,0],"scale":[0.33,0.33,0.33]},"head":{"rotation":[0,-180,0],"translation":[0,-30.4,0],"scale":[1.6,1.6,1.6]},"fixed":{"rotation":[-90,0,0],"translation":[0,0,-15],"scale":[2,2,2]}}}