{"textures":{"0":"modelengine:entity/casino_game_slot-blu"},"elements":[{"from":[8.0,6.285714,8.0],"to":[17.142857,8.571428,17.142857],"rotation":{"angle":0.0,"axis":"y","origin":[8.0,8.571428,8.0]},"faces":{"south":{"uv":[4.0,2.5,6.0,3.0],"rotation":0,"texture":"#0","tintindex":0},"north":{"uv":[4.0,2.0,6.0,2.5],"rotation":0,"texture":"#0","tintindex":0},"down":{"uv":[8.0,0.0,6.0,2.0],"rotation":0,"texture":"#0","tintindex":0},"east":{"uv":[8.0,2.0,6.0,2.5],"rotation":0,"texture":"#0","tintindex":0},"west":{"uv":[6.0,2.0,8.0,2.5],"rotation":0,"texture":"#0","tintindex":0},"up":{"uv":[6.0,2.0,4.0,0.0],"rotation":0,"texture":"#0","tintindex":0}}},{"from":[11.428572,8.285714,8.571428],"to":[13.714286,8.857143,10.857143],"rotation":{"angle":0.0,"axis":"y","origin":[8.0,8.285714,8.0]},"faces":{"south":{"uv":[4.625,5.25,5.125,5.375],"rotation":0,"texture":"#0","tintindex":0},"north":{"uv":[4.625,5.25,5.125,5.375],"rotation":0,"texture":"#0","tintindex":0},"east":{"uv":[4.625,5.25,5.125,5.375],"rotation":0,"texture":"#0","tintindex":0},"west":{"uv":[4.625,5.25,5.125,5.375],"rotation":0,"texture":"#0","tintindex":0},"up":{"uv":[5.125,5.25,4.625,4.75],"rotation":0,"texture":"#0","tintindex":0}}},{"from":[12.0,8.571428,9.142858],"to":[13.142858,9.142858,10.285714],"rotation":{"angle":45.0,"axis":"y","origin":[12.571428,9.142858,9.714286]},"faces":{"south":{"uv":[4.375,5.0,4.625,5.125],"rotation":0,"texture":"#0","tintindex":0},"north":{"uv":[4.375,5.0,4.625,5.125],"rotation":0,"texture":"#0","tintindex":0},"east":{"uv":[4.375,5.0,4.625,5.125],"rotation":0,"texture":"#0","tintindex":0},"west":{"uv":[4.375,5.0,4.625,5.125],"rotation":0,"texture":"#0","tintindex":0},"up":{"uv":[4.625,5.0,4.375,4.75],"rotation":0,"texture":"#0","tintindex":0}}},{"from":[8.0,-0.57142925,9.142858],"to":[17.142857,6.285714,17.142857],"rotation":{"angle":0.0,"axis":"y","origin":[8.0,8.571428,8.0]},"faces":{"south":{"uv":[3.125,3.0,5.125,4.5],"rotation":0,"texture":"#0","tintindex":0},"north":{"uv":[1.125,3.0,3.125,4.5],"rotation":0,"texture":"#0","tintindex":0},"down":{"uv":[6.0,2.5,8.0,4.25],"rotation":0,"texture":"#0","tintindex":0},"east":{"uv":[1.125,4.5,2.875,6.0],"rotation":0,"texture":"#0","tintindex":0},"west":{"uv":[2.875,4.5,1.125,6.0],"rotation":0,"texture":"#0","tintindex":0}}},{"from":[16.0,-0.57142925,8.571428],"to":[17.142857,6.285714,9.142858],"rotation":{"angle":0.0,"axis":"y","origin":[8.0,8.571428,8.0]},"faces":{"north":{"uv":[2.875,4.5,3.125,6.0],"rotation":0,"texture":"#0","tintindex":0},"down":{"uv":[3.5,4.5,3.25,4.625],"rotation":0,"texture":"#0","tintindex":0},"east":{"uv":[3.5,4.5,3.625,6.0],"rotation":0,"texture":"#0","tintindex":0},"west":{"uv":[3.125,4.5,3.25,6.0],"rotation":0,"texture":"#0","tintindex":0}}},{"from":[8.0,-0.57142925,8.571428],"to":[9.142858,6.285714,9.142858],"rotation":{"angle":0.0,"axis":"y","origin":[17.142857,8.571428,8.0]},"faces":{"north":{"uv":[3.125,4.5,2.875,6.0],"rotation":0,"texture":"#0","tintindex":0},"down":{"uv":[3.25,4.5,3.5,4.625],"rotation":0,"texture":"#0","tintindex":0},"east":{"uv":[3.25,4.5,3.125,6.0],"rotation":0,"texture":"#0","tintindex":0},"west":{"uv":[3.625,4.5,3.5,6.0],"rotation":0,"texture":"#0","tintindex":0}}},{"from":[8.0,8.571428,12.0],"to":[17.142857,21.714287,17.142857],"rotation":{"angle":0.0,"axis":"y","origin":[8.0,8.571428,8.0]},"faces":{"south":{"uv":[2.0,0.0,4.0,2.875],"rotation":0,"texture":"#0","tintindex":0},"north":{"uv":[0.0,0.0,2.0,2.875],"rotation":0,"texture":"#0","tintindex":0},"east":{"uv":[0.0,2.875,1.125,5.75],"rotation":0,"texture":"#0","tintindex":0},"west":{"uv":[0.0,2.875,1.125,5.75],"rotation":0,"texture":"#0","tintindex":0}}},{"from":[16.0,8.571428,11.428572],"to":[16.57143,21.714287,12.0],"rotation":{"angle":0.0,"axis":"y","origin":[8.0,8.571428,8.0]},"faces":{"north":{"uv":[5.125,3.0,5.25,5.875],"rotation":0,"texture":"#0","tintindex":0},"east":{"uv":[5.375,3.0,5.25,5.875],"rotation":0,"texture":"#0","tintindex":0},"west":{"uv":[5.25,3.0,5.375,5.875],"rotation":0,"texture":"#0","tintindex":0}}},{"from":[8.571428,8.571428,11.428572],"to":[9.142858,21.714287,12.0],"rotation":{"angle":0.0,"axis":"y","origin":[17.142857,8.571428,8.0]},"faces":{"north":{"uv":[5.25,3.0,5.125,5.875],"rotation":0,"texture":"#0","tintindex":0},"east":{"uv":[5.375,3.0,5.25,5.875],"rotation":0,"texture":"#0","tintindex":0},"west":{"uv":[5.25,3.0,5.375,5.875],"rotation":0,"texture":"#0","tintindex":0}}},{"from":[8.0,21.714287,10.285714],"to":[17.142857,25.714287,17.142857],"rotation":{"angle":0.0,"axis":"y","origin":[8.0,8.571428,8.0]},"faces":{"south":{"uv":[0.0,7.5,2.0,8.375],"rotation":0,"texture":"#0","tintindex":0},"north":{"uv":[0.0,8.375,2.0,9.25],"rotation":0,"texture":"#0","tintindex":0},"down":{"uv":[4.0,6.0,2.0,7.5],"rotation":0,"texture":"#0","tintindex":0},"east":{"uv":[2.0,7.5,3.5,8.375],"rotation":0,"texture":"#0","tintindex":0},"west":{"uv":[3.5,7.5,2.0,8.375],"rotation":0,"texture":"#0","tintindex":0},"up":{"uv":[2.0,7.5,0.0,6.0],"rotation":0,"texture":"#0","tintindex":0}}},{"from":[9.142858,8.571428,11.428572],"to":[16.0,9.142858,12.0],"rotation":{"angle":0.0,"axis":"y","origin":[8.0,8.571428,8.0]},"faces":{"north":{"uv":[3.625,4.5,5.125,4.625],"rotation":0,"texture":"#0","tintindex":0},"down":{"uv":[5.125,4.625,3.625,4.75],"rotation":0,"texture":"#0","tintindex":0},"up":{"uv":[5.125,4.75,3.625,4.625],"rotation":0,"texture":"#0","tintindex":0}}},{"from":[9.142858,21.142857,11.428572],"to":[16.0,21.714287,12.0],"rotation":{"angle":0.0,"axis":"y","origin":[8.0,17.714287,8.0]},"faces":{"north":{"uv":[3.625,4.625,5.125,4.5],"rotation":0,"texture":"#0","tintindex":0},"down":{"uv":[5.125,4.625,3.625,4.75],"rotation":0,"texture":"#0","tintindex":0},"up":{"uv":[5.125,4.75,3.625,4.625],"rotation":0,"texture":"#0","tintindex":0}}}],"display":{"head":{"translation":[0.0,-6.4,0.0],"scale":[4.0,4.0,4.0]}}}