{
	"credit": "Made with Blockbench",
	"texture_size": [64, 64],
	"textures": {
		"1": "items/feder",
		"particle": "items/feder"
	},
	"elements": [
		{
			"from": [6, 6.4, -9.43],
			"to": [6, 7.4, -7.43],
			"faces": {
				"north": {"uv": [0, 0, 0, 0.25], "texture": "#1"},
				"east": {"uv": [6.5, 0, 7, 0.25], "texture": "#1"},
				"south": {"uv": [0, 0, 0, 0.25], "texture": "#1"},
				"west": {"uv": [6.5, 0.25, 7, 0.5], "texture": "#1"},
				"up": {"uv": [0, 0.5, 0, 0], "texture": "#1"},
				"down": {"uv": [0, 0, 0, 0.5], "texture": "#1"}
			}
		},
		{
			"from": [7, 8.15, 3.58],
			"to": [7, 9.15, 4.58],
			"faces": {
				"north": {"uv": [0, 0, 0, 0.25], "texture": "#1"},
				"east": {"uv": [6.5, 0.5, 6.75, 0.75], "texture": "#1"},
				"south": {"uv": [0, 0, 0, 0.25], "texture": "#1"},
				"west": {"uv": [6.5, 0.75, 6.75, 1], "texture": "#1"},
				"up": {"uv": [0, 0.25, 0, 0], "texture": "#1"},
				"down": {"uv": [0, 0, 0, 0.25], "texture": "#1"}
			}
		},
		{
			"from": [6.5, 8.4, 4.08],
			"to": [7, 8.9, 4.08],
			"faces": {
				"north": {"uv": [2.75, 6.5, 2.875, 6.625], "texture": "#1"},
				"east": {"uv": [0, 0, 0, 0.125], "texture": "#1"},
				"south": {"uv": [3, 6.5, 3.125, 6.625], "texture": "#1"},
				"west": {"uv": [0, 0, 0, 0.125], "texture": "#1"},
				"up": {"uv": [0.125, 0, 0, 0], "texture": "#1"},
				"down": {"uv": [0.125, 0, 0, 0], "texture": "#1"}
			}
		},
		{
			"from": [5.25, 8.75, 20.5],
			"to": [6.75, 10.25, 24.5],
			"rotation": {"angle": 22.5, "axis": "x", "origin": [0, 3.25, 12]},
			"faces": {
				"north": {"uv": [6.25, 5.5, 6.625, 5.875], "texture": "#1"},
				"east": {"uv": [6.25, 1, 5.25, 1.375], "texture": "#1"},
				"south": {"uv": [6.25, 6, 6.625, 6.375], "texture": "#1"},
				"west": {"uv": [5.25, 1, 6.25, 1.375], "texture": "#1"},
				"up": {"uv": [3.625, 6.25, 3.25, 5.25], "texture": "#1"},
				"down": {"uv": [4.125, 5.25, 3.75, 6.25], "texture": "#1"}
			}
		},
		{
			"from": [5.5, 2.54942, 16.43651],
			"to": [6.5, 5.54942, 19.43651],
			"rotation": {"angle": 45, "axis": "x", "origin": [6, 4.64942, 20.07401]},
			"faces": {
				"north": {"uv": [6, 6, 6.25, 6.75], "texture": "#1"},
				"east": {"uv": [5, 2.5, 5.75, 3.25], "texture": "#1"},
				"south": {"uv": [6.25, 0, 6.5, 0.75], "texture": "#1"},
				"west": {"uv": [5, 3.25, 5.75, 4], "texture": "#1"},
				"up": {"uv": [1, 7, 0.75, 6.25], "texture": "#1"},
				"down": {"uv": [6.5, 0.75, 6.25, 1.5], "texture": "#1"}
			}
		},
		{
			"from": [5, 4.8625, 18.15],
			"to": [7, 7.8625, 26.65],
			"rotation": {"angle": 0, "axis": "y", "origin": [0, 3.25, 13]},
			"faces": {
				"north": {"uv": [4.25, 5.25, 4.75, 6], "texture": "#1"},
				"east": {"uv": [2.125, 2.25, 0, 3], "texture": "#1"},
				"south": {"uv": [5.5, 4, 6, 4.75], "texture": "#1"},
				"west": {"uv": [0, 2.25, 2.125, 3], "texture": "#1"},
				"up": {"uv": [0.5, 5.125, 0, 3], "texture": "#1"},
				"down": {"uv": [1, 3, 0.5, 5.125], "texture": "#1"}
			}
		},
		{
			"from": [5.2625, 4.15, 14.57401],
			"to": [6.7375, 6.15, 25.57401],
			"rotation": {"angle": 22.5, "axis": "x", "origin": [6, 4.64942, 19.07401]},
			"faces": {
				"north": {"uv": [6, 5, 6.375, 5.5], "texture": "#1"},
				"east": {"uv": [6, 2, 3.25, 2.5], "texture": "#1"},
				"south": {"uv": [1, 6.25, 1.375, 6.75], "texture": "#1"},
				"west": {"uv": [3.25, 2, 6, 2.5], "texture": "#1"},
				"up": {"uv": [1.375, 5.75, 1, 3], "texture": "#1"},
				"down": {"uv": [1.875, 3, 1.5, 5.75], "texture": "#1"}
			}
		},
		{
			"from": [5.5, 8.4, -1.42599],
			"to": [6.5, 8.9, 8.57401],
			"rotation": {"angle": 0, "axis": "y", "origin": [6, 4.39942, 20.07401]},
			"faces": {
				"north": {"uv": [2.25, 6.5, 2.5, 6.625], "texture": "#1"},
				"east": {"uv": [5.75, 2.5, 8.25, 2.625], "texture": "#1"},
				"south": {"uv": [2.5, 6.5, 2.75, 6.625], "texture": "#1"},
				"west": {"uv": [5.75, 2.75, 8.25, 2.875], "texture": "#1"},
				"up": {"uv": [2.25, 5.5, 2, 3], "texture": "#1"},
				"down": {"uv": [5, 2.5, 4.75, 5], "texture": "#1"}
			}
		},
		{
			"from": [5.5, 7.9, 8.57401],
			"to": [6.5, 9.4, 16.57401],
			"rotation": {"angle": 0, "axis": "y", "origin": [6, 4.39942, 20.07401]},
			"faces": {
				"north": {"uv": [0.75, 5.25, 1, 5.625], "texture": "#1"},
				"east": {"uv": [4.25, 0, 6.25, 0.375], "texture": "#1"},
				"south": {"uv": [5.75, 3.5, 6, 3.875], "texture": "#1"},
				"west": {"uv": [4.25, 0.5, 6.25, 0.875], "texture": "#1"},
				"up": {"uv": [5, 7, 4.75, 5], "texture": "#1"},
				"down": {"uv": [0.75, 5.25, 0.5, 7.25], "texture": "#1"}
			}
		},
		{
			"from": [5.25, 2.9, 2.07401],
			"to": [6.75, 5.9, 4.07401],
			"rotation": {"angle": 0, "axis": "y", "origin": [6, 4.39942, 19.07401]},
			"faces": {
				"north": {"uv": [2.25, 5.75, 2.625, 6.5], "texture": "#1"},
				"east": {"uv": [5.5, 4.75, 6, 5.5], "texture": "#1"},
				"south": {"uv": [2.75, 5.75, 3.125, 6.5], "texture": "#1"},
				"west": {"uv": [5, 5.5, 5.5, 6.25], "texture": "#1"},
				"up": {"uv": [6.625, 2, 6.25, 1.5], "texture": "#1"},
				"down": {"uv": [6.625, 2, 6.25, 2.5], "texture": "#1"}
			}
		},
		{
			"from": [5.5, 1.6, 7.07401],
			"to": [6.5, 6.6, 9.57401],
			"rotation": {"angle": 22.5, "axis": "x", "origin": [6, 4.4, 8.32401]},
			"faces": {
				"north": {"uv": [2, 5.5, 2.25, 6.75], "texture": "#1"},
				"east": {"uv": [3.25, 4, 3.875, 5.25], "texture": "#1"},
				"south": {"uv": [1.5, 5.75, 1.75, 7], "texture": "#1"},
				"west": {"uv": [4, 4, 4.625, 5.25], "texture": "#1"},
				"up": {"uv": [5.25, 6.875, 5, 6.25], "texture": "#1"},
				"down": {"uv": [5.5, 6.25, 5.25, 6.875], "texture": "#1"}
			}
		},
		{
			"from": [6, 3.9, 11.07401],
			"to": [6, 5.9, 14.07401],
			"rotation": {"angle": 0, "axis": "y", "origin": [6, 4.39942, 19.07401]},
			"faces": {
				"north": {"uv": [0, 0, 0, 0.5], "texture": "#1"},
				"east": {"uv": [1.5, 5.75, 0.75, 6.25], "texture": "#1"},
				"south": {"uv": [0, 0, 0, 0.5], "texture": "#1"},
				"west": {"uv": [0.75, 5.75, 1.5, 6.25], "texture": "#1"},
				"up": {"uv": [0, 0.75, 0, 0], "texture": "#1"},
				"down": {"uv": [0, 0, 0, 0.75], "texture": "#1"}
			}
		},
		{
			"from": [6, 8.4, -11.42599],
			"to": [6, 9.9, -9.42599],
			"rotation": {"angle": 0, "axis": "y", "origin": [6, 4.39942, 19.07401]},
			"faces": {
				"north": {"uv": [0, 0, 0, 0.375], "texture": "#1"},
				"east": {"uv": [3.25, 6.25, 3.75, 6.625], "texture": "#1"},
				"south": {"uv": [0, 0, 0, 0.375], "texture": "#1"},
				"west": {"uv": [3.75, 6.25, 4.25, 6.625], "texture": "#1"},
				"up": {"uv": [0, 0.5, 0, 0], "texture": "#1"},
				"down": {"uv": [0, 0, 0, 0.5], "texture": "#1"}
			}
		},
		{
			"from": [5.5, 7.4, -11.42599],
			"to": [6.5, 8.4, -7.42599],
			"rotation": {"angle": 0, "axis": "y", "origin": [6, 4.39942, 19.07401]},
			"faces": {
				"north": {"uv": [6.5, 1, 6.75, 1.25], "texture": "#1"},
				"east": {"uv": [5.75, 3, 6.75, 3.25], "texture": "#1"},
				"south": {"uv": [6.5, 1.25, 6.75, 1.5], "texture": "#1"},
				"west": {"uv": [5.75, 3.25, 6.75, 3.5], "texture": "#1"},
				"up": {"uv": [2, 6.75, 1.75, 5.75], "texture": "#1"},
				"down": {"uv": [6.25, 1.5, 6, 2.5], "texture": "#1"}
			}
		},
		{
			"from": [5.25, 6.4, -7.42599],
			"to": [6.75, 8.9, -1.42599],
			"rotation": {"angle": 0, "axis": "y", "origin": [6, 4.39942, 19.07401]},
			"faces": {
				"north": {"uv": [6, 3.5, 6.375, 4.125], "texture": "#1"},
				"east": {"uv": [3.25, 2.5, 4.75, 3.125], "texture": "#1"},
				"south": {"uv": [4.25, 6, 4.625, 6.625], "texture": "#1"},
				"west": {"uv": [3.25, 3.25, 4.75, 3.875], "texture": "#1"},
				"up": {"uv": [5.375, 5.5, 5, 4], "texture": "#1"},
				"down": {"uv": [0.375, 5.25, 0, 6.75], "texture": "#1"}
			}
		},
		{
			"from": [5.25, 5.9, -1.42599],
			"to": [6.75, 8.4, 15.57401],
			"rotation": {"angle": 0, "axis": "y", "origin": [6, 4.39942, 19.07401]},
			"faces": {
				"north": {"uv": [6, 4.25, 6.375, 4.875], "texture": "#1"},
				"east": {"uv": [0, 0, 4.25, 0.625], "texture": "#1"},
				"south": {"uv": [5.5, 6, 5.875, 6.625], "texture": "#1"},
				"west": {"uv": [0, 0.75, 4.25, 1.375], "texture": "#1"},
				"up": {"uv": [2.625, 5.75, 2.25, 1.5], "texture": "#1"},
				"down": {"uv": [3.125, 1.5, 2.75, 5.75], "texture": "#1"}
			}
		}
	],
	"display": {
		"thirdperson_righthand": {
			"translation": [0.75, 1.25, -3.25],
			"scale": [0.7, 0.7, 0.7]
		},
		"thirdperson_lefthand": {
			"translation": [-2, 1.25, -3.25],
			"scale": [0.7, 0.7, 0.7]
		},
		"firstperson_righthand": {
			"translation": [-2, 4.75, -0.75]
		},
		"firstperson_lefthand": {
			"translation": [-4.25, 4.5, -0.75]
		},
		"ground": {
			"rotation": [0, 0, -90],
			"translation": [1.75, -3, -0.25],
			"scale": [0.7, 0.7, 0.7]
		},
		"gui": {
			"rotation": [-124, 133, 135],
			"translation": [1, 1, 2],
			"scale": [0.6, 0.6, 0.6]
		},
		"head": {
			"rotation": [0, 91, 0]
		},
		"fixed": {
			"rotation": [0, -90, 0],
			"translation": [-4.25, 3.25, 2],
			"scale": [2, 2, 2]
		}
	}
}