{
    "parent": "item/generated",
    "textures": {
        "layer0": "item/quartz"
    },
    "overrides": [
    {
      "predicate": {
        "custom_model_data": 1
      },
      "model": "item/hats/tophat"
    },
    {
      "predicate": {
        "custom_model_data": 2
      },
      "model": "item/hats/witchhat"
    },
    {
      "predicate": {
        "custom_model_data": 3
      },
      "model": "item/hats/pandaears"
    },
    {
      "predicate": {
        "custom_model_data": 4
      },
      "model": "item/hats/farmhat"
    },
    {
      "predicate": {
        "custom_model_data": 5
      },
      "model": "item/hats/crown"
    },
    {
      "predicate": {
        "custom_model_data": 6
      },
      "model": "item/hats/squid"
    },
    {
      "predicate": {
        "custom_model_data": 7
      },
      "model": "item/hats/headcrab"
    },
    {
      "predicate": {
        "custom_model_data": 8
      },
      "model": "item/hats/blackcap"
    },
    {
      "predicate": {
        "custom_model_data": 9
      },
      "model": "item/hats/bluecap"
    },
    {
      "predicate": {
        "custom_model_data": 10
      },
      "model": "item/hats/redcap"
    },
    {
      "predicate": {
        "custom_model_data": 11
      },
      "model": "item/hats/sgthat"
    },
    {
      "predicate": {
        "custom_model_data": 12
      },
      "model": "item/hats/yellowcap"
    },
    {
      "predicate": {
        "custom_model_data": 13
      },
      "model": "item/hats/nursecap"
    },
    {
      "predicate": {
        "custom_model_data": 14
      },
      "model": "item/hats/pinktophat"
    },
    {
      "predicate": {
        "custom_model_data": 15
      },
      "model": "item/hats/whitetophat"
    },
    {
      "predicate": {
        "custom_model_data": 16
      },
      "model": "item/hats/whitecap"
    },
    {
      "predicate": {
        "custom_model_data": 17
      },
      "model": "item/hats/headphones"
    },
    {
      "predicate": {
        "custom_model_data": 18
      },
      "model": "item/hats/purpleheadphones"
    },
    {
      "predicate": {
        "custom_model_data": 19
      },
      "model": "item/hats/firemanhat"
    },
    {
      "predicate": {
        "custom_model_data": 20
      },
      "model": "item/hats/policehat"
    },
    {
      "predicate": {
        "custom_model_data": 21
      },
      "model": "item/hats/steampunk"
    },
    {
      "predicate": {
        "custom_model_data": 22
      },
      "model": "item/hats/pimphat"
    },
    {
      "predicate": {
        "custom_model_data": 23
      },
      "model": "item/hats/astronauthelmet"
    },
    {
      "predicate": {
        "custom_model_data": 24
      },
      "model": "item/hats/wolfhead"
    },
    {
      "predicate": {
        "custom_model_data": 25
      },
      "model": "item/hats/chicken"
    },
    {
      "predicate": {
        "custom_model_data": 26
      },
      "model": "item/hats/pig"
    },		
    {
      "predicate": {
        "custom_model_data": 28
      },
      "model": "item/misc/grenade"
    },	
    {
      "predicate": {
        "custom_model_data": 31
      },
      "model": "item/guns/lee_bayonet"
    },
    {
      "predicate": {
        "custom_model_data": 32
      },
      "model": "item/guns/mg08"
    },
    {
      "predicate": {
        "custom_model_data": 33
      },
      "model": "item/guns/clear_texture"
    },
    {
      "predicate": {
        "custom_model_data": 34
      },
      "model": "item/guns/303"
    },
    {
      "predicate": {
        "custom_model_data": 35
      },
      "model": "item/misc/gas_bomb"
	},
    {
      "predicate": {
        "custom_model_data": 36
      },
      "model": "item/hats/german_pickelhaube_cover"
    },
    {
      "predicate": {
        "custom_model_data": 37
      },
      "model": "item/hats/german_pickelhaube"
    },
    {
      "predicate": {
        "custom_model_data": 38
      },
      "model": "item/hats/german_gasmask"
    },
    {
      "predicate": {
        "custom_model_data": 39
      },
      "model": "item/hats/german_cap"
    },
    {
      "predicate": {
        "custom_model_data": 40
      },
      "model": "item/hats/french_gasmask"
    },
    {
      "predicate": {
        "custom_model_data": 41
      },
      "model": "item/hats/french_cap"
    },
    {
      "predicate": {
        "custom_model_data": 42
      },
      "model": "item/hats/british_gasmask"
    },
    {
      "predicate": {
        "custom_model_data": 43
      },
      "model": "item/hats/british_cap"
    },
    {
      "predicate": {
        "custom_model_data": 44
      },
      "model": "item/hats/american_gasmask"
    },
    {
      "predicate": {
        "custom_model_data": 45
      },
      "model": "item/hats/american_cap"
    },
    {
      "predicate": {
        "custom_model_data": 46
      },
      "model": "item/hats/ottoman_bashlyk"
    },
    {
      "predicate": {
        "custom_model_data": 47
      },
      "model": "item/hats/ottoman_gasmask"
    },
    {
      "predicate": {
        "custom_model_data": 48
      },
      "model": "item/hats/ottoman_kabalak"
    },
    {
      "predicate": {
        "custom_model_data": 49
      },
      "model": "item/hats/ottoman_keffiyeh"
    },
    {
      "predicate": {
        "custom_model_data": 50
      },
      "model": "item/guns/m1897"
	},
    {
      "predicate": {
        "custom_model_data": 300
      },
      "model": "item/guns/gewehr_bayonet"
    },
    {
      "predicate": {
        "custom_model_data": 301
      },
      "model": "item/guns/gewehr_run"
    },
    {
      "predicate": {
        "custom_model_data": 302
      },
      "model": "item/guns/gewehr_aim"
    },
    {
      "predicate": {
        "custom_model_data": 400
      },
      "model": "item/guns/lewis"
    },
    {
      "predicate": {
        "custom_model_data": 401
      },
      "model": "item/guns/lewis_aim"
    },
    {
      "predicate": {
        "custom_model_data": 402
      },
      "model": "item/guns/lewis_run"
    },
    {
      "predicate": {
        "custom_model_data": 500
      },
      "model": "item/guns/enfield_bayonet"
    },
    {
      "predicate": {
        "custom_model_data": 501
      },
      "model": "item/guns/enfield_aim"
    },
    {
      "predicate": {
        "custom_model_data": 502
      },
      "model": "item/guns/enfield_run"
    },
    {
      "predicate": {
        "custom_model_data": 600
      },
      "model": "item/guns/lebel_bayonet"
    },
    {
      "predicate": {
        "custom_model_data": 601
      },
      "model": "item/guns/lebel_aim"
    },
    {
      "predicate": {
        "custom_model_data": 602
      },
      "model": "item/guns/lebel_run"
    },
    {
      "predicate": {
        "custom_model_data": 700
      },
      "model": "item/guns/feder"
    },
    {
      "predicate": {
        "custom_model_data": 701
      },
      "model": "item/guns/feder_aim"
    },
    {
      "predicate": {
        "custom_model_data": 702
      },
      "model": "item/guns/feder_run"
    }	
	]
}
