{"textures":{"0":"modelengine:entity/minotaur_crate"},"elements":[{"from":[2.8571424,8.0,4.0],"to":[13.142858,10.857143,12.0],"rotation":{"angle":0.0,"axis":"y","origin":[8.0,8.0,8.0]},"faces":{"south":{"uv":[9.125,7.75,11.375,8.375],"rotation":0,"texture":"#0","tintindex":0},"north":{"uv":[8.875,7.125,11.125,7.75],"rotation":0,"texture":"#0","tintindex":0},"down":{"uv":[2.25,5.0,0.0,6.75],"rotation":0,"texture":"#0","tintindex":0},"east":{"uv":[9.25,0.0,11.0,0.625],"rotation":0,"texture":"#0","tintindex":0},"west":{"uv":[9.25,0.625,11.0,1.25],"rotation":0,"texture":"#0","tintindex":0},"up":{"uv":[5.0,5.25,2.75,3.5],"rotation":0,"texture":"#0","tintindex":0}}},{"from":[1.7142854,8.0,4.0],"to":[2.8571424,14.285715,12.0],"rotation":{"angle":0.0,"axis":"y","origin":[8.0,8.0,8.0]},"faces":{"south":{"uv":[11.625,12.125,11.875,13.5],"rotation":0,"texture":"#0","tintindex":0},"north":{"uv":[8.375,11.875,8.625,13.25],"rotation":0,"texture":"#0","tintindex":0},"down":{"uv":[8.125,11.625,7.875,13.375],"rotation":0,"texture":"#0","tintindex":0},"east":{"uv":[7.75,1.5,9.5,2.875],"rotation":0,"texture":"#0","tintindex":0},"west":{"uv":[3.875,7.875,5.625,9.25],"rotation":0,"texture":"#0","tintindex":0},"up":{"uv":[7.875,13.375,7.625,11.625],"rotation":0,"texture":"#0","tintindex":0}}},{"from":[13.148572,8.0,12.005714],"to":[14.862858,14.285715,13.72],"rotation":{"angle":0.0,"axis":"y","origin":[8.0,8.0,8.0]},"faces":{"south":{"uv":[10.875,11.125,11.25,12.5],"rotation":0,"texture":"#0","tintindex":0},"north":{"uv":[10.125,11.125,10.5,12.5],"rotation":0,"texture":"#0","tintindex":0},"down":{"uv":[13.625,2.75,13.25,3.125],"rotation":0,"texture":"#0","tintindex":0},"east":{"uv":[10.5,11.125,10.875,12.5],"rotation":0,"texture":"#0","tintindex":0},"west":{"uv":[3.625,11.25,4.0,12.625],"rotation":0,"texture":"#0","tintindex":0},"up":{"uv":[3.125,13.625,2.75,13.25],"rotation":0,"texture":"#0","tintindex":0}}},{"from":[13.148572,8.0,2.2914286],"to":[14.862858,14.285715,4.0057144],"rotation":{"angle":0.0,"axis":"y","origin":[8.0,8.0,8.0]},"faces":{"south":{"uv":[4.75,11.25,5.125,12.625],"rotation":0,"texture":"#0","tintindex":0},"north":{"uv":[4.0,11.25,4.375,12.625],"rotation":0,"texture":"#0","tintindex":0},"down":{"uv":[3.875,13.25,3.5,13.625],"rotation":0,"texture":"#0","tintindex":0},"east":{"uv":[4.375,11.25,4.75,12.625],"rotation":0,"texture":"#0","tintindex":0},"west":{"uv":[5.125,11.25,5.5,12.625],"rotation":0,"texture":"#0","tintindex":0},"up":{"uv":[13.625,3.5,13.25,3.125],"rotation":0,"texture":"#0","tintindex":0}}},{"from":[1.1371422,8.0,2.2914286],"to":[2.851428,14.285715,4.0057144],"rotation":{"angle":0.0,"axis":"y","origin":[8.0,8.0,8.0]},"faces":{"south":{"uv":[1.75,11.375,2.125,12.75],"rotation":0,"texture":"#0","tintindex":0},"north":{"uv":[5.5,11.25,5.875,12.625],"rotation":0,"texture":"#0","tintindex":0},"down":{"uv":[4.25,13.25,3.875,13.625],"rotation":0,"texture":"#0","tintindex":0},"east":{"uv":[11.25,11.125,11.625,12.5],"rotation":0,"texture":"#0","tintindex":0},"west":{"uv":[2.125,11.375,2.5,12.75],"rotation":0,"texture":"#0","tintindex":0},"up":{"uv":[13.625,3.875,13.25,3.5],"rotation":0,"texture":"#0","tintindex":0}}},{"from":[1.1371422,8.0,12.005714],"to":[2.851428,14.285715,13.72],"rotation":{"angle":0.0,"axis":"y","origin":[8.0,8.0,8.0]},"faces":{"south":{"uv":[11.375,6.5,11.75,7.875],"rotation":0,"texture":"#0","tintindex":0},"north":{"uv":[2.875,11.375,3.25,12.75],"rotation":0,"texture":"#0","tintindex":0},"down":{"uv":[4.625,13.25,4.25,13.625],"rotation":0,"texture":"#0","tintindex":0},"east":{"uv":[3.25,11.375,3.625,12.75],"rotation":0,"texture":"#0","tintindex":0},"west":{"uv":[6.75,11.5,7.125,12.875],"rotation":0,"texture":"#0","tintindex":0},"up":{"uv":[13.625,4.25,13.25,3.875],"rotation":0,"texture":"#0","tintindex":0}}},{"from":[13.142858,8.0,4.0],"to":[14.285715,14.285715,12.0],"rotation":{"angle":0.0,"axis":"y","origin":[8.0,8.0,8.0]},"faces":{"south":{"uv":[10.0,12.5,10.25,13.875],"rotation":0,"texture":"#0","tintindex":0},"north":{"uv":[7.375,12.25,7.625,13.625],"rotation":0,"texture":"#0","tintindex":0},"down":{"uv":[11.875,10.375,11.625,12.125],"rotation":0,"texture":"#0","tintindex":0},"east":{"uv":[3.875,7.875,5.625,9.25],"rotation":0,"texture":"#0","tintindex":0},"west":{"uv":[7.375,7.875,9.125,9.25],"rotation":0,"texture":"#0","tintindex":0},"up":{"uv":[8.375,13.375,8.125,11.625],"rotation":0,"texture":"#0","tintindex":0}}},{"from":[14.285715,8.0,4.0],"to":[14.857143,9.142858,12.0],"rotation":{"angle":0.0,"axis":"y","origin":[8.0,8.0,8.0]},"faces":{"south":{"uv":[2.75,12.5,2.875,12.75],"rotation":0,"texture":"#0","tintindex":0},"north":{"uv":[9.0,9.25,9.125,9.5],"rotation":0,"texture":"#0","tintindex":0},"down":{"uv":[11.5,12.5,11.375,14.25],"rotation":0,"texture":"#0","tintindex":0},"east":{"uv":[11.25,5.0,13.0,5.25],"rotation":0,"texture":"#0","tintindex":0},"west":{"uv":[11.25,5.25,13.0,5.5],"rotation":0,"texture":"#0","tintindex":0},"up":{"uv":[11.375,14.25,11.25,12.5],"rotation":0,"texture":"#0","tintindex":0}}},{"from":[1.1428566,8.0,4.0],"to":[1.7142854,9.142858,12.0],"rotation":{"angle":0.0,"axis":"y","origin":[8.0,8.0,8.0]},"faces":{"south":{"uv":[13.25,9.125,13.375,9.375],"rotation":0,"texture":"#0","tintindex":0},"north":{"uv":[13.25,4.25,13.375,4.5],"rotation":0,"texture":"#0","tintindex":0},"down":{"uv":[2.375,12.75,2.25,14.5],"rotation":0,"texture":"#0","tintindex":0},"east":{"uv":[11.25,5.5,13.0,5.75],"rotation":0,"texture":"#0","tintindex":0},"west":{"uv":[11.375,7.875,13.125,8.125],"rotation":0,"texture":"#0","tintindex":0},"up":{"uv":[11.625,14.25,11.5,12.5],"rotation":0,"texture":"#0","tintindex":0}}},{"from":[2.8571424,8.0,2.8571424],"to":[13.142858,14.285715,4.0],"rotation":{"angle":0.0,"axis":"y","origin":[8.0,8.0,8.0]},"faces":{"south":{"uv":[4.375,6.5,6.625,7.875],"rotation":0,"texture":"#0","tintindex":0},"north":{"uv":[5.5,1.5,7.75,2.875],"rotation":0,"texture":"#0","tintindex":0},"down":{"uv":[13.25,3.0,11.0,3.25],"rotation":0,"texture":"#0","tintindex":0},"east":{"uv":[10.25,12.5,10.5,13.875],"rotation":0,"texture":"#0","tintindex":0},"west":{"uv":[10.5,12.5,10.75,13.875],"rotation":0,"texture":"#0","tintindex":0},"up":{"uv":[13.25,3.0,11.0,2.75],"rotation":0,"texture":"#0","tintindex":0}}},{"from":[2.8571424,8.0,2.2857141],"to":[13.142858,9.142858,2.8571424],"rotation":{"angle":0.0,"axis":"y","origin":[8.0,8.0,8.0]},"faces":{"south":{"uv":[11.0,3.5,13.25,3.75],"rotation":0,"texture":"#0","tintindex":0},"north":{"uv":[11.0,3.25,13.25,3.5],"rotation":0,"texture":"#0","tintindex":0},"down":{"uv":[14.875,12.375,12.625,12.5],"rotation":0,"texture":"#0","tintindex":0},"east":{"uv":[13.625,13.125,13.75,13.375],"rotation":0,"texture":"#0","tintindex":0},"west":{"uv":[0.375,13.75,0.5,14.0],"rotation":0,"texture":"#0","tintindex":0},"up":{"uv":[14.875,12.375,12.625,12.25],"rotation":0,"texture":"#0","tintindex":0}}},{"from":[2.8571424,8.0,13.142858],"to":[13.142858,9.142858,13.714286],"rotation":{"angle":0.0,"axis":"y","origin":[8.0,8.0,8.0]},"faces":{"south":{"uv":[11.0,3.75,13.25,4.0],"rotation":0,"texture":"#0","tintindex":0},"north":{"uv":[3.625,11.0,5.875,11.25],"rotation":0,"texture":"#0","tintindex":0},"down":{"uv":[14.875,12.625,12.625,12.75],"rotation":0,"texture":"#0","tintindex":0},"east":{"uv":[0.5,13.75,0.625,14.0],"rotation":0,"texture":"#0","tintindex":0},"west":{"uv":[0.625,13.75,0.75,14.0],"rotation":0,"texture":"#0","tintindex":0},"up":{"uv":[14.875,12.625,12.625,12.5],"rotation":0,"texture":"#0","tintindex":0}}},{"from":[2.8571424,8.0,12.0],"to":[13.142858,14.285715,13.142858],"rotation":{"angle":0.0,"axis":"y","origin":[8.0,8.0,8.0]},"faces":{"south":{"uv":[5.5,1.5,7.75,2.875],"rotation":0,"texture":"#0","tintindex":0},"north":{"uv":[6.625,6.5,8.875,7.875],"rotation":0,"texture":"#0","tintindex":0},"down":{"uv":[13.25,4.25,11.0,4.5],"rotation":0,"texture":"#0","tintindex":0},"east":{"uv":[10.75,12.5,11.0,13.875],"rotation":0,"texture":"#0","tintindex":0},"west":{"uv":[11.0,12.5,11.25,13.875],"rotation":0,"texture":"#0","tintindex":0},"up":{"uv":[13.25,4.25,11.0,4.0],"rotation":0,"texture":"#0","tintindex":0}}},{"from":[2.2857141,13.714286,12.571428],"to":[13.714286,14.857143,13.714286],"rotation":{"angle":0.0,"axis":"y","origin":[8.0,8.0,8.0]},"faces":{"south":{"uv":[10.25,8.625,12.75,8.875],"rotation":0,"texture":"#0","tintindex":0},"north":{"uv":[10.25,8.375,12.75,8.625],"rotation":0,"texture":"#0","tintindex":0},"down":{"uv":[12.75,9.125,10.25,9.375],"rotation":0,"texture":"#0","tintindex":0},"east":{"uv":[2.25,5.0,2.5,5.25],"rotation":0,"texture":"#0","tintindex":0},"west":{"uv":[2.5,5.0,2.75,5.25],"rotation":0,"texture":"#0","tintindex":0},"up":{"uv":[12.75,9.125,10.25,8.875],"rotation":0,"texture":"#0","tintindex":0}}},{"from":[2.2857141,13.714286,2.2857141],"to":[13.714286,14.857143,3.4285712],"rotation":{"angle":0.0,"axis":"y","origin":[8.0,8.0,8.0]},"faces":{"south":{"uv":[3.625,10.5,6.125,10.75],"rotation":0,"texture":"#0","tintindex":0},"north":{"uv":[9.0,10.375,11.5,10.625],"rotation":0,"texture":"#0","tintindex":0},"down":{"uv":[6.125,10.75,3.625,11.0],"rotation":0,"texture":"#0","tintindex":0},"east":{"uv":[3.625,9.0,3.875,9.25],"rotation":0,"texture":"#0","tintindex":0},"west":{"uv":[9.25,1.25,9.5,1.5],"rotation":0,"texture":"#0","tintindex":0},"up":{"uv":[11.5,10.875,9.0,10.625],"rotation":0,"texture":"#0","tintindex":0}}},{"from":[13.708571,13.714286,3.4285712],"to":[14.851429,14.857143,12.571428],"rotation":{"angle":0.0,"axis":"y","origin":[8.0,8.0,8.0]},"faces":{"south":{"uv":[6.75,11.0,7.0,11.25],"rotation":0,"texture":"#0","tintindex":0},"north":{"uv":[1.75,10.875,2.0,11.125],"rotation":0,"texture":"#0","tintindex":0},"down":{"uv":[7.375,11.5,7.125,13.5],"rotation":0,"texture":"#0","tintindex":0},"east":{"uv":[11.0,4.5,13.0,4.75],"rotation":0,"texture":"#0","tintindex":0},"west":{"uv":[11.0,4.75,13.0,5.0],"rotation":0,"texture":"#0","tintindex":0},"up":{"uv":[6.125,13.0,5.875,11.0],"rotation":0,"texture":"#0","tintindex":0}}},{"from":[1.1428566,13.714286,3.4285712],"to":[2.2857141,14.857143,12.571428],"rotation":{"angle":0.0,"axis":"y","origin":[8.0,8.0,8.0]},"faces":{"south":{"uv":[6.75,11.25,7.0,11.5],"rotation":0,"texture":"#0","tintindex":0},"north":{"uv":[1.75,11.125,2.0,11.375],"rotation":0,"texture":"#0","tintindex":0},"down":{"uv":[2.75,11.625,2.5,13.625],"rotation":0,"texture":"#0","tintindex":0},"east":{"uv":[11.0,9.375,13.0,9.625],"rotation":0,"texture":"#0","tintindex":0},"west":{"uv":[11.0,9.625,13.0,9.875],"rotation":0,"texture":"#0","tintindex":0},"up":{"uv":[8.875,13.5,8.625,11.5],"rotation":0,"texture":"#0","tintindex":0}}}],"display":{"head":{"translation":[0.0,-6.4,0.0],"scale":[4.0,4.0,4.0]}}}