{"textures":{"0":"modelengine:entity/minotaur_crate"},"elements":[{"from":[7.142857,1.1428566,8.0],"to":[8.857143,8.0,8.0],"rotation":{"angle":0.0,"axis":"y","origin":[3.7142854,1.7142854,1.1428566]},"faces":{"south":{"uv":[2.375,9.875,2.0,11.375],"rotation":0,"texture":"#0","tintindex":0},"north":{"uv":[2.0,9.875,2.375,11.375],"rotation":0,"texture":"#0","tintindex":0},"down":{"uv":[0.375,0.0,0.0,0.0],"rotation":0,"texture":"#0","tintindex":0},"east":{"uv":[0.0,0.0,0.0,1.5],"rotation":0,"texture":"#0","tintindex":0},"west":{"uv":[0.0,0.0,0.0,1.5],"rotation":0,"texture":"#0","tintindex":0},"up":{"uv":[0.375,0.0,0.0,0.0],"rotation":0,"texture":"#0","tintindex":0}}}],"display":{"head":{"translation":[0.0,-6.4,0.0],"scale":[4.0,4.0,4.0]}}}