{"textures":{"0":"modelengine:entity/minotaur_crate"},"elements":[{"from":[5.5714283,19.428572,7.714286],"to":[10.571428,24.57143,8.285714],"rotation":{"angle":0.0,"axis":"y","origin":[8.0,8.0,8.0]},"faces":{"south":{"uv":[9.125,8.375,10.25,9.5],"rotation":0,"texture":"#0","tintindex":0},"north":{"uv":[2.5,8.25,3.625,9.375],"rotation":0,"texture":"#0","tintindex":0},"down":{"uv":[14.0,7.625,12.875,7.75],"rotation":0,"texture":"#0","tintindex":0},"east":{"uv":[4.25,6.75,4.375,7.875],"rotation":0,"texture":"#0","tintindex":0},"west":{"uv":[2.375,9.875,2.5,11.0],"rotation":0,"texture":"#0","tintindex":0},"up":{"uv":[10.625,2.875,9.5,2.75],"rotation":0,"texture":"#0","tintindex":0}}},{"from":[6.0,24.0,8.285714],"to":[10.142858,24.57143,8.857143],"rotation":{"angle":0.0,"axis":"y","origin":[8.0,8.0,8.0]},"faces":{"south":{"uv":[13.375,5.375,14.25,5.5],"rotation":0,"texture":"#0","tintindex":0},"north":{"uv":[8.75,5.75,9.625,5.875],"rotation":0,"texture":"#0","tintindex":0},"down":{"uv":[14.25,9.625,13.375,9.75],"rotation":0,"texture":"#0","tintindex":0},"east":{"uv":[0.625,13.25,0.75,13.375],"rotation":0,"texture":"#0","tintindex":0},"west":{"uv":[13.75,9.375,13.875,9.5],"rotation":0,"texture":"#0","tintindex":0},"up":{"uv":[14.25,9.625,13.375,9.5],"rotation":0,"texture":"#0","tintindex":0}}},{"from":[7.285714,23.142857,8.285714],"to":[8.714286,23.57143,8.857143],"rotation":{"angle":0.0,"axis":"y","origin":[8.0,8.0,8.0]},"faces":{"south":{"uv":[3.875,7.75,4.25,7.875],"rotation":0,"texture":"#0","tintindex":0},"north":{"uv":[6.75,3.375,7.125,3.5],"rotation":0,"texture":"#0","tintindex":0},"down":{"uv":[14.0,8.875,13.625,9.0],"rotation":0,"texture":"#0","tintindex":0},"east":{"uv":[9.625,13.75,9.75,13.875],"rotation":0,"texture":"#0","tintindex":0},"west":{"uv":[9.75,13.75,9.875,13.875],"rotation":0,"texture":"#0","tintindex":0},"up":{"uv":[11.0,2.875,10.625,2.75],"rotation":0,"texture":"#0","tintindex":0}}},{"from":[7.0,22.285715,8.285714],"to":[7.5714283,23.142857,8.857143],"rotation":{"angle":0.0,"axis":"y","origin":[8.0,8.0,8.0]},"faces":{"south":{"uv":[9.0,13.75,9.125,14.0],"rotation":0,"texture":"#0","tintindex":0},"north":{"uv":[8.25,13.75,8.375,14.0],"rotation":0,"texture":"#0","tintindex":0},"down":{"uv":[13.875,10.125,13.75,10.25],"rotation":0,"texture":"#0","tintindex":0},"east":{"uv":[8.875,13.75,9.0,14.0],"rotation":0,"texture":"#0","tintindex":0},"west":{"uv":[9.125,13.75,9.25,14.0],"rotation":0,"texture":"#0","tintindex":0},"up":{"uv":[13.875,10.125,13.75,10.0],"rotation":0,"texture":"#0","tintindex":0}}},{"from":[8.428572,21.857143,8.285714],"to":[9.0,23.142857,8.857143],"rotation":{"angle":0.0,"axis":"y","origin":[8.0,8.0,8.0]},"faces":{"south":{"uv":[9.375,13.75,9.5,14.0],"rotation":0,"texture":"#0","tintindex":0},"north":{"uv":[13.75,9.125,13.875,9.375],"rotation":0,"texture":"#0","tintindex":0},"down":{"uv":[13.875,10.375,13.75,10.5],"rotation":0,"texture":"#0","tintindex":0},"east":{"uv":[9.25,13.75,9.375,14.0],"rotation":0,"texture":"#0","tintindex":0},"west":{"uv":[9.5,13.75,9.625,14.0],"rotation":0,"texture":"#0","tintindex":0},"up":{"uv":[13.875,10.375,13.75,10.25],"rotation":0,"texture":"#0","tintindex":0}}},{"from":[8.0,21.857143,8.285714],"to":[8.428572,22.285715,8.857143],"rotation":{"angle":0.0,"axis":"y","origin":[8.0,8.0,8.0]},"faces":{"south":{"uv":[13.75,10.75,13.875,10.875],"rotation":0,"texture":"#0","tintindex":0},"north":{"uv":[13.75,10.5,13.875,10.625],"rotation":0,"texture":"#0","tintindex":0},"down":{"uv":[13.875,11.125,13.75,11.25],"rotation":0,"texture":"#0","tintindex":0},"east":{"uv":[13.75,10.625,13.875,10.75],"rotation":0,"texture":"#0","tintindex":0},"west":{"uv":[13.75,10.875,13.875,11.0],"rotation":0,"texture":"#0","tintindex":0},"up":{"uv":[13.875,11.125,13.75,11.0],"rotation":0,"texture":"#0","tintindex":0}}},{"from":[7.714286,21.285715,8.285714],"to":[8.285714,21.857143,8.857143],"rotation":{"angle":0.0,"axis":"y","origin":[7.857143,8.0,8.0]},"faces":{"south":{"uv":[13.75,11.5,13.875,11.625],"rotation":0,"texture":"#0","tintindex":0},"north":{"uv":[13.75,11.25,13.875,11.375],"rotation":0,"texture":"#0","tintindex":0},"down":{"uv":[11.875,13.75,11.75,13.875],"rotation":0,"texture":"#0","tintindex":0},"east":{"uv":[13.75,11.375,13.875,11.5],"rotation":0,"texture":"#0","tintindex":0},"west":{"uv":[11.625,13.75,11.75,13.875],"rotation":0,"texture":"#0","tintindex":0},"up":{"uv":[13.875,11.75,13.75,11.625],"rotation":0,"texture":"#0","tintindex":0}}},{"from":[7.714286,20.428572,8.285714],"to":[8.285714,21.0,8.857143],"rotation":{"angle":0.0,"axis":"y","origin":[7.857143,8.0,8.0]},"faces":{"south":{"uv":[13.75,11.875,13.875,12.0],"rotation":0,"texture":"#0","tintindex":0},"north":{"uv":[13.75,11.75,13.875,11.875],"rotation":0,"texture":"#0","tintindex":0},"down":{"uv":[12.375,13.75,12.25,13.875],"rotation":0,"texture":"#0","tintindex":0},"east":{"uv":[11.875,13.75,12.0,13.875],"rotation":0,"texture":"#0","tintindex":0},"west":{"uv":[12.0,13.75,12.125,13.875],"rotation":0,"texture":"#0","tintindex":0},"up":{"uv":[12.25,13.875,12.125,13.75],"rotation":0,"texture":"#0","tintindex":0}}},{"from":[6.0,19.428572,8.285714],"to":[10.142858,20.0,8.857143],"rotation":{"angle":0.0,"axis":"y","origin":[8.0,8.0,8.0]},"faces":{"south":{"uv":[11.875,13.375,12.75,13.5],"rotation":0,"texture":"#0","tintindex":0},"north":{"uv":[13.375,9.75,14.25,9.875],"rotation":0,"texture":"#0","tintindex":0},"down":{"uv":[14.375,0.125,13.5,0.25],"rotation":0,"texture":"#0","tintindex":0},"east":{"uv":[12.375,13.75,12.5,13.875],"rotation":0,"texture":"#0","tintindex":0},"west":{"uv":[12.5,13.75,12.625,13.875],"rotation":0,"texture":"#0","tintindex":0},"up":{"uv":[14.375,0.125,13.5,0.0],"rotation":0,"texture":"#0","tintindex":0}}},{"from":[5.5714283,20.0,8.285714],"to":[6.285714,24.0,8.857143],"rotation":{"angle":0.0,"axis":"y","origin":[8.0,8.0,8.0]},"faces":{"south":{"uv":[2.375,12.75,2.5,13.625],"rotation":0,"texture":"#0","tintindex":0},"north":{"uv":[8.875,11.5,9.0,12.375],"rotation":0,"texture":"#0","tintindex":0},"down":{"uv":[13.875,12.875,13.75,13.0],"rotation":0,"texture":"#0","tintindex":0},"east":{"uv":[2.75,11.625,2.875,12.5],"rotation":0,"texture":"#0","tintindex":0},"west":{"uv":[2.125,13.25,2.25,14.125],"rotation":0,"texture":"#0","tintindex":0},"up":{"uv":[13.875,12.875,13.75,12.75],"rotation":0,"texture":"#0","tintindex":0}}},{"from":[9.857143,20.0,8.285714],"to":[10.571428,24.0,8.857143],"rotation":{"angle":0.0,"axis":"y","origin":[8.0,8.0,8.0]},"faces":{"south":{"uv":[8.5,13.25,8.625,14.125],"rotation":0,"texture":"#0","tintindex":0},"north":{"uv":[3.125,13.25,3.25,14.125],"rotation":0,"texture":"#0","tintindex":0},"down":{"uv":[13.875,13.125,13.75,13.25],"rotation":0,"texture":"#0","tintindex":0},"east":{"uv":[8.375,13.25,8.5,14.125],"rotation":0,"texture":"#0","tintindex":0},"west":{"uv":[1.375,13.375,1.5,14.25],"rotation":0,"texture":"#0","tintindex":0},"up":{"uv":[13.875,13.125,13.75,13.0],"rotation":0,"texture":"#0","tintindex":0}}},{"from":[9.857143,20.0,7.142857],"to":[10.571428,24.0,7.714286],"rotation":{"angle":0.0,"axis":"y","origin":[8.0,8.0,8.0]},"faces":{"south":{"uv":[12.875,13.375,13.0,14.25],"rotation":0,"texture":"#0","tintindex":0},"north":{"uv":[7.0,13.375,7.125,14.25],"rotation":0,"texture":"#0","tintindex":0},"down":{"uv":[13.875,13.25,13.75,13.375],"rotation":0,"texture":"#0","tintindex":0},"east":{"uv":[12.75,13.375,12.875,14.25],"rotation":0,"texture":"#0","tintindex":0},"west":{"uv":[13.0,13.375,13.125,14.25],"rotation":0,"texture":"#0","tintindex":0},"up":{"uv":[13.375,13.875,13.25,13.75],"rotation":0,"texture":"#0","tintindex":0}}},{"from":[6.0,24.0,7.142857],"to":[10.142858,24.57143,7.714286],"rotation":{"angle":0.0,"axis":"y","origin":[8.0,8.0,8.0]},"faces":{"south":{"uv":[13.5,0.375,14.375,0.5],"rotation":0,"texture":"#0","tintindex":0},"north":{"uv":[13.5,0.25,14.375,0.375],"rotation":0,"texture":"#0","tintindex":0},"down":{"uv":[14.375,0.625,13.5,0.75],"rotation":0,"texture":"#0","tintindex":0},"east":{"uv":[13.375,13.75,13.5,13.875],"rotation":0,"texture":"#0","tintindex":0},"west":{"uv":[13.5,13.75,13.625,13.875],"rotation":0,"texture":"#0","tintindex":0},"up":{"uv":[14.375,0.625,13.5,0.5],"rotation":0,"texture":"#0","tintindex":0}}},{"from":[5.5714283,20.0,7.142857],"to":[6.285714,24.0,7.714286],"rotation":{"angle":0.0,"axis":"y","origin":[8.0,8.0,8.0]},"faces":{"south":{"uv":[0.125,13.5,0.25,14.375],"rotation":0,"texture":"#0","tintindex":0},"north":{"uv":[13.125,13.375,13.25,14.25],"rotation":0,"texture":"#0","tintindex":0},"down":{"uv":[13.75,13.75,13.625,13.875],"rotation":0,"texture":"#0","tintindex":0},"east":{"uv":[0.0,13.5,0.125,14.375],"rotation":0,"texture":"#0","tintindex":0},"west":{"uv":[0.25,13.5,0.375,14.375],"rotation":0,"texture":"#0","tintindex":0},"up":{"uv":[13.875,13.625,13.75,13.5],"rotation":0,"texture":"#0","tintindex":0}}},{"from":[6.0,19.428572,7.142857],"to":[10.142858,20.0,7.714286],"rotation":{"angle":0.0,"axis":"y","origin":[8.0,8.0,8.0]},"faces":{"south":{"uv":[13.5,0.875,14.375,1.0],"rotation":0,"texture":"#0","tintindex":0},"north":{"uv":[13.5,0.75,14.375,0.875],"rotation":0,"texture":"#0","tintindex":0},"down":{"uv":[14.375,1.125,13.5,1.25],"rotation":0,"texture":"#0","tintindex":0},"east":{"uv":[13.75,13.625,13.875,13.75],"rotation":0,"texture":"#0","tintindex":0},"west":{"uv":[13.75,13.75,13.875,13.875],"rotation":0,"texture":"#0","tintindex":0},"up":{"uv":[14.375,1.125,13.5,1.0],"rotation":0,"texture":"#0","tintindex":0}}}],"display":{"head":{"translation":[0.0,-6.4,0.0],"scale":[4.0,4.0,4.0]}}}