{"textures":{"0":"modelengine:entity/minotaur_crate"},"elements":[{"from":[1.7460313,10.904762,7.428571],"to":[14.317461,12.047619,18.857143],"rotation":{"angle":0.0,"axis":"y","origin":[8.031746,2.9047613,13.142858]},"faces":{"south":{"uv":[9.0,9.875,11.75,10.125],"rotation":0,"texture":"#0","tintindex":0},"north":{"uv":[9.0,9.875,11.75,10.125],"rotation":0,"texture":"#0","tintindex":0},"down":{"uv":[2.75,2.5,0.0,5.0],"rotation":0,"texture":"#0","tintindex":0},"east":{"uv":[9.0,10.125,11.5,10.375],"rotation":0,"texture":"#0","tintindex":0},"west":{"uv":[11.0,0.0,13.5,0.25],"rotation":0,"texture":"#0","tintindex":0},"up":{"uv":[2.75,2.5,0.0,0.0],"rotation":0,"texture":"#0","tintindex":0}}},{"from":[1.7460313,12.047619,9.142858],"to":[14.317461,13.190476,17.142857],"rotation":{"angle":0.0,"axis":"y","origin":[8.031746,2.9047613,13.142858]},"faces":{"south":{"uv":[9.0,10.125,11.75,10.375],"rotation":0,"texture":"#0","tintindex":0},"north":{"uv":[9.0,9.875,11.75,10.125],"rotation":0,"texture":"#0","tintindex":0},"down":{"uv":[5.5,1.75,2.75,3.5],"rotation":0,"texture":"#0","tintindex":0},"east":{"uv":[9.0,10.125,10.75,10.375],"rotation":0,"texture":"#0","tintindex":0},"west":{"uv":[11.5,2.375,13.25,2.625],"rotation":0,"texture":"#0","tintindex":0},"up":{"uv":[5.5,1.75,2.75,0.0],"rotation":0,"texture":"#0","tintindex":0}}},{"from":[2.31746,8.047619,17.714287],"to":[13.746032,10.904762,18.857143],"rotation":{"angle":0.0,"axis":"y","origin":[8.031746,2.9047613,13.142858]},"faces":{"south":{"uv":[0.0,8.875,2.5,9.5],"rotation":0,"texture":"#0","tintindex":0},"north":{"uv":[7.125,5.875,9.625,6.5],"rotation":0,"texture":"#0","tintindex":0},"down":{"uv":[13.5,0.5,11.0,0.75],"rotation":0,"texture":"#0","tintindex":0},"east":{"uv":[2.25,8.25,2.5,8.875],"rotation":0,"texture":"#0","tintindex":0},"west":{"uv":[11.125,7.125,11.375,7.75],"rotation":0,"texture":"#0","tintindex":0},"up":{"uv":[13.5,0.5,11.0,0.25],"rotation":0,"texture":"#0","tintindex":0}}},{"from":[2.31746,8.041904,18.857143],"to":[13.746032,9.75619,19.428572],"rotation":{"angle":0.0,"axis":"y","origin":[8.031746,2.9047613,13.142858]},"faces":{"south":{"uv":[6.125,9.25,8.625,9.625],"rotation":0,"texture":"#0","tintindex":0},"north":{"uv":[3.625,9.25,6.125,9.625],"rotation":0,"texture":"#0","tintindex":0},"down":{"uv":[14.25,2.25,11.75,2.375],"rotation":0,"texture":"#0","tintindex":0},"east":{"uv":[2.375,11.0,2.5,11.375],"rotation":0,"texture":"#0","tintindex":0},"west":{"uv":[11.5,10.375,11.625,10.75],"rotation":0,"texture":"#0","tintindex":0},"up":{"uv":[14.0,2.75,11.5,2.625],"rotation":0,"texture":"#0","tintindex":0}}},{"from":[10.888889,8.333333,18.857143],"to":[13.746032,9.476191,20.0],"rotation":{"angle":0.0,"axis":"y","origin":[8.031746,2.9047613,13.142858]},"faces":{"south":{"uv":[13.125,10.0,13.75,10.25],"rotation":0,"texture":"#0","tintindex":0},"north":{"uv":[4.375,6.25,5.0,6.5],"rotation":0,"texture":"#0","tintindex":0},"down":{"uv":[13.75,10.5,13.125,10.75],"rotation":0,"texture":"#0","tintindex":0},"east":{"uv":[6.125,12.75,6.375,13.0],"rotation":0,"texture":"#0","tintindex":0},"west":{"uv":[0.375,13.5,0.625,13.75],"rotation":0,"texture":"#0","tintindex":0},"up":{"uv":[13.75,10.5,13.125,10.25],"rotation":0,"texture":"#0","tintindex":0}}},{"from":[2.31746,8.333333,18.857143],"to":[5.174603,9.476191,20.0],"rotation":{"angle":0.0,"axis":"y","origin":[8.031746,2.9047613,13.142858]},"faces":{"south":{"uv":[13.125,11.0,13.75,11.25],"rotation":0,"texture":"#0","tintindex":0},"north":{"uv":[13.125,10.75,13.75,11.0],"rotation":0,"texture":"#0","tintindex":0},"down":{"uv":[0.625,13.25,0.0,13.5],"rotation":0,"texture":"#0","tintindex":0},"east":{"uv":[3.25,13.5,3.5,13.75],"rotation":0,"texture":"#0","tintindex":0},"west":{"uv":[5.875,13.5,6.125,13.75],"rotation":0,"texture":"#0","tintindex":0},"up":{"uv":[13.25,13.375,12.625,13.125],"rotation":0,"texture":"#0","tintindex":0}}},{"from":[2.31746,8.047619,6.857143],"to":[13.746032,9.761905,7.428571],"rotation":{"angle":0.0,"axis":"y","origin":[8.031746,2.9047613,13.142858]},"faces":{"south":{"uv":[9.5,1.25,12.0,1.625],"rotation":0,"texture":"#0","tintindex":0},"north":{"uv":[0.0,9.5,2.5,9.875],"rotation":0,"texture":"#0","tintindex":0},"down":{"uv":[15.125,9.875,12.625,10.0],"rotation":0,"texture":"#0","tintindex":0},"east":{"uv":[11.5,10.75,11.625,11.125],"rotation":0,"texture":"#0","tintindex":0},"west":{"uv":[11.75,9.875,11.875,10.25],"rotation":0,"texture":"#0","tintindex":0},"up":{"uv":[14.25,7.875,11.75,7.75],"rotation":0,"texture":"#0","tintindex":0}}},{"from":[2.31746,8.047619,7.428571],"to":[13.746032,10.904762,8.571428],"rotation":{"angle":0.0,"axis":"y","origin":[8.031746,2.9047613,13.142858]},"faces":{"south":{"uv":[8.875,6.5,11.375,7.125],"rotation":0,"texture":"#0","tintindex":0},"north":{"uv":[0.0,8.875,2.5,9.5],"rotation":0,"texture":"#0","tintindex":0},"down":{"uv":[13.5,1.0,11.0,1.25],"rotation":0,"texture":"#0","tintindex":0},"east":{"uv":[12.25,5.75,12.5,6.375],"rotation":0,"texture":"#0","tintindex":0},"west":{"uv":[5.625,13.125,5.875,13.75],"rotation":0,"texture":"#0","tintindex":0},"up":{"uv":[13.5,1.0,11.0,0.75],"rotation":0,"texture":"#0","tintindex":0}}},{"from":[13.174603,7.4761906,8.0],"to":[14.317461,10.904762,18.285715],"rotation":{"angle":0.0,"axis":"y","origin":[8.031746,2.9047613,13.142858]},"faces":{"south":{"uv":[3.25,12.75,3.5,13.5],"rotation":0,"texture":"#0","tintindex":0},"north":{"uv":[3.625,8.25,3.875,9.0],"rotation":0,"texture":"#0","tintindex":0},"down":{"uv":[7.625,10.0,7.375,12.25],"rotation":0,"texture":"#0","tintindex":0},"east":{"uv":[8.75,4.375,11.0,5.125],"rotation":0,"texture":"#0","tintindex":0},"west":{"uv":[8.75,2.875,11.0,3.625],"rotation":0,"texture":"#0","tintindex":0},"up":{"uv":[8.625,11.875,8.375,9.625],"rotation":0,"texture":"#0","tintindex":0}}},{"from":[13.746032,8.047619,17.714287],"to":[15.460318,12.619047,19.428572],"rotation":{"angle":0.0,"axis":"y","origin":[8.031746,2.9047613,13.142858]},"faces":{"south":{"uv":[0.0,11.875,0.375,12.875],"rotation":0,"texture":"#0","tintindex":0},"north":{"uv":[3.875,6.75,4.25,7.75],"rotation":0,"texture":"#0","tintindex":0},"down":{"uv":[13.625,8.75,13.25,9.125],"rotation":0,"texture":"#0","tintindex":0},"east":{"uv":[11.75,6.375,12.125,7.375],"rotation":0,"texture":"#0","tintindex":0},"west":{"uv":[0.375,11.875,0.75,12.875],"rotation":0,"texture":"#0","tintindex":0},"up":{"uv":[13.625,8.75,13.25,8.375],"rotation":0,"texture":"#0","tintindex":0}}},{"from":[13.746032,8.047619,6.857143],"to":[15.460318,12.619047,8.571428],"rotation":{"angle":0.0,"axis":"y","origin":[8.031746,2.9047613,13.142858]},"faces":{"south":{"uv":[11.875,11.875,12.25,12.875],"rotation":0,"texture":"#0","tintindex":0},"north":{"uv":[11.875,9.875,12.25,10.875],"rotation":0,"texture":"#0","tintindex":0},"down":{"uv":[13.625,11.625,13.25,12.0],"rotation":0,"texture":"#0","tintindex":0},"east":{"uv":[11.875,10.875,12.25,11.875],"rotation":0,"texture":"#0","tintindex":0},"west":{"uv":[12.125,6.375,12.5,7.375],"rotation":0,"texture":"#0","tintindex":0},"up":{"uv":[13.625,11.625,13.25,11.25],"rotation":0,"texture":"#0","tintindex":0}}},{"from":[13.746032,12.047619,8.571428],"to":[15.460318,13.761905,17.714287],"rotation":{"angle":0.0,"axis":"y","origin":[8.031746,2.9047613,13.142858]},"faces":{"south":{"uv":[13.25,13.125,13.625,13.5],"rotation":0,"texture":"#0","tintindex":0},"north":{"uv":[13.25,12.75,13.625,13.125],"rotation":0,"texture":"#0","tintindex":0},"down":{"uv":[3.625,9.375,3.25,11.375],"rotation":0,"texture":"#0","tintindex":0},"east":{"uv":[9.5,2.375,11.5,2.75],"rotation":0,"texture":"#0","tintindex":0},"west":{"uv":[9.0,9.5,11.0,9.875],"rotation":0,"texture":"#0","tintindex":0},"up":{"uv":[3.25,11.375,2.875,9.375],"rotation":0,"texture":"#0","tintindex":0}}},{"from":[13.174603,12.619047,12.0],"to":[16.031746,15.476191,14.285715],"rotation":{"angle":0.0,"axis":"y","origin":[8.031746,2.9047613,13.142858]},"faces":{"south":{"uv":[6.125,2.875,6.75,3.5],"rotation":0,"texture":"#0","tintindex":0},"north":{"uv":[5.5,2.875,6.125,3.5],"rotation":0,"texture":"#0","tintindex":0},"down":{"uv":[5.875,12.625,5.25,13.125],"rotation":0,"texture":"#0","tintindex":0},"east":{"uv":[3.625,12.625,4.125,13.25],"rotation":0,"texture":"#0","tintindex":0},"west":{"uv":[4.125,12.625,4.625,13.25],"rotation":0,"texture":"#0","tintindex":0},"up":{"uv":[5.25,13.125,4.625,12.625],"rotation":0,"texture":"#0","tintindex":0}}},{"from":[10.31746,12.619047,12.571428],"to":[11.460318,13.761905,13.714286],"rotation":{"angle":45.0,"axis":"z","origin":[11.460318,14.333334,13.142858]},"faces":{"south":{"uv":[3.75,13.625,4.0,13.875],"rotation":0,"texture":"#0","tintindex":0},"north":{"uv":[3.5,13.625,3.75,13.875],"rotation":0,"texture":"#0","tintindex":0},"down":{"uv":[13.875,4.0,13.625,4.25],"rotation":0,"texture":"#0","tintindex":0},"east":{"uv":[13.625,3.5,13.875,3.75],"rotation":0,"texture":"#0","tintindex":0},"west":{"uv":[13.625,3.75,13.875,4.0],"rotation":0,"texture":"#0","tintindex":0},"up":{"uv":[4.25,13.875,4.0,13.625],"rotation":0,"texture":"#0","tintindex":0}}},{"from":[4.603174,12.619047,12.571428],"to":[5.7460318,13.761905,13.714286],"rotation":{"angle":-45.0,"axis":"z","origin":[4.603174,14.333334,13.142858]},"faces":{"south":{"uv":[4.75,13.625,5.0,13.875],"rotation":0,"texture":"#0","tintindex":0},"north":{"uv":[4.25,13.625,4.5,13.875],"rotation":0,"texture":"#0","tintindex":0},"down":{"uv":[13.875,6.375,13.625,6.625],"rotation":0,"texture":"#0","tintindex":0},"east":{"uv":[4.5,13.625,4.75,13.875],"rotation":0,"texture":"#0","tintindex":0},"west":{"uv":[5.0,13.625,5.25,13.875],"rotation":0,"texture":"#0","tintindex":0},"up":{"uv":[13.875,6.375,13.625,6.125],"rotation":0,"texture":"#0","tintindex":0}}},{"from":[7.0849724,14.904762,12.0],"to":[8.799258,16.61905,14.285715],"rotation":{"angle":-45.0,"axis":"z","origin":[4.7992578,14.333334,13.142858]},"faces":{"south":{"uv":[1.0,13.375,1.375,13.75],"rotation":0,"texture":"#0","tintindex":0},"north":{"uv":[0.625,13.375,1.0,13.75],"rotation":0,"texture":"#0","tintindex":0},"down":{"uv":[7.125,12.875,6.75,13.375],"rotation":0,"texture":"#0","tintindex":0},"east":{"uv":[12.875,6.625,13.375,7.0],"rotation":0,"texture":"#0","tintindex":0},"west":{"uv":[12.875,7.0,13.375,7.375],"rotation":0,"texture":"#0","tintindex":0},"up":{"uv":[7.125,3.375,6.75,2.875],"rotation":0,"texture":"#0","tintindex":0}}},{"from":[13.803175,15.190476,12.057143],"to":[15.517461,17.476192,14.228571],"rotation":{"angle":22.5,"axis":"z","origin":[15.174603,16.61905,13.142858]},"faces":{"south":{"uv":[12.25,12.875,12.625,13.375],"rotation":0,"texture":"#0","tintindex":0},"north":{"uv":[11.875,12.875,12.25,13.375],"rotation":0,"texture":"#0","tintindex":0},"down":{"uv":[13.375,5.0,13.0,5.5],"rotation":0,"texture":"#0","tintindex":0},"east":{"uv":[1.75,12.75,2.25,13.25],"rotation":0,"texture":"#0","tintindex":0},"west":{"uv":[2.75,12.75,3.25,13.25],"rotation":0,"texture":"#0","tintindex":0},"up":{"uv":[13.375,5.0,13.0,4.5],"rotation":0,"texture":"#0","tintindex":0}}},{"from":[0.031745434,12.619047,12.0],"to":[2.8888884,15.476191,14.285715],"rotation":{"angle":0.0,"axis":"y","origin":[8.031746,2.9047613,13.142858]},"faces":{"south":{"uv":[11.75,1.625,12.375,2.25],"rotation":0,"texture":"#0","tintindex":0},"north":{"uv":[11.625,5.75,12.25,6.375],"rotation":0,"texture":"#0","tintindex":0},"down":{"uv":[13.25,11.75,12.625,12.25],"rotation":0,"texture":"#0","tintindex":0},"east":{"uv":[12.625,10.0,13.125,10.625],"rotation":0,"texture":"#0","tintindex":0},"west":{"uv":[12.625,10.625,13.125,11.25],"rotation":0,"texture":"#0","tintindex":0},"up":{"uv":[13.25,11.75,12.625,11.25],"rotation":0,"texture":"#0","tintindex":0}}},{"from":[0.5460315,15.190476,12.057143],"to":[2.2603173,17.476192,14.228571],"rotation":{"angle":-22.5,"axis":"z","origin":[0.88888836,16.61905,13.142858]},"faces":{"south":{"uv":[13.0,9.375,13.375,9.875],"rotation":0,"texture":"#0","tintindex":0},"north":{"uv":[5.875,13.0,6.25,13.5],"rotation":0,"texture":"#0","tintindex":0},"down":{"uv":[5.375,13.125,5.0,13.625],"rotation":0,"texture":"#0","tintindex":0},"east":{"uv":[12.75,8.375,13.25,8.875],"rotation":0,"texture":"#0","tintindex":0},"west":{"uv":[12.75,8.875,13.25,9.375],"rotation":0,"texture":"#0","tintindex":0},"up":{"uv":[5.0,13.625,4.625,13.125],"rotation":0,"texture":"#0","tintindex":0}}},{"from":[6.6031747,8.190476,17.657143],"to":[9.460318,12.761905,19.37143],"rotation":{"angle":0.0,"axis":"y","origin":[14.603174,2.9047613,13.142858]},"faces":{"south":{"uv":[0.75,9.875,1.375,10.875],"rotation":0,"texture":"#0","tintindex":0},"north":{"uv":[4.375,5.25,5.0,6.25],"rotation":0,"texture":"#0","tintindex":0},"down":{"uv":[13.25,12.75,12.625,13.125],"rotation":0,"texture":"#0","tintindex":0},"east":{"uv":[12.25,9.875,12.625,10.875],"rotation":0,"texture":"#0","tintindex":0},"west":{"uv":[12.25,10.875,12.625,11.875],"rotation":0,"texture":"#0","tintindex":0},"up":{"uv":[12.375,7.75,11.75,7.375],"rotation":0,"texture":"#0","tintindex":0}}},{"from":[6.6031747,8.190476,6.9142857],"to":[9.460318,12.761905,8.6285715],"rotation":{"angle":0.0,"axis":"y","origin":[14.603174,2.9047613,13.142858]},"faces":{"south":{"uv":[6.375,10.0,7.0,11.0],"rotation":0,"texture":"#0","tintindex":0},"north":{"uv":[1.375,9.875,2.0,10.875],"rotation":0,"texture":"#0","tintindex":0},"down":{"uv":[13.5,5.75,12.875,6.125],"rotation":0,"texture":"#0","tintindex":0},"east":{"uv":[12.25,11.875,12.625,12.875],"rotation":0,"texture":"#0","tintindex":0},"west":{"uv":[0.75,12.375,1.125,13.375],"rotation":0,"texture":"#0","tintindex":0},"up":{"uv":[0.625,13.25,0.0,12.875],"rotation":0,"texture":"#0","tintindex":0}}},{"from":[0.6031742,12.047619,8.571428],"to":[2.31746,13.761905,17.714287],"rotation":{"angle":0.0,"axis":"y","origin":[8.031746,2.9047613,13.142858]},"faces":{"south":{"uv":[13.375,4.625,13.75,5.0],"rotation":0,"texture":"#0","tintindex":0},"north":{"uv":[13.375,4.25,13.75,4.625],"rotation":0,"texture":"#0","tintindex":0},"down":{"uv":[8.375,9.625,8.0,11.625],"rotation":0,"texture":"#0","tintindex":0},"east":{"uv":[3.625,9.625,5.625,10.0],"rotation":0,"texture":"#0","tintindex":0},"west":{"uv":[5.625,9.625,7.625,10.0],"rotation":0,"texture":"#0","tintindex":0},"up":{"uv":[8.0,11.625,7.625,9.625],"rotation":0,"texture":"#0","tintindex":0}}},{"from":[0.6088886,8.053333,8.571428],"to":[2.3231745,9.767619,17.714287],"rotation":{"angle":0.0,"axis":"y","origin":[8.031746,2.9047613,13.142858]},"faces":{"south":{"uv":[6.25,13.375,6.625,13.75],"rotation":0,"texture":"#0","tintindex":0},"north":{"uv":[13.375,5.0,13.75,5.375],"rotation":0,"texture":"#0","tintindex":0},"down":{"uv":[0.75,9.875,0.375,11.875],"rotation":0,"texture":"#0","tintindex":0},"east":{"uv":[9.625,5.75,11.625,6.125],"rotation":0,"texture":"#0","tintindex":0},"west":{"uv":[9.625,6.125,11.625,6.5],"rotation":0,"texture":"#0","tintindex":0},"up":{"uv":[0.375,11.875,0.0,9.875],"rotation":0,"texture":"#0","tintindex":0}}},{"from":[0.6031742,8.047619,17.714287],"to":[2.31746,12.619047,19.428572],"rotation":{"angle":0.0,"axis":"y","origin":[8.031746,2.9047613,13.142858]},"faces":{"south":{"uv":[6.375,12.375,6.75,13.375],"rotation":0,"texture":"#0","tintindex":0},"north":{"uv":[1.125,12.375,1.5,13.375],"rotation":0,"texture":"#0","tintindex":0},"down":{"uv":[13.75,6.625,13.375,7.0],"rotation":0,"texture":"#0","tintindex":0},"east":{"uv":[12.375,1.25,12.75,2.25],"rotation":0,"texture":"#0","tintindex":0},"west":{"uv":[12.5,5.75,12.875,6.75],"rotation":0,"texture":"#0","tintindex":0},"up":{"uv":[7.0,13.75,6.625,13.375],"rotation":0,"texture":"#0","tintindex":0}}},{"from":[1.7460313,7.4761906,8.0],"to":[2.8888884,10.904762,18.285715],"rotation":{"angle":0.0,"axis":"y","origin":[8.031746,2.9047613,13.142858]},"faces":{"south":{"uv":[5.375,13.125,5.625,13.875],"rotation":0,"texture":"#0","tintindex":0},"north":{"uv":[1.5,13.125,1.75,13.875],"rotation":0,"texture":"#0","tintindex":0},"down":{"uv":[1.75,10.875,1.5,13.125],"rotation":0,"texture":"#0","tintindex":0},"east":{"uv":[8.75,3.625,11.0,4.375],"rotation":0,"texture":"#0","tintindex":0},"west":{"uv":[8.75,4.375,11.0,5.125],"rotation":0,"texture":"#0","tintindex":0},"up":{"uv":[6.375,12.75,6.125,10.5],"rotation":0,"texture":"#0","tintindex":0}}},{"from":[0.6031742,8.047619,6.857143],"to":[2.31746,12.619047,8.571428],"rotation":{"angle":0.0,"axis":"y","origin":[8.031746,2.9047613,13.142858]},"faces":{"south":{"uv":[9.25,12.5,9.625,13.5],"rotation":0,"texture":"#0","tintindex":0},"north":{"uv":[12.5,6.75,12.875,7.75],"rotation":0,"texture":"#0","tintindex":0},"down":{"uv":[8.0,13.375,7.625,13.75],"rotation":0,"texture":"#0","tintindex":0},"east":{"uv":[8.875,12.5,9.25,13.5],"rotation":0,"texture":"#0","tintindex":0},"west":{"uv":[9.625,12.5,10.0,13.5],"rotation":0,"texture":"#0","tintindex":0},"up":{"uv":[13.75,7.375,13.375,7.0],"rotation":0,"texture":"#0","tintindex":0}}},{"from":[13.740317,8.053333,8.0],"to":[15.454603,9.767619,18.285715],"rotation":{"angle":0.0,"axis":"y","origin":[8.031746,2.9047613,13.142858]},"faces":{"south":{"uv":[13.375,9.125,13.75,9.5],"rotation":0,"texture":"#0","tintindex":0},"north":{"uv":[8.0,13.375,8.375,13.75],"rotation":0,"texture":"#0","tintindex":0},"down":{"uv":[2.875,9.375,2.5,11.625],"rotation":0,"texture":"#0","tintindex":0},"east":{"uv":[9.5,1.625,11.75,2.0],"rotation":0,"texture":"#0","tintindex":0},"west":{"uv":[9.5,2.0,11.75,2.375],"rotation":0,"texture":"#0","tintindex":0},"up":{"uv":[9.0,11.5,8.625,9.25],"rotation":0,"texture":"#0","tintindex":0}}}],"display":{"head":{"translation":[0.0,-6.4,0.0],"scale":[4.0,4.0,4.0]}}}