{"textures":{"0":"modelengine:entity/minotaur_crate"},"elements":[{"from":[3.142857,10.857143,4.285714],"to":[3.142857,17.714287,11.714286],"rotation":{"angle":0.0,"axis":"y","origin":[8.0,8.0,8.0]},"faces":{"south":{"uv":[0.0,0.0,0.0,1.5],"rotation":0,"texture":"#0","tintindex":0},"north":{"uv":[0.0,0.0,0.0,1.5],"rotation":0,"texture":"#0","tintindex":0},"down":{"uv":[0.0,0.0,0.0,1.625],"rotation":0,"texture":"#0","tintindex":0},"east":{"uv":[9.25,0.0,7.625,1.5],"rotation":0,"texture":"#0","tintindex":0},"west":{"uv":[7.625,0.0,9.25,1.5],"rotation":0,"texture":"#0","tintindex":0},"up":{"uv":[0.0,1.625,0.0,0.0],"rotation":0,"texture":"#0","tintindex":0}}},{"from":[12.857143,10.857143,4.285714],"to":[12.857143,17.714287,11.714286],"rotation":{"angle":0.0,"axis":"y","origin":[8.0,8.0,8.0]},"faces":{"south":{"uv":[0.0,0.0,0.0,1.5],"rotation":0,"texture":"#0","tintindex":0},"north":{"uv":[0.0,0.0,0.0,1.5],"rotation":0,"texture":"#0","tintindex":0},"down":{"uv":[0.0,0.0,0.0,1.625],"rotation":0,"texture":"#0","tintindex":0},"east":{"uv":[9.25,0.0,7.625,1.5],"rotation":0,"texture":"#0","tintindex":0},"west":{"uv":[7.625,0.0,9.25,1.5],"rotation":0,"texture":"#0","tintindex":0},"up":{"uv":[0.0,1.625,0.0,0.0],"rotation":0,"texture":"#0","tintindex":0}}},{"from":[3.142857,10.857143,11.714286],"to":[13.0,17.714287,11.714286],"rotation":{"angle":0.0,"axis":"y","origin":[8.0,8.0,8.0]},"faces":{"south":{"uv":[4.375,5.25,2.25,6.75],"rotation":0,"texture":"#0","tintindex":0},"north":{"uv":[2.25,5.25,4.375,6.75],"rotation":0,"texture":"#0","tintindex":0},"down":{"uv":[2.125,0.0,0.0,0.0],"rotation":0,"texture":"#0","tintindex":0},"east":{"uv":[0.0,0.0,0.0,1.5],"rotation":0,"texture":"#0","tintindex":0},"west":{"uv":[0.0,0.0,0.0,1.5],"rotation":0,"texture":"#0","tintindex":0},"up":{"uv":[2.125,0.0,0.0,0.0],"rotation":0,"texture":"#0","tintindex":0}}},{"from":[3.142857,10.857143,4.285714],"to":[13.0,17.714287,4.285714],"rotation":{"angle":0.0,"axis":"y","origin":[8.0,8.0,8.0]},"faces":{"south":{"uv":[4.375,5.25,2.25,6.75],"rotation":0,"texture":"#0","tintindex":0},"north":{"uv":[2.25,5.25,4.375,6.75],"rotation":0,"texture":"#0","tintindex":0},"down":{"uv":[2.125,0.0,0.0,0.0],"rotation":0,"texture":"#0","tintindex":0},"east":{"uv":[0.0,0.0,0.0,1.5],"rotation":0,"texture":"#0","tintindex":0},"west":{"uv":[0.0,0.0,0.0,1.5],"rotation":0,"texture":"#0","tintindex":0},"up":{"uv":[2.125,0.0,0.0,0.0],"rotation":0,"texture":"#0","tintindex":0}}}],"display":{"head":{"translation":[0.0,-6.4,0.0],"scale":[4.0,4.0,4.0]}}}