{
	"voice.male1": {
		"sounds":[
			{
				"name": "male/1",
				"volume": 1
			}
		]
	},
	"voice.male2": {
		"sounds":[
			{
				"name": "male/2",
				"volume": 1
			}
		]
	},
	"voice.male3": {
		"sounds":[
			{
				"name": "male/3",
				"volume": 1
			}
		]
	},
	"voice.male4": {
		"sounds":[
			{
				"name": "male/4",
				"volume": 1
			}
		]
	},
	"voice.male5": {
		"sounds":[
			{
				"name": "male/5",
				"volume": 1
			}
		]
	},
	"voice.female1": {
		"sounds":[
			{
				"name": "female/1",
				"volume": 1
			}
		]
	},
	"voice.female2": {
		"sounds":[
			{
				"name": "female/2",
				"volume": 1
			}
		]
	},
	"voice.female3": {
		"sounds":[
			{
				"name": "female/3",
				"volume": 1
			}
		]
	},
	"voice.female4": {
		"sounds":[
			{
				"name": "female/4",
				"volume": 1
			}
		]
	},
	"crate.open": {
		"sounds":[
			{
				"name": "crates/crate_open",
				"volume": 1
			}
		]
	},
	"crate.close": {
		"sounds":[
			{
				"name": "crates/crate_close",
				"volume": 1
			}
		]
	},
	"crate.ending": {
		"sounds":[
			{
				"name": "crates/ending_jingle",
				"volume": 1
			}
		]
	},
	"crate.open_magic": {
		"sounds":[
			{
				"name": "crates/crate_open_magic",
				"volume": 1
			}
		]
	},
	"wardrobe.enter": {
		"sounds":[
			{
				"name": "wardrobe/wardrobe-enter",
				"volume": 1
			}
		]
	},
	"wardrobe.unselect": {
		"sounds":[
			{
				"name": "wardrobe/unselect",
				"volume": 1
			}
		]
	},
	"wardrobe.select": {
		"sounds":[
			{
				"name": "wardrobe/select",
				"volume": 1
			}
		]
	},
   "littleroom.battlepets.impact1":{
		 "sounds": [
			"littleroom/battlepets/impact1"
		 ]
	},
   "littleroom.battlepets.impact2":{
		 "sounds": [
			"littleroom/battlepets/impact2"
		 ]
	},
   "littleroom.battlepets.impact3":{
		 "sounds": [
			"littleroom/battlepets/impact3"
		 ]
	},
   "littleroom.battlepets.impact4":{
		 "sounds": [
			"littleroom/battlepets/impact4"
		 ]
	},
   "littleroom.battlepets.swing1":{
		 "sounds": [
			"littleroom/battlepets/swing1"
		 ]
	},
   "littleroom.battlepets.swing2":{
		 "sounds": [
			"littleroom/battlepets/swing2"
		 ]
	},
   "littleroom.battlepets.swing3":{
		 "sounds": [
			"littleroom/battlepets/swing3"
		 ]
	},
   "littleroom.battlepets.swing4":{
		 "sounds": [
			"littleroom/battlepets/swing4"
		 ]
	},
   "littleroom.battlepets.swing5":{
		 "sounds": [
			"littleroom/battlepets/swing5"
		 ]
	},
   "littleroom.battlepets.levelup":{
		 "sounds": [
			"littleroom/battlepets/levelup"
		 ]
	},
	"fx.ricochet": {
    "category": "master",
    "sounds": [ "fx/bowhit1", "fx/bowhit2", "fx/bowhit3", "fx/bowhit4" ]
  },
  "fx.whiz": {
    "category": "master",
    "sounds": [
      {
				"name": "fx/whiz1",
				"weight": 4
			},
      {
				"name": "fx/whiz2",
				"weight": 1
			},
      {
				"name": "fx/whiz3",
				"weight": 2
			}
    ]
  },
  "explosion.frag": {
    "category": "master",
	  "sounds": [ "explosion/frag" ]
  },
  "reload.start.light": {
    "category": "master",
	  "sounds": [ "reload/eject_mag_light" ]
  },
  "reload.end.light": {
    "category": "master",
	  "sounds": [ "reload/insert_mag_light" ]
  },
  "reload.start.normal": {
    "category": "master",
	  "sounds": [ "reload/eject_mag_normal" ]
  },
  "reload.end.normal": {
    "category": "master",
	  "sounds": [ "reload/insert_mag_normal" ]
  },
  "reload.start.heavy": {
    "category": "master",
	  "sounds": [ "reload/eject_mag_minigun" ]
  },
  "reload.end.heavy": {
    "category": "master",
	  "sounds": [ "reload/insert_mag_minigun" ]
  },
  "reload.start.shotgun": {
    "category": "master",
	  "sounds": [ "reload/insert_shotgun_shells" ]
  },
  "scope.in": {
    "category": "master",
	  "sounds": [ "scope/start_scope" ]
  },
  "scope.out": {
    "category": "master",
	  "sounds": [ "scope/end_scope" ]
  },
  "shoot.50gs": {
    "category": "master",
	  "sounds": [ "shoot/50gs" ]
  },
  "shoot.357magnum": {
    "category": "master",
	  "sounds": [ "shoot/357magnum" ]
  },
  "shoot.ak47": {
    "category": "master",
	  "sounds": [ "shoot/ak47" ]
  },
  "shoot.aug": {
    "category": "master",
	  "sounds": [ "shoot/aug" ]
  },
  "shoot.ax50": {
    "category": "master",
	  "sounds": [ "shoot/ax50" ]
  },
  "shoot.fnfal": {
    "category": "master",
	  "sounds": [ "shoot/fnfal" ]
  },
  "shoot.fr556": {
    "category": "master",
	  "sounds": [ "shoot/fr556" ]
  },
  "shoot.kar98k": {
    "category": "master",
	  "sounds": [ "shoot/kar98k" ]
  },
  "shoot.m4a1": {
    "category": "master",
	  "sounds": [ "shoot/m4a1" ]
  },
  "shoot.mg34": {
    "category": "master",
	  "sounds": [ "shoot/mg34" ]
  },
  "shoot.origin12": {
    "category": "master",
	  "sounds": [ "shoot/origin12" ]
  },
  "shoot.r90": {
    "category": "master",
	  "sounds": [ "shoot/r90shotgun" ]
  },
  "shoot.rpg7": {
    "category": "master",
	  "sounds": [ "shoot/rpg7" ]
  },
  "reloadshell": {
    "category": "master",
	  "sounds": [ "reloadshell" ]
  },
  "honk": {
    "category": "master",
	  "sounds": [ "honk" ]
  },
  "siren": {
    "category": "master",
	  "sounds": [ "siren" ]
  },
  "engine": {
    "category": "master",
	  "sounds": [ "engine" ]
  },
  "carskid": {
    "category": "master",
	  "sounds": [ "carskid" ]
  },
  "driving": {
    "category": "master",
	  "sounds": [ "driving" ]
  },
  "driving2": {
    "category": "master",
	  "sounds": [ "driving2" ]
  },
  "warheadlaunch": {
    "category": "master",
	  "sounds": [ "warheadlaunch" ]
  },
  "reloadmagout": {
    "category": "master",
	  "sounds": [ "reloadmagout" ]
  },
  "warheadexplode": {
    "category": "master",
	  "sounds": [ "warheadexplode" ]
  },
  "bulletbig": {
    "category": "master",
	  "sounds": [ "bulletbig" ]
  },
  "reloadbullet": {
    "category": "master",
	  "sounds": [ "reloadbullet" ]
  },
  "shoot.uzi": {
    "category": "master",
	  "sounds": [ "shoot/uzi" ]
  }
}