{
	"credit": "Made with Blockbench",
	"texture_size": [64, 64],
	"textures": {
		"0": "toro/toro_deep_creature"
	},
	"elements": [
		{
			"from": [8.5, -4, 4],
			"to": [14.75, 8, 13],
			"rotation": {"angle": -22.5, "axis": "z", "origin": [10.75, 2, 8.5]},
			"faces": {
				"north": {"uv": [1.65625, 6.53125, 1.84375, 6.90625], "texture": "#0"},
				"east": {"uv": [0.25, 7.6875, 0.53125, 8.0625], "texture": "#0"},
				"south": {"uv": [5.59375, 8, 5.78125, 8.375], "texture": "#0"},
				"west": {"uv": [7.6875, 2.46875, 7.96875, 2.84375], "texture": "#0"},
				"up": {"uv": [8.5, 5.9375, 8.3125, 5.65625], "texture": "#0"},
				"down": {"uv": [8.5, 7.4375, 8.3125, 7.71875], "texture": "#0"}
			}
		},
		{
			"from": [9, 4.75, 6],
			"to": [12, 10.75, 9],
			"rotation": {"angle": -22.5, "axis": "z", "origin": [10.75, 2, 8.5]},
			"faces": {
				"north": {"uv": [4.34375, 3.59375, 4.4375, 3.78125], "texture": "#0"},
				"east": {"uv": [1.375, 6.34375, 1.46875, 6.53125], "texture": "#0"},
				"south": {"uv": [7.15625, 3.90625, 7.25, 4.09375], "texture": "#0"},
				"west": {"uv": [2, 7.28125, 2.09375, 7.46875], "texture": "#0"},
				"up": {"uv": [5.5625, 5.8125, 5.46875, 5.71875], "texture": "#0"},
				"down": {"uv": [3.125, 6.90625, 3.03125, 7], "texture": "#0"}
			}
		},
		{
			"from": [13.5, 10, 6.25],
			"to": [16.5, 15, 9.25],
			"rotation": {"angle": -45, "axis": "z", "origin": [13.25, 11.75, 7.5]},
			"faces": {
				"north": {"uv": [7.25, 4.53125, 7.34375, 4.6875], "texture": "#0"},
				"east": {"uv": [6.8125, 8.21875, 6.90625, 8.375], "texture": "#0"},
				"south": {"uv": [8.875, 2.75, 8.96875, 2.90625], "texture": "#0"},
				"west": {"uv": [8.875, 5.625, 8.96875, 5.78125], "texture": "#0"},
				"up": {"uv": [7.03125, 3.75, 6.9375, 3.65625], "texture": "#0"},
				"down": {"uv": [7.09375, 6.09375, 7, 6.1875], "texture": "#0"}
			}
		},
		{
			"from": [6.5, 9, 5.75],
			"to": [9.5, 17, 8.5],
			"rotation": {"angle": 22.5, "axis": "z", "origin": [10.75, 2, 8.5]},
			"faces": {
				"north": {"uv": [6.65625, 4.09375, 6.75, 4.34375], "texture": "#0"},
				"east": {"uv": [3.625, 8.75, 3.71875, 9], "texture": "#0"},
				"south": {"uv": [5.59375, 8.78125, 5.6875, 9.03125], "texture": "#0"},
				"west": {"uv": [8.375, 8.78125, 8.46875, 9.03125], "texture": "#0"},
				"up": {"uv": [7.125, 3.75, 7.03125, 3.65625], "texture": "#0"},
				"down": {"uv": [7.1875, 6.09375, 7.09375, 6.1875], "texture": "#0"}
			}
		},
		{
			"from": [-0.81302, 5.65568, 5.75],
			"to": [2.18698, 11.65568, 8.5],
			"rotation": {"angle": 45, "axis": "z", "origin": [0.68698, 8.65568, 7.125]},
			"faces": {
				"north": {"uv": [1.90625, 7.8125, 2, 8], "texture": "#0"},
				"east": {"uv": [8.875, 1, 8.96875, 1.1875], "texture": "#0"},
				"south": {"uv": [8.875, 1.5, 8.96875, 1.6875], "texture": "#0"},
				"west": {"uv": [1.53125, 8.875, 1.625, 9.0625], "texture": "#0"},
				"up": {"uv": [7.28125, 6.1875, 7.1875, 6.09375], "texture": "#0"},
				"down": {"uv": [7.46875, 2.09375, 7.375, 2.1875], "texture": "#0"}
			}
		},
		{
			"from": [-6, 4.5, 2.75],
			"to": [6, 13.5, 11],
			"rotation": {"angle": 22.5, "axis": "z", "origin": [11.25, 22, 26]},
			"faces": {
				"north": {"uv": [7.65625, 1.0625, 8.03125, 1.34375], "texture": "#0"},
				"east": {"uv": [6.4375, 2.9375, 6.6875, 3.21875], "texture": "#0"},
				"south": {"uv": [7.6875, 4.5, 8.0625, 4.78125], "texture": "#0"},
				"west": {"uv": [3.25, 8.03125, 3.5, 8.3125], "texture": "#0"},
				"up": {"uv": [2.21875, 5.5625, 1.84375, 5.3125], "texture": "#0"},
				"down": {"uv": [8.15625, 1.96875, 7.78125, 2.21875], "texture": "#0"}
			}
		},
		{
			"from": [-2, -6.5, 6],
			"to": [5, 5.5, 11.75],
			"rotation": {"angle": 22.5, "axis": "z", "origin": [8, 14.5, 26]},
			"faces": {
				"north": {"uv": [7.34375, 7.875, 7.5625, 8.25], "texture": "#0"},
				"east": {"uv": [4.25, 5.46875, 4.40625, 5.84375], "texture": "#0"},
				"south": {"uv": [2.65625, 7.90625, 2.875, 8.28125], "texture": "#0"},
				"west": {"uv": [2.34375, 6, 2.5, 6.375], "texture": "#0"},
				"up": {"uv": [6.71875, 1.71875, 6.5, 1.5625], "texture": "#0"},
				"down": {"uv": [7.6875, 5.9375, 7.46875, 6.09375], "texture": "#0"}
			}
		}
	],
	"display": {
		"thirdperson_righthand": {
			"rotation": [101.32, 56.43, -77.53],
			"translation": [1.5, 3.75, 4.5],
			"scale": [0.52, 0.53, 0.52]
		},
		"thirdperson_lefthand": {
			"rotation": [101.32, 56.43, -77.53],
			"translation": [1.5, 3.75, 4.5],
			"scale": [0.52, 0.53, 0.52]
		},
		"firstperson_righthand": {
			"rotation": [-28.79, -75.93, -46.21],
			"translation": [2, 6.25, 0],
			"scale": [0.58, 0.57, 0.58]
		},
		"firstperson_lefthand": {
			"rotation": [-28.79, -75.93, -46.21],
			"translation": [2, 6.25, 0],
			"scale": [0.58, 0.57, 0.58]
		},
		"ground": {
			"rotation": [31.86, 5.01, 17.54],
			"translation": [0, 13, 3.25]
		},
		"gui": {
			"rotation": [0, 0, 8.25],
			"translation": [0, 3, 0],
			"scale": [0.63, 0.63, 0.77]
		},
		"fixed": {
			"translation": [0, 5, 0]
		}
	},
	"groups": [
		{
			"name": "heart",
			"origin": [-1.5, 5, 0],
			"color": 0,
			"children": [0, 1, 2, 3, 4, 5, 6]
		}
	]
}