{"textures":{"0":"modelengine:entity/texture"},"elements":[{"from":[0.055921555,18.974812,17.932884],"to":[10.615922,28.574814,23.212885],"rotation":{"angle":-45.0,"axis":"x","origin":[4.285714,19.063835,18.268915]},"faces":{"south":{"uv":[3.8125,5.375,4.9375,6.4375],"rotation":0,"texture":"#0","tintindex":0},"north":{"uv":[5.1875,2.375,6.3125,3.4375],"rotation":0,"texture":"#0","tintindex":0},"down":{"uv":[7.5,5.5625,6.375,6.125],"rotation":0,"texture":"#0","tintindex":0},"east":{"uv":[7.3125,0.0,7.875,1.0625],"rotation":0,"texture":"#0","tintindex":0},"west":{"uv":[7.3125,1.0625,7.875,2.125],"rotation":0,"texture":"#0","tintindex":0},"up":{"uv":[1.125,4.5625,0.0,4.0],"rotation":0,"texture":"#0","tintindex":0}}},{"from":[-3.304079,19.52,9.467688],"to":[0.62734985,28.891434,16.187687],"rotation":{"angle":-22.5,"axis":"x","origin":[6.9257145,18.969288,10.5148535]},"faces":{"south":{"uv":[8.0,7.75,8.4375,8.75],"rotation":0,"texture":"#0","tintindex":0},"north":{"uv":[1.5,8.0,1.9375,9.0],"rotation":0,"texture":"#0","tintindex":0},"down":{"uv":[9.3125,6.3125,8.875,7.0625],"rotation":0,"texture":"#0","tintindex":0},"east":{"uv":[6.4375,6.875,7.1875,7.875],"rotation":0,"texture":"#0","tintindex":0},"west":{"uv":[0.0,7.0,0.75,8.0],"rotation":0,"texture":"#0","tintindex":0},"up":{"uv":[6.1875,9.625,5.75,8.875],"rotation":0,"texture":"#0","tintindex":0}}},{"from":[10.615922,19.52,9.467688],"to":[13.975922,28.891434,16.187687],"rotation":{"angle":-22.5,"axis":"x","origin":[6.9257145,18.969288,10.5148535]},"faces":{"south":{"uv":[1.9375,8.5,2.3125,9.5],"rotation":0,"texture":"#0","tintindex":0},"north":{"uv":[8.4375,8.25,8.8125,9.25],"rotation":0,"texture":"#0","tintindex":0},"down":{"uv":[9.6875,1.75,9.3125,2.5],"rotation":0,"texture":"#0","tintindex":0},"east":{"uv":[0.75,7.0,1.5,8.0],"rotation":0,"texture":"#0","tintindex":0},"west":{"uv":[1.5,7.0,2.25,8.0],"rotation":0,"texture":"#0","tintindex":0},"up":{"uv":[9.4375,10.0,9.0625,9.25],"rotation":0,"texture":"#0","tintindex":0}}},{"from":[0.26163578,15.085716,8.027687],"to":[10.981636,28.64,18.107689],"rotation":{"angle":-22.5,"axis":"x","origin":[6.9257145,18.969288,10.5148535]},"faces":{"south":{"uv":[1.5,1.5,2.6875,3.0],"rotation":0,"texture":"#0","tintindex":0},"north":{"uv":[1.5,0.0,2.6875,1.5],"rotation":0,"texture":"#0","tintindex":0},"down":{"uv":[1.1875,4.625,0.0,5.75],"rotation":0,"texture":"#0","tintindex":0},"east":{"uv":[0.0,2.5,1.125,4.0],"rotation":0,"texture":"#0","tintindex":0},"west":{"uv":[2.6875,0.0,3.8125,1.5],"rotation":0,"texture":"#0","tintindex":0},"up":{"uv":[5.1875,3.5,4.0,2.375],"rotation":0,"texture":"#0","tintindex":0}}},{"from":[-2.8240786,23.840004,15.707687],"to":[13.495922,30.559998,22.427689],"rotation":{"angle":-22.5,"axis":"x","origin":[7.885714,18.969288,10.5148535]},"faces":{"south":{"uv":[2.9375,3.875,4.75,4.625],"rotation":0,"texture":"#0","tintindex":0},"north":{"uv":[1.125,3.875,2.9375,4.625],"rotation":0,"texture":"#0","tintindex":0},"down":{"uv":[5.8125,1.625,4.0,2.375],"rotation":0,"texture":"#0","tintindex":0},"east":{"uv":[3.5625,7.3125,4.3125,8.0625],"rotation":0,"texture":"#0","tintindex":0},"west":{"uv":[7.5625,5.5625,8.3125,6.3125],"rotation":0,"texture":"#0","tintindex":0},"up":{"uv":[5.8125,1.625,4.0,0.875],"rotation":0,"texture":"#0","tintindex":0}}},{"from":[-1.8640785,28.64,9.947687],"to":[12.535922,32.0,18.107689],"rotation":{"angle":-22.5,"axis":"x","origin":[6.9257145,18.969288,10.5148535]},"faces":{"south":{"uv":[7.1875,4.375,8.75,4.75],"rotation":0,"texture":"#0","tintindex":0},"north":{"uv":[7.1875,4.0,8.75,4.375],"rotation":0,"texture":"#0","tintindex":0},"down":{"uv":[5.375,0.0,3.8125,0.875],"rotation":0,"texture":"#0","tintindex":0},"east":{"uv":[8.875,7.0625,9.75,7.4375],"rotation":0,"texture":"#0","tintindex":0},"west":{"uv":[8.9375,3.0625,9.8125,3.4375],"rotation":0,"texture":"#0","tintindex":0},"up":{"uv":[2.6875,3.875,1.125,3.0],"rotation":0,"texture":"#0","tintindex":0}}},{"from":[13.678779,22.308578,11.661973],"to":[17.701637,28.93715,13.536259],"rotation":{"angle":-22.5,"axis":"x","origin":[6.9257145,18.969288,10.5148535]},"faces":{"south":{"uv":[1.1875,9.0,1.625,9.75],"rotation":0,"texture":"#0","tintindex":0},"north":{"uv":[3.25,8.9375,3.6875,9.6875],"rotation":0,"texture":"#0","tintindex":0},"down":{"uv":[9.75,6.8125,9.3125,7.0],"rotation":0,"texture":"#0","tintindex":0},"east":{"uv":[3.625,5.625,3.8125,6.375],"rotation":0,"texture":"#0","tintindex":0},"west":{"uv":[2.0,9.5,2.1875,10.25],"rotation":0,"texture":"#0","tintindex":0},"up":{"uv":[7.5,3.3125,7.0625,3.125],"rotation":0,"texture":"#0","tintindex":0}}},{"from":[1.4959211,14.8713455,17.976156],"to":[9.175921,18.711342,22.776157],"rotation":{"angle":-45.0,"axis":"x","origin":[6.9257145,12.800369,20.472187]},"faces":{"south":{"uv":[8.625,1.3125,9.4375,1.75],"rotation":0,"texture":"#0","tintindex":0},"north":{"uv":[8.3125,5.875,9.125,6.3125],"rotation":0,"texture":"#0","tintindex":0},"down":{"uv":[9.25,7.75,8.4375,8.25],"rotation":0,"texture":"#0","tintindex":0},"east":{"uv":[9.3125,6.25,9.8125,6.6875],"rotation":0,"texture":"#0","tintindex":0},"west":{"uv":[9.375,0.0,9.875,0.4375],"rotation":0,"texture":"#0","tintindex":0},"up":{"uv":[6.3125,5.375,5.5,4.875],"rotation":0,"texture":"#0","tintindex":0}}},{"from":[-7.1783648,22.308578,11.661973],"to":[-3.155507,28.93715,13.536259],"rotation":{"angle":-22.5,"axis":"x","origin":[6.9257145,18.969288,10.5148535]},"faces":{"south":{"uv":[4.125,9.0,4.5625,9.75],"rotation":0,"texture":"#0","tintindex":0},"north":{"uv":[3.6875,9.0,4.125,9.75],"rotation":0,"texture":"#0","tintindex":0},"down":{"uv":[10.125,2.3125,9.6875,2.5],"rotation":0,"texture":"#0","tintindex":0},"east":{"uv":[3.0625,9.5,3.25,10.25],"rotation":0,"texture":"#0","tintindex":0},"west":{"uv":[9.625,3.4375,9.8125,4.1875],"rotation":0,"texture":"#0","tintindex":0},"up":{"uv":[9.9375,9.1875,9.5,9.0],"rotation":0,"texture":"#0","tintindex":0}}},{"from":[-1.4526501,15.085716,6.88483],"to":[12.124494,21.211426,18.107689],"rotation":{"angle":-22.5,"axis":"x","origin":[6.9257145,18.969288,10.5148535]},"faces":{"south":{"uv":[5.8125,1.4375,7.3125,2.125],"rotation":0,"texture":"#0","tintindex":0},"north":{"uv":[5.8125,0.75,7.3125,1.4375],"rotation":0,"texture":"#0","tintindex":0},"down":{"uv":[1.5,1.25,0.0,2.5],"rotation":0,"texture":"#0","tintindex":0},"east":{"uv":[6.375,4.875,7.625,5.5625],"rotation":0,"texture":"#0","tintindex":0},"west":{"uv":[6.4375,3.3125,7.6875,4.0],"rotation":0,"texture":"#0","tintindex":0},"up":{"uv":[1.5,1.25,0.0,0.0],"rotation":0,"texture":"#0","tintindex":0}}},{"from":[4.343693,23.39299,6.480842],"to":[6.705293,28.725555,9.743471],"rotation":{"angle":-22.5,"axis":"x","origin":[-28.515202,18.685017,19.965038]},"faces":{"south":{"uv":[5.6875,9.625,5.9375,10.1875],"rotation":0,"texture":"#0","tintindex":0},"north":{"uv":[2.625,6.25,2.875,6.8125],"rotation":0,"texture":"#0","tintindex":0},"down":{"uv":[4.0625,9.75,3.8125,10.125],"rotation":0,"texture":"#0","tintindex":0},"east":{"uv":[2.25,7.0,2.625,7.5625],"rotation":0,"texture":"#0","tintindex":0},"west":{"uv":[2.3125,9.3125,2.6875,9.875],"rotation":0,"texture":"#0","tintindex":0},"up":{"uv":[1.625,10.125,1.375,9.75],"rotation":0,"texture":"#0","tintindex":0}}},{"from":[4.343693,23.39299,5.337985],"to":[6.705293,25.868416,6.4577565],"rotation":{"angle":-22.5,"axis":"x","origin":[-28.515202,18.685017,19.965038]},"faces":{"south":{"uv":[9.8125,3.25,10.0625,3.5],"rotation":0,"texture":"#0","tintindex":0},"north":{"uv":[9.8125,3.0,10.0625,3.25],"rotation":0,"texture":"#0","tintindex":0},"down":{"uv":[7.4375,4.75,7.1875,4.875],"rotation":0,"texture":"#0","tintindex":0},"east":{"uv":[3.375,7.6875,3.5,7.9375],"rotation":0,"texture":"#0","tintindex":0},"west":{"uv":[7.8125,8.375,7.9375,8.625],"rotation":0,"texture":"#0","tintindex":0},"up":{"uv":[5.625,0.875,5.375,0.75],"rotation":0,"texture":"#0","tintindex":0}}}],"display":{"head":{"translation":[0.0,202.77017,0.0],"scale":[4.0,4.0,4.0]}}}