{
	"credit": "Made with Blockbench",
	"texture_size": [32, 32],
	"textures": {
		"1": "items/303"
	},
	"elements": [
		{
			"from": [7, 9, 6],
			"to": [9, 12, 8],
			"rotation": {"angle": 0, "axis": "y", "origin": [8, -8, 3]},
			"faces": {
				"north": {"uv": [5, 11.5, 6, 13], "texture": "#1"},
				"east": {"uv": [6, 11.5, 7, 13], "texture": "#1"},
				"south": {"uv": [7, 11.5, 8, 13], "texture": "#1"},
				"west": {"uv": [8, 11.5, 9, 13], "texture": "#1"},
				"up": {"uv": [14.5, 8.5, 13.5, 7.5], "texture": "#1"},
				"down": {"uv": [1, 14, 0, 15], "texture": "#1"}
			}
		},
		{
			"from": [3, 4.2, 17.8],
			"to": [13, 12.2, 19.8],
			"rotation": {"angle": -22.5, "axis": "x", "origin": [8, -8, 3]},
			"faces": {
				"north": {"uv": [5, 0, 10, 4], "texture": "#1"},
				"east": {"uv": [10, 11, 11, 15], "texture": "#1"},
				"south": {"uv": [5, 4, 10, 8], "texture": "#1"},
				"west": {"uv": [11, 11, 12, 15], "texture": "#1"},
				"up": {"uv": [15, 10, 10, 9], "texture": "#1"},
				"down": {"uv": [15, 10, 10, 11], "texture": "#1"}
			}
		},
		{
			"from": [7, 9, 9],
			"to": [9, 12, 11],
			"rotation": {"angle": 0, "axis": "y", "origin": [8, -8, 3]},
			"faces": {
				"north": {"uv": [9, 11.5, 10, 13], "texture": "#1"},
				"east": {"uv": [12, 11, 13, 12.5], "texture": "#1"},
				"south": {"uv": [0, 12.5, 1, 14], "texture": "#1"},
				"west": {"uv": [1, 12.5, 2, 14], "texture": "#1"},
				"up": {"uv": [2, 15, 1, 14], "texture": "#1"},
				"down": {"uv": [3, 14, 2, 15], "texture": "#1"}
			}
		},
		{
			"from": [3, 0, 5],
			"to": [13, 9, 12],
			"rotation": {"angle": 0, "axis": "y", "origin": [8, -8, 3]},
			"faces": {
				"north": {"uv": [0, 0, 5, 4.5], "texture": "#1"},
				"east": {"uv": [10, 0, 13.5, 4.5], "texture": "#1"},
				"south": {"uv": [0, 4.5, 5, 9], "texture": "#1"},
				"west": {"uv": [10, 4.5, 13.5, 9], "texture": "#1"},
				"up": {"uv": [10, 11.5, 5, 8], "texture": "#1"},
				"down": {"uv": [5, 9, 0, 12.5], "texture": "#1"}
			}
		},
		{
			"from": [4, 9, 9],
			"to": [6, 12, 11],
			"rotation": {"angle": 0, "axis": "y", "origin": [8, -8, 3]},
			"faces": {
				"north": {"uv": [2, 12.5, 3, 14], "texture": "#1"},
				"east": {"uv": [3, 12.5, 4, 14], "texture": "#1"},
				"south": {"uv": [4, 12.5, 5, 14], "texture": "#1"},
				"west": {"uv": [12, 12.5, 13, 14], "texture": "#1"},
				"up": {"uv": [4, 15, 3, 14], "texture": "#1"},
				"down": {"uv": [5, 14, 4, 15], "texture": "#1"}
			}
		},
		{
			"from": [10, 9, 9],
			"to": [12, 12, 11],
			"rotation": {"angle": 0, "axis": "y", "origin": [8, -8, 3]},
			"faces": {
				"north": {"uv": [5, 13, 6, 14.5], "texture": "#1"},
				"east": {"uv": [6, 13, 7, 14.5], "texture": "#1"},
				"south": {"uv": [7, 13, 8, 14.5], "texture": "#1"},
				"west": {"uv": [8, 13, 9, 14.5], "texture": "#1"},
				"up": {"uv": [15, 12, 14, 11], "texture": "#1"},
				"down": {"uv": [13, 14, 12, 15], "texture": "#1"}
			}
		},
		{
			"from": [10, 9, 6],
			"to": [12, 12, 8],
			"rotation": {"angle": 0, "axis": "y", "origin": [8, -8, 3]},
			"faces": {
				"north": {"uv": [9, 13, 10, 14.5], "texture": "#1"},
				"east": {"uv": [13, 11, 14, 12.5], "texture": "#1"},
				"south": {"uv": [13, 12.5, 14, 14], "texture": "#1"},
				"west": {"uv": [13.5, 0, 14.5, 1.5], "texture": "#1"},
				"up": {"uv": [15, 13, 14, 12], "texture": "#1"},
				"down": {"uv": [14, 14, 13, 15], "texture": "#1"}
			}
		},
		{
			"from": [4, 9, 6],
			"to": [6, 12, 8],
			"rotation": {"angle": 0, "axis": "y", "origin": [8, -8, 3]},
			"faces": {
				"north": {"uv": [13.5, 1.5, 14.5, 3], "texture": "#1"},
				"east": {"uv": [13.5, 3, 14.5, 4.5], "texture": "#1"},
				"south": {"uv": [13.5, 4.5, 14.5, 6], "texture": "#1"},
				"west": {"uv": [13.5, 6, 14.5, 7.5], "texture": "#1"},
				"up": {"uv": [15, 14, 14, 13], "texture": "#1"},
				"down": {"uv": [15, 14, 14, 15], "texture": "#1"}
			}
		}
	],
	"display": {
		"thirdperson_righthand": {
			"translation": [0, 0, -1.5],
			"scale": [0.4, 0.4, 0.4]
		},
		"thirdperson_lefthand": {
			"translation": [0, 0, -1.5],
			"scale": [0.4, 0.4, 0.4]
		},
		"firstperson_righthand": {
			"rotation": [3.95, 31.24, 3.55],
			"translation": [2.25, 3.5, 0],
			"scale": [0.4, 0.4, 0.4]
		},
		"firstperson_lefthand": {
			"rotation": [0, 22, 0],
			"translation": [1, 3, 0.5],
			"scale": [0.4, 0.4, 0.4]
		},
		"ground": {
			"translation": [0, 1.75, 0],
			"scale": [0.7, 0.7, 0.7]
		},
		"gui": {
			"rotation": [-161.01, 52.01, 180],
			"translation": [0, -0.25, 0],
			"scale": [0.75, 0.75, 0.75]
		},
		"head": {
			"translation": [0, 12.75, -2]
		},
		"fixed": {
			"translation": [0, 0, -3.25]
		}
	},
	"groups": [
		{
			"name": "group",
			"origin": [0, 0, 0],
			"color": 0,
			"nbt": "{}",
			"armAnimationEnabled": false,
			"children": [0, 1, 2, 3, 4, 5, 6, 7]
		}
	]
}