{
	"credit": "Made with Blockbench",
	"textures": {
		"2": "items/arisaka",
		"particle": "items/arisaka"
	},
	"elements": [
		{
			"from": [6, 0, 5],
			"to": [10, 2, 11],
			"faces": {
				"north": {"uv": [0, 8, 4, 10], "texture": "#2"},
				"east": {"uv": [0, 6, 6, 8], "texture": "#2"},
				"south": {"uv": [8, 0, 12, 2], "texture": "#2"},
				"west": {"uv": [6, 6, 12, 8], "texture": "#2"},
				"up": {"uv": [4, 6, 0, 0], "texture": "#2"},
				"down": {"uv": [8, 0, 4, 6], "texture": "#2"}
			}
		}
	],
	"display": {
		"thirdperson_righthand": {
			"translation": [0, 7.5, 0]
		},
		"thirdperson_lefthand": {
			"translation": [0, 7, 0]
		},
		"firstperson_righthand": {
			"rotation": [90, 0, 0],
			"translation": [0, 3, 7.75]
		},
		"ground": {
			"translation": [0, 4, 0]
		},
		"gui": {
			"rotation": [90, 0, 0],
			"scale": [1.66797, 1, 1.76563]
		}
	}
}