{
	"credit": "Made with Blockbench",
	"textures": {
		"0": "items/ammo/rpg7"
	},
	"elements": [
		{
			"from": [6, 0, 2],
			"to": [9, 3, 11],
			"rotation": {"angle": 0, "axis": "y", "origin": [8, 0, 8]},
			"faces": {
				"north": {"uv": [8, 10, 11, 13], "texture": "#0"},
				"east": {"uv": [0, 0, 9, 3], "texture": "#0"},
				"south": {"uv": [11, 0, 14, 3], "texture": "#0"},
				"west": {"uv": [0, 3, 9, 6], "texture": "#0"},
				"up": {"uv": [3, 15, 0, 6], "texture": "#0"},
				"down": {"uv": [6, 6, 3, 15], "texture": "#0"}
			}
		},
		{
			"from": [6.5, 0.5, 11],
			"to": [8.5, 2.5, 17],
			"rotation": {"angle": 0, "axis": "y", "origin": [8, 0, 8]},
			"faces": {
				"north": {"uv": [11, 3, 13, 5], "texture": "#0"},
				"east": {"uv": [6, 6, 12, 8], "texture": "#0"},
				"south": {"uv": [11, 10, 13, 12], "texture": "#0"},
				"west": {"uv": [6, 8, 12, 10], "texture": "#0"},
				"up": {"uv": [11, 6, 9, 0], "texture": "#0"},
				"down": {"uv": [8, 10, 6, 16], "texture": "#0"}
			}
		}
	],
	"display": {
		"thirdperson_righthand": {
			"rotation": [104, 0, 0],
			"translation": [0.5, -1.5, 6.75]
		},
		"thirdperson_lefthand": {
			"rotation": [104, 0, 0],
			"translation": [-0.5, -2.75, 6]
		},
		"firstperson_righthand": {
			"rotation": [45, 0, 0],
			"translation": [0, 0.5, 0]
		},
		"firstperson_lefthand": {
			"rotation": [48, 0, 0],
			"translation": [0, -0.5, 0]
		},
		"ground": {
			"translation": [0, 4.5, 0]
		},
		"gui": {
			"rotation": [90, 45, 0],
			"translation": [-0.75, 1.25, 0]
		},
		"fixed": {
			"translation": [0, 6, 0]
		}
	}
}